patient_id,source,arm,model,held_out,split,postprocessed,image_size,seed,pred_empty,dice,iou,hd95,assd
jsrt/JPCNN093,jsrt,unet,unet,shenzhen,id_test,False,512,42,False,0.9714908038317964,0.9445620976955443,7.0710678118654755,2.209617661648584
jsrt/JPCNN093,jsrt,unet,unet,shenzhen,id_test,True,512,42,False,0.9714908038317964,0.9445620976955443,7.0710678118654755,2.209617661648584
jsrt/JPCLN132,jsrt,unet,unet,shenzhen,id_test,False,512,42,False,0.9772712490333957,0.9555527290200402,6.324555320336759,1.8040063527047123
jsrt/JPCLN132,jsrt,unet,unet,shenzhen,id_test,True,512,42,False,0.9772712490333957,0.9555527290200402,6.324555320336759,1.8040063527047123
jsrt/JPCLN071,jsrt,unet,unet,shenzhen,id_test,False,512,42,False,0.9852032967441308,0.970838093564168,3.0,1.0481249247531323
jsrt/JPCLN071,jsrt,unet,unet,shenzhen,id_test,True,512,42,False,0.9852032967441308,0.970838093564168,3.0,1.0481249247531323
jsrt/JPCLN008,jsrt,unet,unet,shenzhen,id_test,False,512,42,False,0.9819636872905517,0.9645664649005581,5.830951894845301,1.6452249953040758
jsrt/JPCLN008,jsrt,unet,unet,shenzhen,id_test,True,512,42,False,0.9819636872905517,0.9645664649005581,5.830951894845301,1.6452249953040758
jsrt/JPCLN129,jsrt,unet,unet,shenzhen,id_test,False,512,42,False,0.9837144310047331,0.9679508014437963,5.0,1.570070578672628
jsrt/JPCLN129,jsrt,unet,unet,shenzhen,id_test,True,512,42,False,0.9837144310047331,0.9679508014437963,5.0,1.570070578672628
jsrt/JPCNN060,jsrt,unet,unet,shenzhen,id_test,False,512,42,False,0.9713316490528888,0.9442612365380624,8.06225774829855,2.360367159859326
jsrt/JPCNN060,jsrt,unet,unet,shenzhen,id_test,True,512,42,False,0.9713316490528888,0.9442612365380624,8.06225774829855,2.360367159859326
jsrt/JPCLN131,jsrt,unet,unet,shenzhen,id_test,False,512,42,False,0.9700225196681518,0.9417900276379055,6.324555320336759,1.923619001501808
jsrt/JPCLN131,jsrt,unet,unet,shenzhen,id_test,True,512,42,False,0.9700225196681518,0.9417900276379055,6.324555320336759,1.923619001501808
jsrt/JPCNN008,jsrt,unet,unet,shenzhen,id_test,False,512,42,False,0.9799188220306343,0.9606282746842943,4.47213595499958,1.6029058860919714
jsrt/JPCNN008,jsrt,unet,unet,shenzhen,id_test,True,512,42,False,0.9799188220306343,0.9606282746842943,4.47213595499958,1.6029058860919714
jsrt/JPCLN102,jsrt,unet,unet,shenzhen,id_test,False,512,42,False,0.9840959034580369,0.9686897678706109,4.123105625617661,1.3931722098481247
jsrt/JPCLN102,jsrt,unet,unet,shenzhen,id_test,True,512,42,False,0.9840959034580369,0.9686897678706109,4.123105625617661,1.3931722098481247
jsrt/JPCLN025,jsrt,unet,unet,shenzhen,id_test,False,512,42,False,0.9795977405258911,0.960011340067742,4.47213595499958,1.462240624798354
jsrt/JPCLN025,jsrt,unet,unet,shenzhen,id_test,True,512,42,False,0.9795977405258911,0.960011340067742,4.47213595499958,1.462240624798354
jsrt/JPCLN090,jsrt,unet,unet,shenzhen,id_test,False,512,42,False,0.9784918049158022,0.9578893342457718,6.324555320336759,1.8561449220012032
jsrt/JPCLN090,jsrt,unet,unet,shenzhen,id_test,True,512,42,False,0.9784918049158022,0.9578893342457718,6.324555320336759,1.8561449220012032
jsrt/JPCNN053,jsrt,unet,unet,shenzhen,id_test,False,512,42,False,0.9676037995452906,0.9372407600096926,8.0,2.463834491254652
jsrt/JPCNN053,jsrt,unet,unet,shenzhen,id_test,True,512,42,False,0.9676037995452906,0.9372407600096926,8.0,2.463834491254652
jsrt/JPCLN108,jsrt,unet,unet,shenzhen,id_test,False,512,42,False,0.9731751543984316,0.9477518571614753,7.615773105863909,2.0268758754939533
jsrt/JPCLN108,jsrt,unet,unet,shenzhen,id_test,True,512,42,False,0.9736181493208732,0.9485925230231406,9.104632933884051,2.0897974886685224
jsrt/JPCLN052,jsrt,unet,unet,shenzhen,id_test,False,512,42,False,0.9743228454172367,0.9499313122690959,8.983281572999738,1.9940377954630686
jsrt/JPCLN052,jsrt,unet,unet,shenzhen,id_test,True,512,42,False,0.9743228454172367,0.9499313122690959,8.983281572999738,1.9940377954630686
jsrt/JPCNN025,jsrt,unet,unet,shenzhen,id_test,False,512,42,False,0.9793132513401416,0.9594650392257571,6.0,2.0248529026590822
jsrt/JPCNN025,jsrt,unet,unet,shenzhen,id_test,True,512,42,False,0.9793132513401416,0.9594650392257571,6.0,2.0248529026590822
jsrt/JPCLN136,jsrt,unet,unet,shenzhen,id_test,False,512,42,False,0.9835638271379477,0.9676592130408507,3.605551275463989,1.1521319386974
jsrt/JPCLN136,jsrt,unet,unet,shenzhen,id_test,True,512,42,False,0.9835638271379477,0.9676592130408507,3.605551275463989,1.1521319386974
jsrt/JPCLN038,jsrt,unet,unet,shenzhen,id_test,False,512,42,False,0.9762985605766819,0.9536946251894108,5.0,1.631945487202797
jsrt/JPCLN038,jsrt,unet,unet,shenzhen,id_test,True,512,42,False,0.9762985605766819,0.9536946251894108,5.0,1.631945487202797
jsrt/JPCLN099,jsrt,unet,unet,shenzhen,id_test,False,512,42,False,0.9782842264588938,0.9574915566472214,4.47213595499958,1.555821777129545
jsrt/JPCLN099,jsrt,unet,unet,shenzhen,id_test,True,512,42,False,0.9782842264588938,0.9574915566472214,4.47213595499958,1.555821777129545
jsrt/JPCNN035,jsrt,unet,unet,shenzhen,id_test,False,512,42,False,0.9604457383796807,0.9239014968614196,18.83211164788743,3.3163298157624856
jsrt/JPCNN035,jsrt,unet,unet,shenzhen,id_test,True,512,42,False,0.9604457383796807,0.9239014968614196,18.83211164788743,3.3163298157624856
jsrt/JPCLN109,jsrt,unet,unet,shenzhen,id_test,False,512,42,False,0.9739107013871035,0.9491480933517873,6.708203932499369,2.060231364837945
jsrt/JPCLN109,jsrt,unet,unet,shenzhen,id_test,True,512,42,False,0.9739107013871035,0.9491480933517873,6.708203932499369,2.060231364837945
jsrt/JPCLN122,jsrt,unet,unet,shenzhen,id_test,False,512,42,False,0.9832833055624064,0.9671163175955508,5.0,1.3715871817070537
jsrt/JPCLN122,jsrt,unet,unet,shenzhen,id_test,True,512,42,False,0.9832833055624064,0.9671163175955508,5.0,1.3715871817070537
jsrt/JPCLN027,jsrt,unet,unet,shenzhen,id_test,False,512,42,False,0.9832280192023068,0.9670093568382266,4.0,1.4346284040823905
jsrt/JPCLN027,jsrt,unet,unet,shenzhen,id_test,True,512,42,False,0.9832280192023068,0.9670093568382266,4.0,1.4346284040823905
jsrt/JPCLN021,jsrt,unet,unet,shenzhen,id_test,False,512,42,False,0.9829509021939102,0.9664734026255627,4.0,1.3875521930881243
jsrt/JPCLN021,jsrt,unet,unet,shenzhen,id_test,True,512,42,False,0.9829509021939102,0.9664734026255627,4.0,1.3875521930881243
jsrt/JPCNN033,jsrt,unet,unet,shenzhen,id_test,False,512,42,False,0.9792196241414712,0.9592853147454928,5.0,1.752574224774106
jsrt/JPCNN033,jsrt,unet,unet,shenzhen,id_test,True,512,42,False,0.9792196241414712,0.9592853147454928,5.0,1.752574224774106
jsrt/JPCNN091,jsrt,unet,unet,shenzhen,id_test,False,512,42,False,0.9757123937283718,0.9525765886008634,7.211102550927978,2.112486436125772
jsrt/JPCNN091,jsrt,unet,unet,shenzhen,id_test,True,512,42,False,0.9757123937283718,0.9525765886008634,7.211102550927978,2.112486436125772
jsrt/JPCLN076,jsrt,unet,unet,shenzhen,id_test,False,512,42,False,0.9697579057667731,0.9412912859948028,9.433981132056603,2.3483777783725626
jsrt/JPCLN076,jsrt,unet,unet,shenzhen,id_test,True,512,42,False,0.9697579057667731,0.9412912859948028,9.433981132056603,2.3483777783725626
jsrt/JPCLN128,jsrt,unet,unet,shenzhen,id_test,False,512,42,False,0.9763082366817377,0.9537130918364212,6.0,1.697609007124297
jsrt/JPCLN128,jsrt,unet,unet,shenzhen,id_test,True,512,42,False,0.9763082366817377,0.9537130918364212,6.0,1.697609007124297
jsrt/JPCLN034,jsrt,unet,unet,shenzhen,id_test,False,512,42,False,0.9811682828851419,0.9630327230719004,4.0,1.449504063498005
jsrt/JPCLN034,jsrt,unet,unet,shenzhen,id_test,True,512,42,False,0.9811682828851419,0.9630327230719004,4.0,1.449504063498005
jsrt/JPCLN009,jsrt,unet,unet,shenzhen,id_test,False,512,42,False,0.9706842933912795,0.943038454731626,10.0,2.2953909930299763
jsrt/JPCLN009,jsrt,unet,unet,shenzhen,id_test,True,512,42,False,0.9706842933912795,0.943038454731626,10.0,2.2953909930299763
jsrt/JPCLN145,jsrt,unet,unet,shenzhen,id_test,False,512,42,False,0.9781445083132456,0.9572239091250015,8.845584412271478,1.9634823702666677
jsrt/JPCLN145,jsrt,unet,unet,shenzhen,id_test,True,512,42,False,0.9781445083132456,0.9572239091250015,8.845584412271478,1.9634823702666677
jsrt/JPCLN148,jsrt,unet,unet,shenzhen,id_test,False,512,42,False,0.9775609642374224,0.9561068484717202,6.082762530298219,1.9565050909731914
jsrt/JPCLN148,jsrt,unet,unet,shenzhen,id_test,True,512,42,False,0.9775609642374224,0.9561068484717202,6.082762530298219,1.9565050909731914
jsrt/JPCLN026,jsrt,unet,unet,shenzhen,id_test,False,512,42,False,0.983087487283825,0.9667375265724647,4.0,1.389452505723614
jsrt/JPCLN026,jsrt,unet,unet,shenzhen,id_test,True,512,42,False,0.983087487283825,0.9667375265724647,4.0,1.389452505723614
jsrt/JPCLN105,jsrt,unet,unet,shenzhen,id_test,False,512,42,False,0.9834835660107728,0.9675038524966882,4.0,1.2567117782114112
jsrt/JPCLN105,jsrt,unet,unet,shenzhen,id_test,True,512,42,False,0.9834835660107728,0.9675038524966882,4.0,1.2567117782114112
jsrt/JPCLN030,jsrt,unet,unet,shenzhen,id_test,False,512,42,False,0.9684130860072255,0.9387605376448277,9.848857801796104,2.6036452657123834
jsrt/JPCLN030,jsrt,unet,unet,shenzhen,id_test,True,512,42,False,0.9684130860072255,0.9387605376448277,9.848857801796104,2.6036452657123834
jsrt/JPCNN056,jsrt,unet,unet,shenzhen,id_test,False,512,42,False,0.9819122848896509,0.9644672755757815,4.242640687119285,1.572067588941262
jsrt/JPCNN056,jsrt,unet,unet,shenzhen,id_test,True,512,42,False,0.9819122848896509,0.9644672755757815,4.242640687119285,1.572067588941262
jsrt/JPCLN010,jsrt,unet,unet,shenzhen,id_test,False,512,42,False,0.9540556253001592,0.9121475753181891,35.97079384260973,4.291867068089164
jsrt/JPCLN010,jsrt,unet,unet,shenzhen,id_test,True,512,42,False,0.9540556253001592,0.9121475753181891,35.97079384260973,4.291867068089164
jsrt/JPCNN020,jsrt,unet,unet,shenzhen,id_test,False,512,42,False,0.9827264819187275,0.9660395797703396,4.47213595499958,1.6037461093260843
jsrt/JPCNN020,jsrt,unet,unet,shenzhen,id_test,True,512,42,False,0.9827264819187275,0.9660395797703396,4.47213595499958,1.6037461093260843
montgomery/MCUCXR_0082_0,montgomery,unet,unet,shenzhen,id_test,False,512,42,False,0.9802743911571759,0.9613119280877752,5.385164807134504,1.5880305350384776
montgomery/MCUCXR_0082_0,montgomery,unet,unet,shenzhen,id_test,True,512,42,False,0.9802743911571759,0.9613119280877752,5.385164807134504,1.5880305350384776
montgomery/MCUCXR_0079_0,montgomery,unet,unet,shenzhen,id_test,False,512,42,False,0.9828702989711163,0.9663175679334582,5.0,1.5134210484320256
montgomery/MCUCXR_0079_0,montgomery,unet,unet,shenzhen,id_test,True,512,42,False,0.9828702989711163,0.9663175679334582,5.0,1.5134210484320256
montgomery/MCUCXR_0390_1,montgomery,unet,unet,shenzhen,id_test,False,512,42,False,0.9784913353720693,0.9578884342879952,5.0,1.6791006764741137
montgomery/MCUCXR_0390_1,montgomery,unet,unet,shenzhen,id_test,True,512,42,False,0.9784913353720693,0.9578884342879952,5.0,1.6791006764741137
montgomery/MCUCXR_0001_0,montgomery,unet,unet,shenzhen,id_test,False,512,42,False,0.9775861386921951,0.9561550128455134,6.0,1.8865288606031643
montgomery/MCUCXR_0001_0,montgomery,unet,unet,shenzhen,id_test,True,512,42,False,0.9777408506429278,0.9564510635662755,5.830951894845301,1.763569378995969
montgomery/MCUCXR_0251_1,montgomery,unet,unet,shenzhen,id_test,False,512,42,False,0.9297237569060773,0.8686764402230023,81.91876061431529,7.893387287477809
montgomery/MCUCXR_0251_1,montgomery,unet,unet,shenzhen,id_test,True,512,42,False,0.9410256630849041,0.8886198940629773,22.0022504019117,3.9030310086086333
montgomery/MCUCXR_0173_1,montgomery,unet,unet,shenzhen,id_test,False,512,42,False,0.9695236483628057,0.9408499737256962,10.853323061113542,2.5238954251154984
montgomery/MCUCXR_0173_1,montgomery,unet,unet,shenzhen,id_test,True,512,42,False,0.9695236483628057,0.9408499737256962,10.853323061113542,2.5238954251154984
montgomery/MCUCXR_0348_1,montgomery,unet,unet,shenzhen,id_test,False,512,42,False,0.9356705007231904,0.8791173234970556,15.528990929037684,3.8345687875449044
montgomery/MCUCXR_0348_1,montgomery,unet,unet,shenzhen,id_test,True,512,42,False,0.9356705007231904,0.8791173234970556,15.528990929037684,3.8345687875449044
montgomery/MCUCXR_0092_0,montgomery,unet,unet,shenzhen,id_test,False,512,42,False,0.9792681776743893,0.9593785128039297,5.830951894845301,1.5282031724372458
montgomery/MCUCXR_0092_0,montgomery,unet,unet,shenzhen,id_test,True,512,42,False,0.9792681776743893,0.9593785128039297,5.830951894845301,1.5282031724372458
montgomery/MCUCXR_0188_1,montgomery,unet,unet,shenzhen,id_test,False,512,42,False,0.9701949120436079,0.9421150889523391,9.0,2.8159603968110374
montgomery/MCUCXR_0188_1,montgomery,unet,unet,shenzhen,id_test,True,512,42,False,0.9702552618781031,0.9422289097079595,9.0,2.793240088248437
montgomery/MCUCXR_0195_1,montgomery,unet,unet,shenzhen,id_test,False,512,42,False,0.9821970154056554,0.9650168355490918,5.0,1.3820179721437273
montgomery/MCUCXR_0195_1,montgomery,unet,unet,shenzhen,id_test,True,512,42,False,0.9821970154056554,0.9650168355490918,5.0,1.3820179721437273
montgomery/MCUCXR_0100_0,montgomery,unet,unet,shenzhen,id_test,False,512,42,False,0.9882079556607586,0.9766907747393048,3.0,0.9751187901094677
montgomery/MCUCXR_0100_0,montgomery,unet,unet,shenzhen,id_test,True,512,42,False,0.9882079556607586,0.9766907747393048,3.0,0.9751187901094677
montgomery/MCUCXR_0194_1,montgomery,unet,unet,shenzhen,id_test,False,512,42,False,0.9779577510143621,0.9568662665217322,6.0579337712087575,1.6881425936529721
montgomery/MCUCXR_0194_1,montgomery,unet,unet,shenzhen,id_test,True,512,42,False,0.9779577510143621,0.9568662665217322,6.0579337712087575,1.6881425936529721
montgomery/MCUCXR_0077_0,montgomery,unet,unet,shenzhen,id_test,False,512,42,False,0.978391474225216,0.9576970527758739,3.605551275463989,1.212416125072411
montgomery/MCUCXR_0077_0,montgomery,unet,unet,shenzhen,id_test,True,512,42,False,0.978391474225216,0.9576970527758739,3.605551275463989,1.212416125072411
montgomery/MCUCXR_0061_0,montgomery,unet,unet,shenzhen,id_test,False,512,42,False,0.9822059644119289,0.9650341130604289,2.8284271247461903,0.9111811694287679
montgomery/MCUCXR_0061_0,montgomery,unet,unet,shenzhen,id_test,True,512,42,False,0.9822059644119289,0.9650341130604289,2.8284271247461903,0.9111811694287679
montgomery/MCUCXR_0338_1,montgomery,unet,unet,shenzhen,id_test,False,512,42,False,0.9811745122712455,0.9630447256070876,6.082762530298219,1.7998614362224883
montgomery/MCUCXR_0338_1,montgomery,unet,unet,shenzhen,id_test,True,512,42,False,0.9811745122712455,0.9630447256070876,6.082762530298219,1.7998614362224883
montgomery/MCUCXR_0103_0,montgomery,unet,unet,shenzhen,id_test,False,512,42,False,0.9844486674513568,0.9693736159852889,5.0,1.2245438160333957
montgomery/MCUCXR_0103_0,montgomery,unet,unet,shenzhen,id_test,True,512,42,False,0.9844486674513568,0.9693736159852889,5.0,1.2245438160333957
montgomery/MCUCXR_0060_0,montgomery,unet,unet,shenzhen,id_test,False,512,42,False,0.9673775216138328,0.936816253628042,7.9525624189766635,1.5666492336081688
montgomery/MCUCXR_0060_0,montgomery,unet,unet,shenzhen,id_test,True,512,42,False,0.9673775216138328,0.936816253628042,7.9525624189766635,1.5666492336081688
montgomery/MCUCXR_0052_0,montgomery,unet,unet,shenzhen,id_test,False,512,42,False,0.9784369741321959,0.9577842476248851,4.47213595499958,1.331118675903335
montgomery/MCUCXR_0052_0,montgomery,unet,unet,shenzhen,id_test,True,512,42,False,0.9784369741321959,0.9577842476248851,4.47213595499958,1.331118675903335
montgomery/MCUCXR_0080_0,montgomery,unet,unet,shenzhen,id_test,False,512,42,False,0.9721921881335316,0.9458890824813438,5.0,1.4140375034377461
montgomery/MCUCXR_0080_0,montgomery,unet,unet,shenzhen,id_test,True,512,42,False,0.9721921881335316,0.9458890824813438,5.0,1.4140375034377461
montgomery/MCUCXR_0393_1,montgomery,unet,unet,shenzhen,id_test,False,512,42,False,0.9815791032399455,0.9638245899732465,5.0,1.5234671607626937
montgomery/MCUCXR_0393_1,montgomery,unet,unet,shenzhen,id_test,True,512,42,False,0.9815791032399455,0.9638245899732465,5.0,1.5234671607626937
montgomery/MCUCXR_0213_1,montgomery,unet,unet,shenzhen,id_test,False,512,42,False,0.9770845631082656,0.9551958332716808,7.211102550927978,1.7200468005782454
montgomery/MCUCXR_0213_1,montgomery,unet,unet,shenzhen,id_test,True,512,42,False,0.9770845631082656,0.9551958332716808,7.211102550927978,1.7200468005782454
shenzhen/CHNCXR_0001_0,shenzhen,unet,unet,shenzhen,ood_test,False,512,42,False,0.8907055419165971,0.8029477975176442,55.03406335188006,7.665822719827255
shenzhen/CHNCXR_0001_0,shenzhen,unet,unet,shenzhen,ood_test,True,512,42,False,0.8907882080963871,0.8030821657310635,55.03406335188006,7.4686894723721045
shenzhen/CHNCXR_0002_0,shenzhen,unet,unet,shenzhen,ood_test,False,512,42,False,0.8567288938422959,0.7493663482160265,74.96231361673769,11.296975664645972
shenzhen/CHNCXR_0002_0,shenzhen,unet,unet,shenzhen,ood_test,True,512,42,False,0.8568721435737376,0.7495855680156022,74.96231361673769,10.542415237791058
shenzhen/CHNCXR_0003_0,shenzhen,unet,unet,shenzhen,ood_test,False,512,42,False,0.8709171858309097,0.7713492534839717,130.6942675126967,23.269363451294122
shenzhen/CHNCXR_0003_0,shenzhen,unet,unet,shenzhen,ood_test,True,512,42,False,0.9259375932619293,0.8620891928188821,38.47076812334269,5.483485897007104
shenzhen/CHNCXR_0004_0,shenzhen,unet,unet,shenzhen,ood_test,False,512,42,False,0.9567288471516915,0.9170471593503359,11.47749066592344,4.252027371866422
shenzhen/CHNCXR_0004_0,shenzhen,unet,unet,shenzhen,ood_test,True,512,42,False,0.9573640441595805,0.9182150671064233,10.0,3.0092229854827655
shenzhen/CHNCXR_0005_0,shenzhen,unet,unet,shenzhen,ood_test,False,512,42,False,0.9491458053437846,0.9032136048657972,125.17621568111463,7.843768564573674
shenzhen/CHNCXR_0005_0,shenzhen,unet,unet,shenzhen,ood_test,True,512,42,False,0.9516802703736769,0.9078148998616159,10.0,3.709107971975527
shenzhen/CHNCXR_0006_0,shenzhen,unet,unet,shenzhen,ood_test,False,512,42,False,0.944258620982393,0.8944033451270506,40.049547692082,5.748923072597614
shenzhen/CHNCXR_0006_0,shenzhen,unet,unet,shenzhen,ood_test,True,512,42,False,0.9446997171710309,0.895195171026157,40.049547692082,4.796621672234411
shenzhen/CHNCXR_0007_0,shenzhen,unet,unet,shenzhen,ood_test,False,512,42,False,0.8358777919650623,0.718032682647676,78.07987379454721,12.548562097785192
shenzhen/CHNCXR_0007_0,shenzhen,unet,unet,shenzhen,ood_test,True,512,42,False,0.8358777919650623,0.718032682647676,78.07987379454721,12.548562097785192
shenzhen/CHNCXR_0008_0,shenzhen,unet,unet,shenzhen,ood_test,False,512,42,False,0.9573980864281504,0.9182776992497553,8.043580423808987,2.731039038759141
shenzhen/CHNCXR_0008_0,shenzhen,unet,unet,shenzhen,ood_test,True,512,42,False,0.9573980864281504,0.9182776992497553,8.043580423808987,2.731039038759141
shenzhen/CHNCXR_0009_0,shenzhen,unet,unet,shenzhen,ood_test,False,512,42,False,0.9331719579182571,0.8747163751876287,70.11419257183242,8.37927364038769
shenzhen/CHNCXR_0009_0,shenzhen,unet,unet,shenzhen,ood_test,True,512,42,False,0.9336152534952822,0.8754956937966214,70.11419257183242,7.370739188530628
shenzhen/CHNCXR_0010_0,shenzhen,unet,unet,shenzhen,ood_test,False,512,42,False,0.9364023668639053,0.8804103522709571,70.72183507127797,8.426919768787245
shenzhen/CHNCXR_0010_0,shenzhen,unet,unet,shenzhen,ood_test,True,512,42,False,0.9444272039340192,0.8947058956557136,10.12395732415323,3.4442174473899807
shenzhen/CHNCXR_0011_0,shenzhen,unet,unet,shenzhen,ood_test,False,512,42,False,0.9575070821529745,0.9184782608695652,11.180339887498949,2.9807229629106615
shenzhen/CHNCXR_0011_0,shenzhen,unet,unet,shenzhen,ood_test,True,512,42,False,0.957161784189607,0.9178430265386787,12.649110640673518,3.0420579139110164
shenzhen/CHNCXR_0012_0,shenzhen,unet,unet,shenzhen,ood_test,False,512,42,False,0.888358713582637,0.7991415256315919,123.0235737442607,22.826200229862266
shenzhen/CHNCXR_0012_0,shenzhen,unet,unet,shenzhen,ood_test,True,512,42,False,0.9498556893385033,0.9045001526887093,14.212670403551895,4.013836873989153
shenzhen/CHNCXR_0013_0,shenzhen,unet,unet,shenzhen,ood_test,False,512,42,False,0.9113896015208284,0.8372045708860331,50.18189711465597,6.7110751059765965
shenzhen/CHNCXR_0013_0,shenzhen,unet,unet,shenzhen,ood_test,True,512,42,False,0.9113896015208284,0.8372045708860331,50.18189711465597,6.7110751059765965
shenzhen/CHNCXR_0014_0,shenzhen,unet,unet,shenzhen,ood_test,False,512,42,False,0.9252348603843806,0.8608716698006069,41.715546940477054,5.508010398474478
shenzhen/CHNCXR_0014_0,shenzhen,unet,unet,shenzhen,ood_test,True,512,42,False,0.9252348603843806,0.8608716698006069,41.715546940477054,5.508010398474478
shenzhen/CHNCXR_0015_0,shenzhen,unet,unet,shenzhen,ood_test,False,512,42,False,0.8916974404686108,0.8045613833515253,162.08516969102033,22.55387292822385
shenzhen/CHNCXR_0015_0,shenzhen,unet,unet,shenzhen,ood_test,True,512,42,False,0.9522514406160227,0.9088549271553262,32.83498844375267,4.248752180811715
shenzhen/CHNCXR_0016_0,shenzhen,unet,unet,shenzhen,ood_test,False,512,42,False,0.9081842299483375,0.8318108740134463,52.0,6.606096726108433
shenzhen/CHNCXR_0016_0,shenzhen,unet,unet,shenzhen,ood_test,True,512,42,False,0.9081842299483375,0.8318108740134463,52.0,6.606096726108433
shenzhen/CHNCXR_0017_0,shenzhen,unet,unet,shenzhen,ood_test,False,512,42,False,0.9650629396060799,0.9324846664962944,7.0710678118654755,2.5360858432682862
shenzhen/CHNCXR_0017_0,shenzhen,unet,unet,shenzhen,ood_test,True,512,42,False,0.9650629396060799,0.9324846664962944,7.0710678118654755,2.5360858432682862
shenzhen/CHNCXR_0018_0,shenzhen,unet,unet,shenzhen,ood_test,False,512,42,False,0.9678342719441893,0.9376733267119842,6.708203932499369,2.46245200296102
shenzhen/CHNCXR_0018_0,shenzhen,unet,unet,shenzhen,ood_test,True,512,42,False,0.9678342719441893,0.9376733267119842,6.708203932499369,2.46245200296102
shenzhen/CHNCXR_0019_0,shenzhen,unet,unet,shenzhen,ood_test,False,512,42,False,0.9622883530015393,0.9273176761433869,8.06225774829855,2.932689558370548
shenzhen/CHNCXR_0019_0,shenzhen,unet,unet,shenzhen,ood_test,True,512,42,False,0.9622883530015393,0.9273176761433869,8.06225774829855,2.932689558370548
shenzhen/CHNCXR_0020_0,shenzhen,unet,unet,shenzhen,ood_test,False,512,42,False,0.8976786409026066,0.8143529411764706,66.25202791798684,9.87910346005324
shenzhen/CHNCXR_0020_0,shenzhen,unet,unet,shenzhen,ood_test,True,512,42,False,0.8981736789178317,0.8151681092857563,66.25202791798684,9.267717407045678
shenzhen/CHNCXR_0021_0,shenzhen,unet,unet,shenzhen,ood_test,False,512,42,False,0.962143832430567,0.9270492988289721,9.219544457292887,2.9307314048115543
shenzhen/CHNCXR_0021_0,shenzhen,unet,unet,shenzhen,ood_test,True,512,42,False,0.962143832430567,0.9270492988289721,9.219544457292887,2.9307314048115543
shenzhen/CHNCXR_0022_0,shenzhen,unet,unet,shenzhen,ood_test,False,512,42,False,0.8998015209295065,0.8178538127863137,77.87291187360474,11.877879920900007
shenzhen/CHNCXR_0022_0,shenzhen,unet,unet,shenzhen,ood_test,True,512,42,False,0.9074035203454377,0.8305019622910778,35.406189799734165,7.118270386275687
shenzhen/CHNCXR_0023_0,shenzhen,unet,unet,shenzhen,ood_test,False,512,42,False,0.9480907564578488,0.9013047107232285,117.00640971027833,7.236399643947328
shenzhen/CHNCXR_0023_0,shenzhen,unet,unet,shenzhen,ood_test,True,512,42,False,0.9526986239881128,0.9096699821172576,11.0,3.434196611143698
shenzhen/CHNCXR_0024_0,shenzhen,unet,unet,shenzhen,ood_test,False,512,42,False,0.9694186747243606,0.9406522813375062,122.2527910893048,6.894396352622082
shenzhen/CHNCXR_0024_0,shenzhen,unet,unet,shenzhen,ood_test,True,512,42,False,0.9725886250031933,0.9466399230845738,5.385164807134504,1.914082330959798
shenzhen/CHNCXR_0026_0,shenzhen,unet,unet,shenzhen,ood_test,False,512,42,False,0.9668139581401269,0.9357597944313422,5.830951894845301,2.3657747121133634
shenzhen/CHNCXR_0026_0,shenzhen,unet,unet,shenzhen,ood_test,True,512,42,False,0.9668139581401269,0.9357597944313422,5.830951894845301,2.3657747121133634
shenzhen/CHNCXR_0027_0,shenzhen,unet,unet,shenzhen,ood_test,False,512,42,False,0.9370048966781994,0.8814762116496221,125.55893066336887,11.979687466994767
shenzhen/CHNCXR_0027_0,shenzhen,unet,unet,shenzhen,ood_test,True,512,42,False,0.9531878065198577,0.9105623840232229,8.54400374531753,3.048527319154841
shenzhen/CHNCXR_0028_0,shenzhen,unet,unet,shenzhen,ood_test,False,512,42,False,0.934775137470542,0.8775378517272371,36.79127766319466,5.381008547882152
shenzhen/CHNCXR_0028_0,shenzhen,unet,unet,shenzhen,ood_test,True,512,42,False,0.934775137470542,0.8775378517272371,36.79127766319466,5.381008547882152
shenzhen/CHNCXR_0029_0,shenzhen,unet,unet,shenzhen,ood_test,False,512,42,False,0.9016490358611842,0.8209115895556574,38.251593297342595,6.3752688334310355
shenzhen/CHNCXR_0029_0,shenzhen,unet,unet,shenzhen,ood_test,True,512,42,False,0.9016490358611842,0.8209115895556574,38.251593297342595,6.3752688334310355
shenzhen/CHNCXR_0030_0,shenzhen,unet,unet,shenzhen,ood_test,False,512,42,False,0.8882860034384793,0.7990238552234713,71.17583859709698,10.652207749492895
shenzhen/CHNCXR_0030_0,shenzhen,unet,unet,shenzhen,ood_test,True,512,42,False,0.891727307779403,0.8046100152415454,57.99909420185469,8.82135725824243
shenzhen/CHNCXR_0031_0,shenzhen,unet,unet,shenzhen,ood_test,False,512,42,False,0.8219697243658824,0.6977492356242095,172.1794066189011,25.30434327099861
shenzhen/CHNCXR_0031_0,shenzhen,unet,unet,shenzhen,ood_test,True,512,42,False,0.8931782458346432,0.8069756873437856,36.80214018394179,8.496043270042135
shenzhen/CHNCXR_0032_0,shenzhen,unet,unet,shenzhen,ood_test,False,512,42,False,0.8884640547866058,0.799312031799419,123.3999484459182,16.227315348786263
shenzhen/CHNCXR_0032_0,shenzhen,unet,unet,shenzhen,ood_test,True,512,42,False,0.897516007759257,0.8140852965448515,65.71411752652126,7.643860967596251
shenzhen/CHNCXR_0033_0,shenzhen,unet,unet,shenzhen,ood_test,False,512,42,False,0.9131892213831387,0.8402467470421269,64.10833223541042,7.005964614562424
shenzhen/CHNCXR_0033_0,shenzhen,unet,unet,shenzhen,ood_test,True,512,42,False,0.9131892213831387,0.8402467470421269,64.10833223541042,7.005964614562424
shenzhen/CHNCXR_0034_0,shenzhen,unet,unet,shenzhen,ood_test,False,512,42,False,0.8601442419923578,0.7546079720611378,66.01055435093951,9.437806538392541
shenzhen/CHNCXR_0034_0,shenzhen,unet,unet,shenzhen,ood_test,True,512,42,False,0.8601442419923578,0.7546079720611378,66.01055435093951,9.437806538392541
shenzhen/CHNCXR_0035_0,shenzhen,unet,unet,shenzhen,ood_test,False,512,42,False,0.9417979494873718,0.8899982276835824,114.0175171906691,10.422759742009958
shenzhen/CHNCXR_0035_0,shenzhen,unet,unet,shenzhen,ood_test,True,512,42,False,0.9496842790951786,0.9041893405889885,10.770329614269007,3.180180834269599
shenzhen/CHNCXR_0041_0,shenzhen,unet,unet,shenzhen,ood_test,False,512,42,False,0.9631697734681935,0.9289561095165919,8.06225774829855,3.3491594950244723
shenzhen/CHNCXR_0041_0,shenzhen,unet,unet,shenzhen,ood_test,True,512,42,False,0.9631639954526203,0.9289453599492621,8.06225774829855,3.3464447882200843
shenzhen/CHNCXR_0042_0,shenzhen,unet,unet,shenzhen,ood_test,False,512,42,False,0.9548307025364029,0.9135655867939991,125.3500961342468,8.625055560853626
shenzhen/CHNCXR_0042_0,shenzhen,unet,unet,shenzhen,ood_test,True,512,42,False,0.9595018312444558,0.9221561940777256,6.708203932499369,2.7862132335857104
shenzhen/CHNCXR_0043_0,shenzhen,unet,unet,shenzhen,ood_test,False,512,42,False,0.8234347974573377,0.6998632933200997,55.18274362332241,11.611564584175818
shenzhen/CHNCXR_0043_0,shenzhen,unet,unet,shenzhen,ood_test,True,512,42,False,0.8234347974573377,0.6998632933200997,55.18274362332241,11.611564584175818
shenzhen/CHNCXR_0044_0,shenzhen,unet,unet,shenzhen,ood_test,False,512,42,False,0.9607654846011386,0.9244934327767144,8.496985763518964,3.1664394896403616
shenzhen/CHNCXR_0044_0,shenzhen,unet,unet,shenzhen,ood_test,True,512,42,False,0.9607654846011386,0.9244934327767144,8.496985763518964,3.1664394896403616
shenzhen/CHNCXR_0045_0,shenzhen,unet,unet,shenzhen,ood_test,False,512,42,False,0.9481288627754518,0.9013735896178031,12.041594578792296,3.1912523489224642
shenzhen/CHNCXR_0045_0,shenzhen,unet,unet,shenzhen,ood_test,True,512,42,False,0.9481288627754518,0.9013735896178031,12.041594578792296,3.1912523489224642
shenzhen/CHNCXR_0046_0,shenzhen,unet,unet,shenzhen,ood_test,False,512,42,False,0.9244070568991705,0.859439495980882,52.7825269547036,6.5900878681061545
shenzhen/CHNCXR_0046_0,shenzhen,unet,unet,shenzhen,ood_test,True,512,42,False,0.9243996646094211,0.8594267165914813,52.7825269547036,6.587278939111558
shenzhen/CHNCXR_0047_0,shenzhen,unet,unet,shenzhen,ood_test,False,512,42,False,0.9222448849880683,0.8557091236610446,49.913458026973885,7.388265926197836
shenzhen/CHNCXR_0047_0,shenzhen,unet,unet,shenzhen,ood_test,True,512,42,False,0.9222448849880683,0.8557091236610446,49.913458026973885,7.388265926197836
shenzhen/CHNCXR_0048_0,shenzhen,unet,unet,shenzhen,ood_test,False,512,42,False,0.9418586556810457,0.8901066579978019,121.70866854912184,8.946392923376079
shenzhen/CHNCXR_0048_0,shenzhen,unet,unet,shenzhen,ood_test,True,512,42,False,0.9456605759584231,0.8969223329745581,14.866068747318506,4.471432646253647
shenzhen/CHNCXR_0049_0,shenzhen,unet,unet,shenzhen,ood_test,False,512,42,False,0.9250730670445487,0.8605915794677432,130.55649578552993,11.606386028254176
shenzhen/CHNCXR_0049_0,shenzhen,unet,unet,shenzhen,ood_test,True,512,42,False,0.9325268397205544,0.8735834065152845,15.231546211727817,4.366221091353253
shenzhen/CHNCXR_0050_0,shenzhen,unet,unet,shenzhen,ood_test,False,512,42,False,0.8376100074948039,0.7205929274129221,237.0232056149777,42.12383614422207
shenzhen/CHNCXR_0050_0,shenzhen,unet,unet,shenzhen,ood_test,True,512,42,False,0.9126005993871434,0.8392505999845166,45.22375304278661,7.358954035119031
shenzhen/CHNCXR_0051_0,shenzhen,unet,unet,shenzhen,ood_test,False,512,42,False,0.7874192560621747,0.6493746993746994,133.77368778709632,31.06464512283609
shenzhen/CHNCXR_0051_0,shenzhen,unet,unet,shenzhen,ood_test,True,512,42,False,0.9546133517177985,0.9131677291712464,9.776452837537894,3.1123368097783963
shenzhen/CHNCXR_0052_0,shenzhen,unet,unet,shenzhen,ood_test,False,512,42,False,0.9521744786020899,0.908714723164777,17.0,4.390024282274467
shenzhen/CHNCXR_0052_0,shenzhen,unet,unet,shenzhen,ood_test,True,512,42,False,0.9535664659564613,0.9112537346464534,14.0,3.744124368366385
shenzhen/CHNCXR_0053_0,shenzhen,unet,unet,shenzhen,ood_test,False,512,42,False,0.9629046118590662,0.9284629194862588,9.486832980505138,2.737934131155509
shenzhen/CHNCXR_0053_0,shenzhen,unet,unet,shenzhen,ood_test,True,512,42,False,0.9629046118590662,0.9284629194862588,9.486832980505138,2.737934131155509
shenzhen/CHNCXR_0054_0,shenzhen,unet,unet,shenzhen,ood_test,False,512,42,False,0.7429966416249679,0.5910856456147128,144.44806573097515,40.269950352688255
shenzhen/CHNCXR_0054_0,shenzhen,unet,unet,shenzhen,ood_test,True,512,42,False,0.9614297183147754,0.9257242723667406,10.0,2.7790060813811555
shenzhen/CHNCXR_0055_0,shenzhen,unet,unet,shenzhen,ood_test,False,512,42,False,0.9671663870397431,0.9364203245358159,7.0390872965260085,2.4274899441734865
shenzhen/CHNCXR_0055_0,shenzhen,unet,unet,shenzhen,ood_test,True,512,42,False,0.9671663870397431,0.9364203245358159,7.0390872965260085,2.4274899441734865
shenzhen/CHNCXR_0056_0,shenzhen,unet,unet,shenzhen,ood_test,False,512,42,False,0.9506160337552743,0.9058800823468862,9.433981132056603,2.976476953389272
shenzhen/CHNCXR_0056_0,shenzhen,unet,unet,shenzhen,ood_test,True,512,42,False,0.9506160337552743,0.9058800823468862,9.433981132056603,2.976476953389272
shenzhen/CHNCXR_0057_0,shenzhen,unet,unet,shenzhen,ood_test,False,512,42,False,0.9507237449953804,0.9060757264455532,82.80819503990159,6.401181978285228
shenzhen/CHNCXR_0057_0,shenzhen,unet,unet,shenzhen,ood_test,True,512,42,False,0.9712796814315914,0.944163018752509,5.0,1.8784576218081424
shenzhen/CHNCXR_0058_0,shenzhen,unet,unet,shenzhen,ood_test,False,512,42,False,0.9528418740662231,0.9099312228671772,11.661903789690601,2.882513577827043
shenzhen/CHNCXR_0058_0,shenzhen,unet,unet,shenzhen,ood_test,True,512,42,False,0.9528418740662231,0.9099312228671772,11.661903789690601,2.882513577827043
shenzhen/CHNCXR_0059_0,shenzhen,unet,unet,shenzhen,ood_test,False,512,42,False,0.8785304735612657,0.783374360916493,59.439859042222075,8.38026696130872
shenzhen/CHNCXR_0059_0,shenzhen,unet,unet,shenzhen,ood_test,True,512,42,False,0.8785304735612657,0.783374360916493,59.439859042222075,8.38026696130872
shenzhen/CHNCXR_0060_0,shenzhen,unet,unet,shenzhen,ood_test,False,512,42,False,0.9185632932304523,0.8493916356643483,146.74369731034992,18.02573149221213
shenzhen/CHNCXR_0060_0,shenzhen,unet,unet,shenzhen,ood_test,True,512,42,False,0.9534867299486548,0.9111081122763726,12.0,3.0132223045884783
shenzhen/CHNCXR_0061_0,shenzhen,unet,unet,shenzhen,ood_test,False,512,42,False,0.9042260415858252,0.825193950488145,122.04507116674017,19.7501112504223
shenzhen/CHNCXR_0061_0,shenzhen,unet,unet,shenzhen,ood_test,True,512,42,False,0.9447022428460944,0.8951997068523269,25.18067513255062,4.52359776859186
shenzhen/CHNCXR_0062_0,shenzhen,unet,unet,shenzhen,ood_test,False,512,42,False,0.765966168392862,0.6207011094625418,166.68202486284332,32.12769738294374
shenzhen/CHNCXR_0062_0,shenzhen,unet,unet,shenzhen,ood_test,True,512,42,False,0.9512722829822076,0.9070727010889792,12.165525060596439,3.6155663791123436
shenzhen/CHNCXR_0063_0,shenzhen,unet,unet,shenzhen,ood_test,False,512,42,False,0.9655429039220064,0.9333812949640288,111.01770052493492,6.533132032618434
shenzhen/CHNCXR_0063_0,shenzhen,unet,unet,shenzhen,ood_test,True,512,42,False,0.9714581333768983,0.9445003309066843,7.0710678118654755,2.3340029622443303
shenzhen/CHNCXR_0064_0,shenzhen,unet,unet,shenzhen,ood_test,False,512,42,False,0.9758463030526948,0.9528318903318903,4.0,2.3410383406982542
shenzhen/CHNCXR_0064_0,shenzhen,unet,unet,shenzhen,ood_test,True,512,42,False,0.9760536575451304,0.953227349008427,4.0,1.5244419414140176
shenzhen/CHNCXR_0066_0,shenzhen,unet,unet,shenzhen,ood_test,False,512,42,False,0.9280382053537766,0.8657381354342525,156.99076379496665,11.729022380618227
shenzhen/CHNCXR_0066_0,shenzhen,unet,unet,shenzhen,ood_test,True,512,42,False,0.9341074975016761,0.8763618238351808,40.77267773375338,4.9878049529506105
shenzhen/CHNCXR_0067_0,shenzhen,unet,unet,shenzhen,ood_test,False,512,42,False,0.9358949887676744,0.8795137499482566,112.15547021964134,15.718073347354876
shenzhen/CHNCXR_0067_0,shenzhen,unet,unet,shenzhen,ood_test,True,512,42,False,0.9620411736295581,0.9268587049773888,8.494089729900406,2.795827916762582
shenzhen/CHNCXR_0068_0,shenzhen,unet,unet,shenzhen,ood_test,False,512,42,False,0.9605558961782138,0.92410538733779,10.198039027185569,2.7305423311787442
shenzhen/CHNCXR_0068_0,shenzhen,unet,unet,shenzhen,ood_test,True,512,42,False,0.9605558961782138,0.92410538733779,10.198039027185569,2.7305423311787442
shenzhen/CHNCXR_0069_0,shenzhen,unet,unet,shenzhen,ood_test,False,512,42,False,0.9604061719090873,0.9238282740411764,8.0,3.094702603372138
shenzhen/CHNCXR_0069_0,shenzhen,unet,unet,shenzhen,ood_test,True,512,42,False,0.960596683329366,0.9241808910195731,8.0,2.891243560041209
shenzhen/CHNCXR_0070_0,shenzhen,unet,unet,shenzhen,ood_test,False,512,42,False,0.9654669915871713,0.9332394266166357,12.529964086141668,3.0248763310570426
shenzhen/CHNCXR_0070_0,shenzhen,unet,unet,shenzhen,ood_test,True,512,42,False,0.9654669915871713,0.9332394266166357,12.529964086141668,3.0248763310570426
shenzhen/CHNCXR_0071_0,shenzhen,unet,unet,shenzhen,ood_test,False,512,42,False,0.9555351167916779,0.9148561451453731,18.783564480106328,3.7542520868286338
shenzhen/CHNCXR_0071_0,shenzhen,unet,unet,shenzhen,ood_test,True,512,42,False,0.9555351167916779,0.9148561451453731,18.783564480106328,3.7542520868286338
shenzhen/CHNCXR_0072_0,shenzhen,unet,unet,shenzhen,ood_test,False,512,42,False,0.9619927916166084,0.9267688931706273,24.016659439142902,4.180111136022421
shenzhen/CHNCXR_0072_0,shenzhen,unet,unet,shenzhen,ood_test,True,512,42,False,0.9638866081244695,0.9302906570676409,17.46424919657298,3.0934130033475373
shenzhen/CHNCXR_0073_0,shenzhen,unet,unet,shenzhen,ood_test,False,512,42,False,0.9061897787712943,0.8284707540521494,133.71798647009132,16.04142092364781
shenzhen/CHNCXR_0073_0,shenzhen,unet,unet,shenzhen,ood_test,True,512,42,False,0.9243072637620604,0.859266993839407,33.920276676059814,5.03708283645349
shenzhen/CHNCXR_0074_0,shenzhen,unet,unet,shenzhen,ood_test,False,512,42,False,0.8175041271151465,0.6913378269310473,74.65183260579265,13.736061913780244
shenzhen/CHNCXR_0074_0,shenzhen,unet,unet,shenzhen,ood_test,True,512,42,False,0.8493253473757554,0.7381107643579115,32.43590203571403,7.776334945141492
shenzhen/CHNCXR_0075_0,shenzhen,unet,unet,shenzhen,ood_test,False,512,42,False,0.7997899049319818,0.6663749190400337,76.62570056537086,18.065779292942302
shenzhen/CHNCXR_0075_0,shenzhen,unet,unet,shenzhen,ood_test,True,512,42,False,0.8043356539928374,0.6727102440403612,75.00166659259918,17.36309411259087
shenzhen/CHNCXR_0076_0,shenzhen,unet,unet,shenzhen,ood_test,False,512,42,False,0.8475130961924948,0.7353776371710088,55.14742330585857,10.213106031272634
shenzhen/CHNCXR_0076_0,shenzhen,unet,unet,shenzhen,ood_test,True,512,42,False,0.8516846740461975,0.741681883709755,44.39774019531645,8.779595401622775
shenzhen/CHNCXR_0077_0,shenzhen,unet,unet,shenzhen,ood_test,False,512,42,False,0.960858885983678,0.9246664125047656,136.28120991094687,8.371499963990008
shenzhen/CHNCXR_0077_0,shenzhen,unet,unet,shenzhen,ood_test,True,512,42,False,0.966285196362586,0.934769622107028,7.211102550927978,2.266378489248544
shenzhen/CHNCXR_0078_0,shenzhen,unet,unet,shenzhen,ood_test,False,512,42,False,0.9318105962763564,0.8723271294661051,125.24474404718997,14.819438974861692
shenzhen/CHNCXR_0078_0,shenzhen,unet,unet,shenzhen,ood_test,True,512,42,False,0.9531740553539222,0.9105372867656443,12.0,3.4797529596328878
shenzhen/CHNCXR_0079_0,shenzhen,unet,unet,shenzhen,ood_test,False,512,42,False,0.9682407183479869,0.9384366446383474,8.246211251235321,2.4448202240053294
shenzhen/CHNCXR_0079_0,shenzhen,unet,unet,shenzhen,ood_test,True,512,42,False,0.9682407183479869,0.9384366446383474,8.246211251235321,2.4448202240053294
shenzhen/CHNCXR_0080_0,shenzhen,unet,unet,shenzhen,ood_test,False,512,42,False,0.9620909536822928,0.9269511207129355,121.98109506111548,7.368489032798261
shenzhen/CHNCXR_0080_0,shenzhen,unet,unet,shenzhen,ood_test,True,512,42,False,0.9654154068687031,0.9331430346809585,7.085071285771713,2.347005104936795
shenzhen/CHNCXR_0081_0,shenzhen,unet,unet,shenzhen,ood_test,False,512,42,False,0.9698218948097961,0.9414118684173897,98.8827274359472,5.46575563628876
shenzhen/CHNCXR_0081_0,shenzhen,unet,unet,shenzhen,ood_test,True,512,42,False,0.9720869789140212,0.945689916338468,6.324555320336759,2.246551911476128
shenzhen/CHNCXR_0082_0,shenzhen,unet,unet,shenzhen,ood_test,False,512,42,False,0.9449956087564649,0.8957267065425171,139.50089387852535,8.289511983999748
shenzhen/CHNCXR_0082_0,shenzhen,unet,unet,shenzhen,ood_test,True,512,42,False,0.9484354341119436,0.9019279128248114,14.177272711639999,3.7206587166415694
shenzhen/CHNCXR_0083_0,shenzhen,unet,unet,shenzhen,ood_test,False,512,42,False,0.9370531226885657,0.8815615744210114,21.311816370097723,4.542321095922597
shenzhen/CHNCXR_0083_0,shenzhen,unet,unet,shenzhen,ood_test,True,512,42,False,0.9375421019174754,0.8824275329963744,18.225681799683635,4.3460080343725656
shenzhen/CHNCXR_0084_0,shenzhen,unet,unet,shenzhen,ood_test,False,512,42,False,0.9701096364685516,0.941954280591663,10.0,2.4025348692981017
shenzhen/CHNCXR_0084_0,shenzhen,unet,unet,shenzhen,ood_test,True,512,42,False,0.9701096364685516,0.941954280591663,10.0,2.4025348692981017
shenzhen/CHNCXR_0085_0,shenzhen,unet,unet,shenzhen,ood_test,False,512,42,False,0.9653094632719167,0.932945097115158,6.082762530298219,2.441345434752043
shenzhen/CHNCXR_0085_0,shenzhen,unet,unet,shenzhen,ood_test,True,512,42,False,0.9653094632719167,0.932945097115158,6.082762530298219,2.441345434752043
shenzhen/CHNCXR_0086_0,shenzhen,unet,unet,shenzhen,ood_test,False,512,42,False,0.9101262094618917,0.8350748658819761,157.77465898724205,20.62573361752417
shenzhen/CHNCXR_0086_0,shenzhen,unet,unet,shenzhen,ood_test,True,512,42,False,0.9349080600159116,0.8777721668139544,14.608372361298374,4.0289568814882015
shenzhen/CHNCXR_0087_0,shenzhen,unet,unet,shenzhen,ood_test,False,512,42,False,0.9751279413488209,0.9514630954347356,14.168488439662738,2.5264330968213624
shenzhen/CHNCXR_0087_0,shenzhen,unet,unet,shenzhen,ood_test,True,512,42,False,0.9751279413488209,0.9514630954347356,14.168488439662738,2.5264330968213624
shenzhen/CHNCXR_0088_0,shenzhen,unet,unet,shenzhen,ood_test,False,512,42,False,0.9660626367114629,0.9343531542750403,11.0,3.9228051943432125
shenzhen/CHNCXR_0088_0,shenzhen,unet,unet,shenzhen,ood_test,True,512,42,False,0.9673293581610677,0.9367259210918325,10.027431591616487,2.5892585781434283
shenzhen/CHNCXR_0089_0,shenzhen,unet,unet,shenzhen,ood_test,False,512,42,False,0.9509633570648748,0.9065110961273489,13.341664064126334,3.660082787467139
shenzhen/CHNCXR_0089_0,shenzhen,unet,unet,shenzhen,ood_test,True,512,42,False,0.9510218517892017,0.906617409915853,13.0,3.5950765698899523
shenzhen/CHNCXR_0090_0,shenzhen,unet,unet,shenzhen,ood_test,False,512,42,False,0.9635447291054179,0.9296539427830456,7.197099077021709,2.7058915141138082
shenzhen/CHNCXR_0090_0,shenzhen,unet,unet,shenzhen,ood_test,True,512,42,False,0.9635447291054179,0.9296539427830456,7.197099077021709,2.7058915141138082
shenzhen/CHNCXR_0091_0,shenzhen,unet,unet,shenzhen,ood_test,False,512,42,False,0.9679082533964772,0.9378122212310437,12.894733192201992,4.201644327619659
shenzhen/CHNCXR_0091_0,shenzhen,unet,unet,shenzhen,ood_test,True,512,42,False,0.9693641152130565,0.9405495476352901,9.848857801796104,2.7555058989882
shenzhen/CHNCXR_0092_0,shenzhen,unet,unet,shenzhen,ood_test,False,512,42,False,0.9565345239845545,0.9166901502454652,16.0,3.410521870127342
shenzhen/CHNCXR_0092_0,shenzhen,unet,unet,shenzhen,ood_test,True,512,42,False,0.9565345239845545,0.9166901502454652,16.0,3.410521870127342
shenzhen/CHNCXR_0093_0,shenzhen,unet,unet,shenzhen,ood_test,False,512,42,False,0.9613988698697618,0.9256670746634027,10.04987562112089,3.172335194505856
shenzhen/CHNCXR_0093_0,shenzhen,unet,unet,shenzhen,ood_test,True,512,42,False,0.9613988698697618,0.9256670746634027,10.04987562112089,3.172335194505856
shenzhen/CHNCXR_0094_0,shenzhen,unet,unet,shenzhen,ood_test,False,512,42,False,0.9458232238338264,0.8972150072150072,119.62859124297285,15.090993788595858
shenzhen/CHNCXR_0094_0,shenzhen,unet,unet,shenzhen,ood_test,True,512,42,False,0.9694857641812455,0.9407786234131728,6.0,2.2942241416261893
shenzhen/CHNCXR_0095_0,shenzhen,unet,unet,shenzhen,ood_test,False,512,42,False,0.9225827176357212,0.8562909958258795,131.10240805208,19.13179311788268
shenzhen/CHNCXR_0095_0,shenzhen,unet,unet,shenzhen,ood_test,True,512,42,False,0.9573798726326974,0.9182441883700793,12.083045973594572,3.4119210615901765
shenzhen/CHNCXR_0096_0,shenzhen,unet,unet,shenzhen,ood_test,False,512,42,False,0.9642278944266973,0.930926686708747,13.992838827718401,3.363282906034593
shenzhen/CHNCXR_0096_0,shenzhen,unet,unet,shenzhen,ood_test,True,512,42,False,0.9642278944266973,0.930926686708747,13.992838827718401,3.363282906034593
shenzhen/CHNCXR_0097_0,shenzhen,unet,unet,shenzhen,ood_test,False,512,42,False,0.9731387195995644,0.9476827475860016,6.082762530298219,2.6399353354542745
shenzhen/CHNCXR_0097_0,shenzhen,unet,unet,shenzhen,ood_test,True,512,42,False,0.9731387195995644,0.9476827475860016,6.082762530298219,2.6399353354542745
shenzhen/CHNCXR_0098_0,shenzhen,unet,unet,shenzhen,ood_test,False,512,42,False,0.9374411487758946,0.88224868457491,54.01280113510153,5.619380214418881
shenzhen/CHNCXR_0098_0,shenzhen,unet,unet,shenzhen,ood_test,True,512,42,False,0.9374411487758946,0.88224868457491,54.01280113510153,5.619380214418881
shenzhen/CHNCXR_0099_0,shenzhen,unet,unet,shenzhen,ood_test,False,512,42,False,0.9327764896908347,0.8740216840056472,29.024983374654326,5.604824488410616
shenzhen/CHNCXR_0099_0,shenzhen,unet,unet,shenzhen,ood_test,True,512,42,False,0.9327764896908347,0.8740216840056472,29.024983374654326,5.604824488410616
shenzhen/CHNCXR_0100_0,shenzhen,unet,unet,shenzhen,ood_test,False,512,42,False,0.9502814678500456,0.9052726409466649,9.219544457292887,4.129388786728262
shenzhen/CHNCXR_0100_0,shenzhen,unet,unet,shenzhen,ood_test,True,512,42,False,0.9503300467113545,0.9053608172111088,9.219544457292887,4.010286411409535
shenzhen/CHNCXR_0101_0,shenzhen,unet,unet,shenzhen,ood_test,False,512,42,False,0.9596490419336499,0.9224281810796839,125.36486083891414,11.404445930525592
shenzhen/CHNCXR_0101_0,shenzhen,unet,unet,shenzhen,ood_test,True,512,42,False,0.966764705882353,0.9356675206376317,9.558444132978435,2.5027001664388075
shenzhen/CHNCXR_0102_0,shenzhen,unet,unet,shenzhen,ood_test,False,512,42,False,0.9668475980159468,0.9358228235826819,9.0,2.7427335622227864
shenzhen/CHNCXR_0102_0,shenzhen,unet,unet,shenzhen,ood_test,True,512,42,False,0.966880856391981,0.935885141974322,9.0,2.640471597676121
shenzhen/CHNCXR_0103_0,shenzhen,unet,unet,shenzhen,ood_test,False,512,42,False,0.9673040237788918,0.9366784087980067,10.721265283731963,2.9184181461228853
shenzhen/CHNCXR_0103_0,shenzhen,unet,unet,shenzhen,ood_test,True,512,42,False,0.9673040237788918,0.9366784087980067,10.721265283731963,2.9184181461228853
shenzhen/CHNCXR_0104_0,shenzhen,unet,unet,shenzhen,ood_test,False,512,42,False,0.9396145865097841,0.8861066689111466,41.181995469372325,4.556974003009078
shenzhen/CHNCXR_0104_0,shenzhen,unet,unet,shenzhen,ood_test,True,512,42,False,0.9396145865097841,0.8861066689111466,41.181995469372325,4.556974003009078
shenzhen/CHNCXR_0105_0,shenzhen,unet,unet,shenzhen,ood_test,False,512,42,False,0.9486775596567533,0.9023659376537412,13.892443989449804,3.9679869443992275
shenzhen/CHNCXR_0105_0,shenzhen,unet,unet,shenzhen,ood_test,True,512,42,False,0.9486775596567533,0.9023659376537412,13.892443989449804,3.9679869443992275
shenzhen/CHNCXR_0106_0,shenzhen,unet,unet,shenzhen,ood_test,False,512,42,False,0.9426166576620126,0.891461610864596,101.0,9.534275863038696
shenzhen/CHNCXR_0106_0,shenzhen,unet,unet,shenzhen,ood_test,True,512,42,False,0.9564809671857981,0.9165917794583235,10.04987562112089,3.410609542823666
shenzhen/CHNCXR_0107_0,shenzhen,unet,unet,shenzhen,ood_test,False,512,42,False,0.9508828674213671,0.9063648260935219,14.267560870179958,3.5667346979398347
shenzhen/CHNCXR_0107_0,shenzhen,unet,unet,shenzhen,ood_test,True,512,42,False,0.9508828674213671,0.9063648260935219,14.267560870179958,3.5667346979398347
shenzhen/CHNCXR_0108_0,shenzhen,unet,unet,shenzhen,ood_test,False,512,42,False,0.9664077897845575,0.934999103353458,7.231804752433737,2.821812446856279
shenzhen/CHNCXR_0108_0,shenzhen,unet,unet,shenzhen,ood_test,True,512,42,False,0.9664077897845575,0.934999103353458,7.231804752433737,2.821812446856279
shenzhen/CHNCXR_0109_0,shenzhen,unet,unet,shenzhen,ood_test,False,512,42,False,0.9666613873930947,0.9354739826806652,5.656854249492381,2.2471038576164646
shenzhen/CHNCXR_0109_0,shenzhen,unet,unet,shenzhen,ood_test,True,512,42,False,0.9666613873930947,0.9354739826806652,5.656854249492381,2.2471038576164646
shenzhen/CHNCXR_0110_0,shenzhen,unet,unet,shenzhen,ood_test,False,512,42,False,0.9708746594250466,0.9433978750174752,8.0,2.123542164491959
shenzhen/CHNCXR_0110_0,shenzhen,unet,unet,shenzhen,ood_test,True,512,42,False,0.9708746594250466,0.9433978750174752,8.0,2.123542164491959
shenzhen/CHNCXR_0111_0,shenzhen,unet,unet,shenzhen,ood_test,False,512,42,False,0.9675104150912266,0.937065544517538,15.595978097405492,2.6807036539436306
shenzhen/CHNCXR_0111_0,shenzhen,unet,unet,shenzhen,ood_test,True,512,42,False,0.9675104150912266,0.937065544517538,15.595978097405492,2.6807036539436306
shenzhen/CHNCXR_0112_0,shenzhen,unet,unet,shenzhen,ood_test,False,512,42,False,0.9532914788860812,0.9107516177202588,16.1245154965971,4.030282084683508
shenzhen/CHNCXR_0112_0,shenzhen,unet,unet,shenzhen,ood_test,True,512,42,False,0.9532846620253083,0.9107391737182678,16.101191507918173,4.02556686486028
shenzhen/CHNCXR_0113_0,shenzhen,unet,unet,shenzhen,ood_test,False,512,42,False,0.9561973121958147,0.9160709426868182,16.492422502470642,3.688691249598762
shenzhen/CHNCXR_0113_0,shenzhen,unet,unet,shenzhen,ood_test,True,512,42,False,0.9561827054661881,0.9160441300153367,16.439022025877907,3.717326226428508
shenzhen/CHNCXR_0114_0,shenzhen,unet,unet,shenzhen,ood_test,False,512,42,False,0.9263943603566245,0.8628814213982232,86.4082631116781,10.928433567489929
shenzhen/CHNCXR_0114_0,shenzhen,unet,unet,shenzhen,ood_test,True,512,42,False,0.9330391596074051,0.8744830403186004,42.99058603840991,4.87377161070806
shenzhen/CHNCXR_0115_0,shenzhen,unet,unet,shenzhen,ood_test,False,512,42,False,0.912179348147564,0.8385383625455403,51.0098029794274,7.4056052581029785
shenzhen/CHNCXR_0115_0,shenzhen,unet,unet,shenzhen,ood_test,True,512,42,False,0.9177769394198122,0.8480478496991046,24.98693168768525,5.220503443491697
shenzhen/CHNCXR_0116_0,shenzhen,unet,unet,shenzhen,ood_test,False,512,42,False,0.9614601846012727,0.9257807648252163,12.912811813689554,3.1472531851276395
shenzhen/CHNCXR_0116_0,shenzhen,unet,unet,shenzhen,ood_test,True,512,42,False,0.9614601846012727,0.9257807648252163,12.912811813689554,3.1472531851276395
shenzhen/CHNCXR_0117_0,shenzhen,unet,unet,shenzhen,ood_test,False,512,42,False,0.9463332445048096,0.8981333420357015,18.027756377319946,3.9660632007285543
shenzhen/CHNCXR_0117_0,shenzhen,unet,unet,shenzhen,ood_test,True,512,42,False,0.9463332445048096,0.8981333420357015,18.027756377319946,3.9660632007285543
shenzhen/CHNCXR_0118_0,shenzhen,unet,unet,shenzhen,ood_test,False,512,42,False,0.9693059876817576,0.9404401074394421,5.830951894845301,1.8362765646101142
shenzhen/CHNCXR_0118_0,shenzhen,unet,unet,shenzhen,ood_test,True,512,42,False,0.9693059876817576,0.9404401074394421,5.830951894845301,1.8362765646101142
shenzhen/CHNCXR_0119_0,shenzhen,unet,unet,shenzhen,ood_test,False,512,42,False,0.9520691863034205,0.9085229424116209,17.902246907382427,3.2689993467697622
shenzhen/CHNCXR_0119_0,shenzhen,unet,unet,shenzhen,ood_test,True,512,42,False,0.9520777721665103,0.9085385793704067,17.91202221664418,3.267247424240911
shenzhen/CHNCXR_0120_0,shenzhen,unet,unet,shenzhen,ood_test,False,512,42,False,0.9430518637571861,0.89224043396254,62.93647591023825,6.468492890545925
shenzhen/CHNCXR_0120_0,shenzhen,unet,unet,shenzhen,ood_test,True,512,42,False,0.9465316125829869,0.8984907605094603,17.481413089350728,4.121667316239889
shenzhen/CHNCXR_0121_0,shenzhen,unet,unet,shenzhen,ood_test,False,512,42,False,0.9576763368066609,0.918789787303354,10.0,3.322098006632025
shenzhen/CHNCXR_0121_0,shenzhen,unet,unet,shenzhen,ood_test,True,512,42,False,0.9576763368066609,0.918789787303354,10.0,3.322098006632025
shenzhen/CHNCXR_0122_0,shenzhen,unet,unet,shenzhen,ood_test,False,512,42,False,0.953240347814947,0.9106582832316,16.5736121360015,3.9031788341635747
shenzhen/CHNCXR_0122_0,shenzhen,unet,unet,shenzhen,ood_test,True,512,42,False,0.9538269250799195,0.9117295674549688,12.701744044572443,3.4954030270334266
shenzhen/CHNCXR_0123_0,shenzhen,unet,unet,shenzhen,ood_test,False,512,42,False,0.9598244345245517,0.9227523375689283,132.5389096013782,7.559832462045983
shenzhen/CHNCXR_0123_0,shenzhen,unet,unet,shenzhen,ood_test,True,512,42,False,0.9630547110560622,0.9287420670350619,7.615773105863909,2.3947523902780046
shenzhen/CHNCXR_0124_0,shenzhen,unet,unet,shenzhen,ood_test,False,512,42,False,0.9567768547028409,0.917135378960851,11.180339887498949,3.6743742487673594
shenzhen/CHNCXR_0124_0,shenzhen,unet,unet,shenzhen,ood_test,True,512,42,False,0.9567768547028409,0.917135378960851,11.180339887498949,3.6743742487673594
shenzhen/CHNCXR_0125_0,shenzhen,unet,unet,shenzhen,ood_test,False,512,42,False,0.9464868445803925,0.8984100860168307,15.886832980505112,3.6513108564464143
shenzhen/CHNCXR_0125_0,shenzhen,unet,unet,shenzhen,ood_test,True,512,42,False,0.9455036633784946,0.8966400645902556,16.95261092284803,4.105516402677125
shenzhen/CHNCXR_0126_0,shenzhen,unet,unet,shenzhen,ood_test,False,512,42,False,0.9353636805443059,0.8785757760194766,133.2816566523691,11.876918478743063
shenzhen/CHNCXR_0126_0,shenzhen,unet,unet,shenzhen,ood_test,True,512,42,False,0.9448675989288902,0.8954967148859374,9.848857801796104,3.0068519267255827
shenzhen/CHNCXR_0127_0,shenzhen,unet,unet,shenzhen,ood_test,False,512,42,False,0.9446869981878333,0.8951723295037888,20.615528128088304,5.126441432877395
shenzhen/CHNCXR_0127_0,shenzhen,unet,unet,shenzhen,ood_test,True,512,42,False,0.9448393297127156,0.8954459319029281,19.0,4.810250146544951
shenzhen/CHNCXR_0128_0,shenzhen,unet,unet,shenzhen,ood_test,False,512,42,False,0.9425876751213259,0.8914097679251819,14.0,4.2310031585410215
shenzhen/CHNCXR_0128_0,shenzhen,unet,unet,shenzhen,ood_test,True,512,42,False,0.9425612679808204,0.8913625342444186,14.0,4.2227308188405965
shenzhen/CHNCXR_0129_0,shenzhen,unet,unet,shenzhen,ood_test,False,512,42,False,0.9524421987444496,0.9092025257249766,14.735389078565154,3.2850085533943654
shenzhen/CHNCXR_0129_0,shenzhen,unet,unet,shenzhen,ood_test,True,512,42,False,0.9524421987444496,0.9092025257249766,14.735389078565154,3.2850085533943654
shenzhen/CHNCXR_0130_0,shenzhen,unet,unet,shenzhen,ood_test,False,512,42,False,0.9674963690088646,0.9370391928599147,8.0,2.411665565425627
shenzhen/CHNCXR_0130_0,shenzhen,unet,unet,shenzhen,ood_test,True,512,42,False,0.9677306237632856,0.9374787686633559,7.0,2.2985623949452436
shenzhen/CHNCXR_0131_0,shenzhen,unet,unet,shenzhen,ood_test,False,512,42,False,0.9659890796658115,0.9342155490520423,8.0,2.7307978699551154
shenzhen/CHNCXR_0131_0,shenzhen,unet,unet,shenzhen,ood_test,True,512,42,False,0.9659890796658115,0.9342155490520423,8.0,2.7307978699551154
shenzhen/CHNCXR_0132_0,shenzhen,unet,unet,shenzhen,ood_test,False,512,42,False,0.9613058655784453,0.9254946511407744,129.66377772017242,10.398638955219566
shenzhen/CHNCXR_0132_0,shenzhen,unet,unet,shenzhen,ood_test,True,512,42,False,0.970910427156889,0.943465421065838,7.0710678118654755,1.9938087443146604
shenzhen/CHNCXR_0133_0,shenzhen,unet,unet,shenzhen,ood_test,False,512,42,False,0.9567471274605861,0.9170807506446049,8.884231685296879,3.0577100881942747
shenzhen/CHNCXR_0133_0,shenzhen,unet,unet,shenzhen,ood_test,True,512,42,False,0.9567471274605861,0.9170807506446049,8.884231685296879,3.0577100881942747
shenzhen/CHNCXR_0134_0,shenzhen,unet,unet,shenzhen,ood_test,False,512,42,False,0.9614723442535074,0.9258033129242015,11.029484661171713,3.5377350683270907
shenzhen/CHNCXR_0134_0,shenzhen,unet,unet,shenzhen,ood_test,True,512,42,False,0.9614723442535074,0.9258033129242015,11.029484661171713,3.5377350683270907
shenzhen/CHNCXR_0135_0,shenzhen,unet,unet,shenzhen,ood_test,False,512,42,False,0.9416480764464046,0.889730585346944,129.65434523704766,13.310373948302626
shenzhen/CHNCXR_0135_0,shenzhen,unet,unet,shenzhen,ood_test,True,512,42,False,0.951841996129389,0.9081092665556636,12.0,3.444978974715469
shenzhen/CHNCXR_0136_0,shenzhen,unet,unet,shenzhen,ood_test,False,512,42,False,0.9342216076927912,0.876562721139784,146.10472366147067,14.775808786633856
shenzhen/CHNCXR_0136_0,shenzhen,unet,unet,shenzhen,ood_test,True,512,42,False,0.9479605112114486,0.9010693242161926,12.0,2.9966362903588557
shenzhen/CHNCXR_0137_0,shenzhen,unet,unet,shenzhen,ood_test,False,512,42,False,0.9552823512420566,0.9143928528227548,9.486832980505138,3.2243479304152625
shenzhen/CHNCXR_0137_0,shenzhen,unet,unet,shenzhen,ood_test,True,512,42,False,0.9552823512420566,0.9143928528227548,9.486832980505138,3.2243479304152625
shenzhen/CHNCXR_0138_0,shenzhen,unet,unet,shenzhen,ood_test,False,512,42,False,0.962934620516443,0.9285187217376497,7.0,2.527985184437596
shenzhen/CHNCXR_0138_0,shenzhen,unet,unet,shenzhen,ood_test,True,512,42,False,0.962934620516443,0.9285187217376497,7.0,2.527985184437596
shenzhen/CHNCXR_0139_0,shenzhen,unet,unet,shenzhen,ood_test,False,512,42,False,0.9580839663060866,0.9195404767017393,9.0,2.5954908835660557
shenzhen/CHNCXR_0139_0,shenzhen,unet,unet,shenzhen,ood_test,True,512,42,False,0.9580937465040832,0.9195584951039341,9.0,2.6091335601113523
shenzhen/CHNCXR_0140_0,shenzhen,unet,unet,shenzhen,ood_test,False,512,42,False,0.9487661178222255,0.9025261969836124,18.12305178534207,4.659633134658779
shenzhen/CHNCXR_0140_0,shenzhen,unet,unet,shenzhen,ood_test,True,512,42,False,0.9491912021412778,0.903295827057677,15.157446015748121,4.235416323297555
shenzhen/CHNCXR_0141_0,shenzhen,unet,unet,shenzhen,ood_test,False,512,42,False,0.9586665068575244,0.9206143019221599,6.4031242374328485,3.7587605458548143
shenzhen/CHNCXR_0141_0,shenzhen,unet,unet,shenzhen,ood_test,True,512,42,False,0.9590524070949563,0.9213263123251605,6.0,2.801388339193794
shenzhen/CHNCXR_0142_0,shenzhen,unet,unet,shenzhen,ood_test,False,512,42,False,0.9507607136362718,0.9061428846524168,10.63014581273465,4.55077173281906
shenzhen/CHNCXR_0142_0,shenzhen,unet,unet,shenzhen,ood_test,True,512,42,False,0.9513117195555046,0.9071444177408783,9.219544457292887,4.019226285142047
shenzhen/CHNCXR_0143_0,shenzhen,unet,unet,shenzhen,ood_test,False,512,42,False,0.9638724567769034,0.9302642933113925,5.830951894845301,2.350650538611273
shenzhen/CHNCXR_0143_0,shenzhen,unet,unet,shenzhen,ood_test,True,512,42,False,0.9638724567769034,0.9302642933113925,5.830951894845301,2.350650538611273
shenzhen/CHNCXR_0144_0,shenzhen,unet,unet,shenzhen,ood_test,False,512,42,False,0.9529198761834924,0.9100735029810231,14.570449942644645,4.31883828167989
shenzhen/CHNCXR_0144_0,shenzhen,unet,unet,shenzhen,ood_test,True,512,42,False,0.9529198761834924,0.9100735029810231,14.570449942644645,4.31883828167989
shenzhen/CHNCXR_0145_0,shenzhen,unet,unet,shenzhen,ood_test,False,512,42,False,0.9510976780888714,0.9067552413802893,10.198039027185569,3.527023762198158
shenzhen/CHNCXR_0145_0,shenzhen,unet,unet,shenzhen,ood_test,True,512,42,False,0.950793059795964,0.9062016494201479,10.198039027185569,3.7388097726755856
shenzhen/CHNCXR_0146_0,shenzhen,unet,unet,shenzhen,ood_test,False,512,42,False,0.9313583135726896,0.8715347018572825,130.88085992860508,12.623902023105664
shenzhen/CHNCXR_0146_0,shenzhen,unet,unet,shenzhen,ood_test,True,512,42,False,0.939266563425092,0.8854878436357858,11.837584950895808,3.86661801031014
shenzhen/CHNCXR_0147_0,shenzhen,unet,unet,shenzhen,ood_test,False,512,42,False,0.9421127360499787,0.890560618465379,77.33443320700141,8.906258975572788
shenzhen/CHNCXR_0147_0,shenzhen,unet,unet,shenzhen,ood_test,True,512,42,False,0.9561846570644225,0.9160477124002541,11.40175425099138,3.2841259408326127
shenzhen/CHNCXR_0148_0,shenzhen,unet,unet,shenzhen,ood_test,False,512,42,False,0.9542233162076884,0.9124541893087325,17.0,4.081828473842411
shenzhen/CHNCXR_0148_0,shenzhen,unet,unet,shenzhen,ood_test,True,512,42,False,0.9542233162076884,0.9124541893087325,17.0,4.081828473842411
shenzhen/CHNCXR_0149_0,shenzhen,unet,unet,shenzhen,ood_test,False,512,42,False,0.9473173281559198,0.8999077817975456,21.980709473207195,4.4482489387725925
shenzhen/CHNCXR_0149_0,shenzhen,unet,unet,shenzhen,ood_test,True,512,42,False,0.9474372140789842,0.9001241795281177,19.687549023751465,4.314699530243555
shenzhen/CHNCXR_0150_0,shenzhen,unet,unet,shenzhen,ood_test,False,512,42,False,0.9514821050680424,0.9074543311726576,9.055385138137417,3.7622223080028743
shenzhen/CHNCXR_0150_0,shenzhen,unet,unet,shenzhen,ood_test,True,512,42,False,0.9514821050680424,0.9074543311726576,9.055385138137417,3.7622223080028743
shenzhen/CHNCXR_0151_0,shenzhen,unet,unet,shenzhen,ood_test,False,512,42,False,0.899409051132742,0.8172055676620139,128.5496013218244,18.53882550040139
shenzhen/CHNCXR_0151_0,shenzhen,unet,unet,shenzhen,ood_test,True,512,42,False,0.9185211337533237,0.8493195405113138,35.386435939279785,5.435741957525069
shenzhen/CHNCXR_0152_0,shenzhen,unet,unet,shenzhen,ood_test,False,512,42,False,0.9545196527710477,0.9129962655931351,12.041594578792296,3.7020419350313314
shenzhen/CHNCXR_0152_0,shenzhen,unet,unet,shenzhen,ood_test,True,512,42,False,0.9545196527710477,0.9129962655931351,12.041594578792296,3.7020419350313314
shenzhen/CHNCXR_0153_0,shenzhen,unet,unet,shenzhen,ood_test,False,512,42,False,0.9361888111888111,0.8800328677074774,133.67234707093226,13.069871995335188
shenzhen/CHNCXR_0153_0,shenzhen,unet,unet,shenzhen,ood_test,True,512,42,False,0.946865882768986,0.8990933512424446,11.72507511727614,3.6350885224129676
shenzhen/CHNCXR_0154_0,shenzhen,unet,unet,shenzhen,ood_test,False,512,42,False,0.9507287862336722,0.9060848842131669,10.0,3.6349968480654873
shenzhen/CHNCXR_0154_0,shenzhen,unet,unet,shenzhen,ood_test,True,512,42,False,0.9507287862336722,0.9060848842131669,10.0,3.6349968480654873
shenzhen/CHNCXR_0155_0,shenzhen,unet,unet,shenzhen,ood_test,False,512,42,False,0.8104413110727485,0.6812957768427614,155.8813623750739,30.951470196852615
shenzhen/CHNCXR_0155_0,shenzhen,unet,unet,shenzhen,ood_test,True,512,42,False,0.9130780978736179,0.8400586059470625,18.115968862749803,4.783697640428285
shenzhen/CHNCXR_0156_0,shenzhen,unet,unet,shenzhen,ood_test,False,512,42,False,0.8294714012419564,0.7086297610515828,143.4006224496907,35.00173787103228
shenzhen/CHNCXR_0156_0,shenzhen,unet,unet,shenzhen,ood_test,True,512,42,False,0.9557263425904098,0.9152067906808741,9.0,2.6970414783142402
shenzhen/CHNCXR_0157_0,shenzhen,unet,unet,shenzhen,ood_test,False,512,42,False,0.9494830245444332,0.9038245423237267,11.036288813749806,3.9151019149619035
shenzhen/CHNCXR_0157_0,shenzhen,unet,unet,shenzhen,ood_test,True,512,42,False,0.9501886504821068,0.9051041893559864,8.54400374531753,3.3579386581707773
shenzhen/CHNCXR_0158_0,shenzhen,unet,unet,shenzhen,ood_test,False,512,42,False,0.955896128477755,0.9155182300819475,8.246211251235321,2.973321082403037
shenzhen/CHNCXR_0158_0,shenzhen,unet,unet,shenzhen,ood_test,True,512,42,False,0.955896128477755,0.9155182300819475,8.246211251235321,2.973321082403037
shenzhen/CHNCXR_0159_0,shenzhen,unet,unet,shenzhen,ood_test,False,512,42,False,0.9564488427251165,0.9165327794976292,12.0,3.026087283561353
shenzhen/CHNCXR_0159_0,shenzhen,unet,unet,shenzhen,ood_test,True,512,42,False,0.9564488427251165,0.9165327794976292,12.0,3.026087283561353
shenzhen/CHNCXR_0160_0,shenzhen,unet,unet,shenzhen,ood_test,False,512,42,False,0.9618596041768662,0.9265216998074861,8.804178052360534,3.125682439965731
shenzhen/CHNCXR_0160_0,shenzhen,unet,unet,shenzhen,ood_test,True,512,42,False,0.9618596041768662,0.9265216998074861,8.804178052360534,3.125682439965731
shenzhen/CHNCXR_0161_0,shenzhen,unet,unet,shenzhen,ood_test,False,512,42,False,0.9700826650685388,0.9419034248346695,6.420467473377411,2.0757938394773854
shenzhen/CHNCXR_0161_0,shenzhen,unet,unet,shenzhen,ood_test,True,512,42,False,0.9701934145807765,0.942112264883042,6.362920181552985,2.0418917066877293
shenzhen/CHNCXR_0162_0,shenzhen,unet,unet,shenzhen,ood_test,False,512,42,False,0.9501820009442726,0.9050921224430581,18.18480711859812,4.224876001225754
shenzhen/CHNCXR_0162_0,shenzhen,unet,unet,shenzhen,ood_test,True,512,42,False,0.9504353191197642,0.9055519268451993,14.17480158480198,3.790252959560902
shenzhen/CHNCXR_0163_0,shenzhen,unet,unet,shenzhen,ood_test,False,512,42,False,0.9456618357487923,0.8969245995381401,14.866068747318506,3.9295950068930896
shenzhen/CHNCXR_0163_0,shenzhen,unet,unet,shenzhen,ood_test,True,512,42,False,0.9456618357487923,0.8969245995381401,14.866068747318506,3.9295950068930896
shenzhen/CHNCXR_0164_0,shenzhen,unet,unet,shenzhen,ood_test,False,512,42,False,0.9613512104778699,0.9255787135901598,9.02215405525496,2.8258524159149587
shenzhen/CHNCXR_0164_0,shenzhen,unet,unet,shenzhen,ood_test,True,512,42,False,0.9613938580633713,0.9256577823338459,9.0,2.6457101043586966
shenzhen/CHNCXR_0165_0,shenzhen,unet,unet,shenzhen,ood_test,False,512,42,False,0.9712408692056783,0.9440896708792926,7.654195795277483,2.214601323520704
shenzhen/CHNCXR_0165_0,shenzhen,unet,unet,shenzhen,ood_test,True,512,42,False,0.9712408692056783,0.9440896708792926,7.654195795277483,2.214601323520704
shenzhen/CHNCXR_0166_0,shenzhen,unet,unet,shenzhen,ood_test,False,512,42,False,0.9610782526751727,0.9250728027879888,12.0,3.3199159105801894
shenzhen/CHNCXR_0166_0,shenzhen,unet,unet,shenzhen,ood_test,True,512,42,False,0.9610961282122819,0.925105925881721,11.704699910719626,3.3084099110520255
shenzhen/CHNCXR_0167_0,shenzhen,unet,unet,shenzhen,ood_test,False,512,42,False,0.9624936081282376,0.9276989671281018,15.0,3.1778647845892674
shenzhen/CHNCXR_0167_0,shenzhen,unet,unet,shenzhen,ood_test,True,512,42,False,0.9624859192506077,0.9276846812097316,15.0,3.175317940166887
shenzhen/CHNCXR_0168_0,shenzhen,unet,unet,shenzhen,ood_test,False,512,42,False,0.9658714519307366,0.9339955402392054,10.44030650891055,3.166233731022718
shenzhen/CHNCXR_0168_0,shenzhen,unet,unet,shenzhen,ood_test,True,512,42,False,0.9658714519307366,0.9339955402392054,10.44030650891055,3.166233731022718
shenzhen/CHNCXR_0169_0,shenzhen,unet,unet,shenzhen,ood_test,False,512,42,False,0.9554921182089123,0.9147773174966052,7.615773105863909,3.192688000915872
shenzhen/CHNCXR_0169_0,shenzhen,unet,unet,shenzhen,ood_test,True,512,42,False,0.9556207970838833,0.915013238884495,7.0710678118654755,3.06684546368104
shenzhen/CHNCXR_0170_0,shenzhen,unet,unet,shenzhen,ood_test,False,512,42,False,0.9572829623387871,0.9180659064379995,8.94427190999916,2.793580340342052
shenzhen/CHNCXR_0170_0,shenzhen,unet,unet,shenzhen,ood_test,True,512,42,False,0.9572829623387871,0.9180659064379995,8.94427190999916,2.793580340342052
shenzhen/CHNCXR_0171_0,shenzhen,unet,unet,shenzhen,ood_test,False,512,42,False,0.9690381504180049,0.9399359935684358,7.0,2.482346214265913
shenzhen/CHNCXR_0171_0,shenzhen,unet,unet,shenzhen,ood_test,True,512,42,False,0.9690381504180049,0.9399359935684358,7.0,2.482346214265913
shenzhen/CHNCXR_0172_0,shenzhen,unet,unet,shenzhen,ood_test,False,512,42,False,0.9627992675800869,0.9282670533154767,8.329885794286437,3.3512548389808505
shenzhen/CHNCXR_0172_0,shenzhen,unet,unet,shenzhen,ood_test,True,512,42,False,0.9627992675800869,0.9282670533154767,8.329885794286437,3.3512548389808505
shenzhen/CHNCXR_0173_0,shenzhen,unet,unet,shenzhen,ood_test,False,512,42,False,0.9632163514424612,0.929042768742128,7.7032875623831085,2.987450699945513
shenzhen/CHNCXR_0173_0,shenzhen,unet,unet,shenzhen,ood_test,True,512,42,False,0.9632163514424612,0.929042768742128,7.7032875623831085,2.987450699945513
shenzhen/CHNCXR_0174_0,shenzhen,unet,unet,shenzhen,ood_test,False,512,42,False,0.9680815149004082,0.9381375843916366,6.0,2.40326052460401
shenzhen/CHNCXR_0174_0,shenzhen,unet,unet,shenzhen,ood_test,True,512,42,False,0.9680815149004082,0.9381375843916366,6.0,2.40326052460401
shenzhen/CHNCXR_0175_0,shenzhen,unet,unet,shenzhen,ood_test,False,512,42,False,0.9292247314331327,0.867805559869545,54.427913013963234,7.153603117544199
shenzhen/CHNCXR_0175_0,shenzhen,unet,unet,shenzhen,ood_test,True,512,42,False,0.9338837450279106,0.8759680200658411,38.897300677553446,5.83352611990511
shenzhen/CHNCXR_0176_0,shenzhen,unet,unet,shenzhen,ood_test,False,512,42,False,0.9144948430741932,0.8424601552921945,145.19260776237763,18.625709804711732
shenzhen/CHNCXR_0176_0,shenzhen,unet,unet,shenzhen,ood_test,True,512,42,False,0.9446347358894757,0.8950784794737642,19.209372712298546,3.479162562448782
shenzhen/CHNCXR_0177_0,shenzhen,unet,unet,shenzhen,ood_test,False,512,42,False,0.9735582364795848,0.9484787847491178,8.379525467753565,2.466433876634211
shenzhen/CHNCXR_0177_0,shenzhen,unet,unet,shenzhen,ood_test,True,512,42,False,0.9735582364795848,0.9484787847491178,8.379525467753565,2.466433876634211
shenzhen/CHNCXR_0178_0,shenzhen,unet,unet,shenzhen,ood_test,False,512,42,False,0.715344566150975,0.5568376914949815,61.76807450083322,20.962817748627337
shenzhen/CHNCXR_0178_0,shenzhen,unet,unet,shenzhen,ood_test,True,512,42,False,0.715344566150975,0.5568376914949815,61.76807450083322,20.962817748627337
shenzhen/CHNCXR_0179_0,shenzhen,unet,unet,shenzhen,ood_test,False,512,42,False,0.9714592620441485,0.9445024647004763,5.0,1.9766870554931701
shenzhen/CHNCXR_0179_0,shenzhen,unet,unet,shenzhen,ood_test,True,512,42,False,0.9714592620441485,0.9445024647004763,5.0,1.9766870554931701
shenzhen/CHNCXR_0180_0,shenzhen,unet,unet,shenzhen,ood_test,False,512,42,False,0.9426283049774392,0.8914824459693208,133.4246691296407,15.124380157856377
shenzhen/CHNCXR_0180_0,shenzhen,unet,unet,shenzhen,ood_test,True,512,42,False,0.959914856166276,0.9229194954444379,8.0,2.5729022702910798
shenzhen/CHNCXR_0221_0,shenzhen,unet,unet,shenzhen,ood_test,False,512,42,False,0.953943796057967,0.911943156078093,26.286141970300775,3.828118734511035
shenzhen/CHNCXR_0221_0,shenzhen,unet,unet,shenzhen,ood_test,True,512,42,False,0.953943796057967,0.911943156078093,26.286141970300775,3.828118734511035
shenzhen/CHNCXR_0222_0,shenzhen,unet,unet,shenzhen,ood_test,False,512,42,False,0.9688263789011144,0.939537590060411,13.92838827718412,2.695868405555061
shenzhen/CHNCXR_0222_0,shenzhen,unet,unet,shenzhen,ood_test,True,512,42,False,0.9691105716177444,0.940072276362889,9.219544457292887,2.3006935318948916
shenzhen/CHNCXR_0223_0,shenzhen,unet,unet,shenzhen,ood_test,False,512,42,False,0.9208973480113446,0.8533917939264094,30.610455730027933,5.039993557554312
shenzhen/CHNCXR_0223_0,shenzhen,unet,unet,shenzhen,ood_test,True,512,42,False,0.9208973480113446,0.8533917939264094,30.610455730027933,5.039993557554312
shenzhen/CHNCXR_0224_0,shenzhen,unet,unet,shenzhen,ood_test,False,512,42,False,0.9691807708458856,0.9402043961104518,9.153880729630684,2.451932121026968
shenzhen/CHNCXR_0224_0,shenzhen,unet,unet,shenzhen,ood_test,True,512,42,False,0.9693931591153966,0.9406042349605741,8.0,2.2335054620601906
shenzhen/CHNCXR_0225_0,shenzhen,unet,unet,shenzhen,ood_test,False,512,42,False,0.9739460186283323,0.9492151839090615,5.385164807134504,1.9760197134060997
shenzhen/CHNCXR_0225_0,shenzhen,unet,unet,shenzhen,ood_test,True,512,42,False,0.9739460186283323,0.9492151839090615,5.385164807134504,1.9760197134060997
shenzhen/CHNCXR_0226_0,shenzhen,unet,unet,shenzhen,ood_test,False,512,42,False,0.9623591713825865,0.9274492144501151,8.0,2.2653947685378686
shenzhen/CHNCXR_0226_0,shenzhen,unet,unet,shenzhen,ood_test,True,512,42,False,0.9622175141242938,0.9271861177271181,8.0,2.3945769432221673
shenzhen/CHNCXR_0227_0,shenzhen,unet,unet,shenzhen,ood_test,False,512,42,False,0.9575532929823738,0.9185633054776229,12.649110640673518,3.150852254539932
shenzhen/CHNCXR_0227_0,shenzhen,unet,unet,shenzhen,ood_test,True,512,42,False,0.9575532929823738,0.9185633054776229,12.649110640673518,3.150852254539932
shenzhen/CHNCXR_0228_0,shenzhen,unet,unet,shenzhen,ood_test,False,512,42,False,0.8791624601540577,0.7843799202825572,58.0,9.056240925620523
shenzhen/CHNCXR_0228_0,shenzhen,unet,unet,shenzhen,ood_test,True,512,42,False,0.8799210718945928,0.7855884525771438,47.27118726145299,8.486846029208623
shenzhen/CHNCXR_0229_0,shenzhen,unet,unet,shenzhen,ood_test,False,512,42,False,0.9431782742661826,0.8924667721145447,27.719519126378994,3.580491752110508
shenzhen/CHNCXR_0229_0,shenzhen,unet,unet,shenzhen,ood_test,True,512,42,False,0.9431782742661826,0.8924667721145447,27.719519126378994,3.580491752110508
shenzhen/CHNCXR_0230_0,shenzhen,unet,unet,shenzhen,ood_test,False,512,42,False,0.9503401287438341,0.9053791182914593,12.173731171623894,3.4540377767065613
shenzhen/CHNCXR_0230_0,shenzhen,unet,unet,shenzhen,ood_test,True,512,42,False,0.9506977144208648,0.9060284414573173,11.207013609796117,3.062255651046965
shenzhen/CHNCXR_0231_0,shenzhen,unet,unet,shenzhen,ood_test,False,512,42,False,0.951096301707932,0.9067527393187803,15.0,3.4748607852646733
shenzhen/CHNCXR_0231_0,shenzhen,unet,unet,shenzhen,ood_test,True,512,42,False,0.951096301707932,0.9067527393187803,15.0,3.4748607852646733
shenzhen/CHNCXR_0232_0,shenzhen,unet,unet,shenzhen,ood_test,False,512,42,False,0.9433437848143427,0.8927632007999826,65.73635580311526,6.124607613514806
shenzhen/CHNCXR_0232_0,shenzhen,unet,unet,shenzhen,ood_test,True,512,42,False,0.9589501704571989,0.9211376278485556,9.219544457292887,2.67497778421874
shenzhen/CHNCXR_0233_0,shenzhen,unet,unet,shenzhen,ood_test,False,512,42,False,0.9549776424980915,0.9138346520938881,10.389669780137288,2.9938111811584736
shenzhen/CHNCXR_0233_0,shenzhen,unet,unet,shenzhen,ood_test,True,512,42,False,0.9549776424980915,0.9138346520938881,10.389669780137288,2.9938111811584736
shenzhen/CHNCXR_0234_0,shenzhen,unet,unet,shenzhen,ood_test,False,512,42,False,0.9718720835449917,0.9452832356658624,5.0,1.9676587769501124
shenzhen/CHNCXR_0234_0,shenzhen,unet,unet,shenzhen,ood_test,True,512,42,False,0.9718720835449917,0.9452832356658624,5.0,1.9676587769501124
shenzhen/CHNCXR_0235_0,shenzhen,unet,unet,shenzhen,ood_test,False,512,42,False,0.9657914326317927,0.9338459021756912,13.703311226985443,2.996432609164917
shenzhen/CHNCXR_0235_0,shenzhen,unet,unet,shenzhen,ood_test,True,512,42,False,0.9657914326317927,0.9338459021756912,13.703311226985443,2.996432609164917
shenzhen/CHNCXR_0236_0,shenzhen,unet,unet,shenzhen,ood_test,False,512,42,False,0.9637245568702117,0.9299888010079093,8.06225774829855,2.5293760331338273
shenzhen/CHNCXR_0236_0,shenzhen,unet,unet,shenzhen,ood_test,True,512,42,False,0.9634636496429835,0.929503002293297,8.049806198638837,2.5535507832395288
shenzhen/CHNCXR_0237_0,shenzhen,unet,unet,shenzhen,ood_test,False,512,42,False,0.9587271131432303,0.920726089428185,9.433981132056603,2.7948491250579197
shenzhen/CHNCXR_0237_0,shenzhen,unet,unet,shenzhen,ood_test,True,512,42,False,0.9587271131432303,0.920726089428185,9.433981132056603,2.7948491250579197
shenzhen/CHNCXR_0238_0,shenzhen,unet,unet,shenzhen,ood_test,False,512,42,False,0.9652469817365649,0.932828380009446,8.0,2.3284860268706487
shenzhen/CHNCXR_0238_0,shenzhen,unet,unet,shenzhen,ood_test,True,512,42,False,0.9652469817365649,0.932828380009446,8.0,2.3284860268706487
shenzhen/CHNCXR_0239_0,shenzhen,unet,unet,shenzhen,ood_test,False,512,42,False,0.9616325776813334,0.9261004891062694,13.90861891893024,2.891338355828801
shenzhen/CHNCXR_0239_0,shenzhen,unet,unet,shenzhen,ood_test,True,512,42,False,0.9616325776813334,0.9261004891062694,13.90861891893024,2.891338355828801
shenzhen/CHNCXR_0240_0,shenzhen,unet,unet,shenzhen,ood_test,False,512,42,False,0.9689040236580339,0.9396836433165305,6.0,2.110828999159666
shenzhen/CHNCXR_0240_0,shenzhen,unet,unet,shenzhen,ood_test,True,512,42,False,0.9689040236580339,0.9396836433165305,6.0,2.110828999159666
shenzhen/CHNCXR_0241_0,shenzhen,unet,unet,shenzhen,ood_test,False,512,42,False,0.9235881080083272,0.8580248089784874,50.76365510495048,7.047595655415133
shenzhen/CHNCXR_0241_0,shenzhen,unet,unet,shenzhen,ood_test,True,512,42,False,0.9235881080083272,0.8580248089784874,50.76365510495048,7.047595655415133
shenzhen/CHNCXR_0242_0,shenzhen,unet,unet,shenzhen,ood_test,False,512,42,False,0.8946491334383712,0.8093802253227708,64.31554195550616,9.23615851917952
shenzhen/CHNCXR_0242_0,shenzhen,unet,unet,shenzhen,ood_test,True,512,42,False,0.8946491334383712,0.8093802253227708,64.31554195550616,9.23615851917952
shenzhen/CHNCXR_0243_0,shenzhen,unet,unet,shenzhen,ood_test,False,512,42,False,0.9249858115777525,0.8604405611941874,43.2062930512426,5.837431718885203
shenzhen/CHNCXR_0243_0,shenzhen,unet,unet,shenzhen,ood_test,True,512,42,False,0.9250383109143538,0.8605314220092662,43.2062930512426,5.845746180335003
shenzhen/CHNCXR_0244_0,shenzhen,unet,unet,shenzhen,ood_test,False,512,42,False,0.944291632517879,0.8944625822849426,23.349510758250624,5.490474294551248
shenzhen/CHNCXR_0244_0,shenzhen,unet,unet,shenzhen,ood_test,True,512,42,False,0.9450768003415846,0.895872610108111,19.0,5.057860876333386
shenzhen/CHNCXR_0245_0,shenzhen,unet,unet,shenzhen,ood_test,False,512,42,False,0.9620440842146881,0.9268641081801733,9.848857801796104,4.933341182552701
shenzhen/CHNCXR_0245_0,shenzhen,unet,unet,shenzhen,ood_test,True,512,42,False,0.9635361668426611,0.9296380018466045,8.06225774829855,2.602915932671703
shenzhen/CHNCXR_0246_0,shenzhen,unet,unet,shenzhen,ood_test,False,512,42,False,0.9631287490434539,0.9288797892264229,9.013846284534354,2.7074926020656833
shenzhen/CHNCXR_0246_0,shenzhen,unet,unet,shenzhen,ood_test,True,512,42,False,0.9631287490434539,0.9288797892264229,9.013846284534354,2.7074926020656833
shenzhen/CHNCXR_0247_0,shenzhen,unet,unet,shenzhen,ood_test,False,512,42,False,0.9332856589493758,0.8749162011173184,135.05924625881784,10.928036936500831
shenzhen/CHNCXR_0247_0,shenzhen,unet,unet,shenzhen,ood_test,True,512,42,False,0.9395190721391791,0.8859367928797707,12.070610555153891,3.880385598946218
shenzhen/CHNCXR_0248_0,shenzhen,unet,unet,shenzhen,ood_test,False,512,42,False,0.9235848114745915,0.8580191187564151,77.18670635798802,10.283366181257094
shenzhen/CHNCXR_0248_0,shenzhen,unet,unet,shenzhen,ood_test,True,512,42,False,0.9348460248058046,0.877662804230127,25.0,5.505676292792844
shenzhen/CHNCXR_0249_0,shenzhen,unet,unet,shenzhen,ood_test,False,512,42,False,0.9568215986626997,0.9172176086430702,12.649110640673518,3.026967496519991
shenzhen/CHNCXR_0249_0,shenzhen,unet,unet,shenzhen,ood_test,True,512,42,False,0.9568215986626997,0.9172176086430702,12.649110640673518,3.026967496519991
shenzhen/CHNCXR_0250_0,shenzhen,unet,unet,shenzhen,ood_test,False,512,42,False,0.9058726547301085,0.8279407864599657,57.994826432508596,7.846259105582105
shenzhen/CHNCXR_0250_0,shenzhen,unet,unet,shenzhen,ood_test,True,512,42,False,0.9058726547301085,0.8279407864599657,57.994826432508596,7.846259105582105
shenzhen/CHNCXR_0251_0,shenzhen,unet,unet,shenzhen,ood_test,False,512,42,False,0.937861892280125,0.8829942975056816,51.96576322636433,5.550101510598283
shenzhen/CHNCXR_0251_0,shenzhen,unet,unet,shenzhen,ood_test,True,512,42,False,0.937861892280125,0.8829942975056816,51.96576322636433,5.550101510598283
shenzhen/CHNCXR_0252_0,shenzhen,unet,unet,shenzhen,ood_test,False,512,42,False,0.9563259519820483,0.916307111207961,13.0,3.262052934991555
shenzhen/CHNCXR_0252_0,shenzhen,unet,unet,shenzhen,ood_test,True,512,42,False,0.9563259519820483,0.916307111207961,13.0,3.262052934991555
shenzhen/CHNCXR_0253_0,shenzhen,unet,unet,shenzhen,ood_test,False,512,42,False,0.9245097873348335,0.8596171089682078,45.98042784294689,5.6658827857525615
shenzhen/CHNCXR_0253_0,shenzhen,unet,unet,shenzhen,ood_test,True,512,42,False,0.9245097873348335,0.8596171089682078,45.98042784294689,5.6658827857525615
shenzhen/CHNCXR_0254_0,shenzhen,unet,unet,shenzhen,ood_test,False,512,42,False,0.9009877688795648,0.8198159614302146,60.83995272940823,7.984960956601292
shenzhen/CHNCXR_0254_0,shenzhen,unet,unet,shenzhen,ood_test,True,512,42,False,0.9009877688795648,0.8198159614302146,60.83995272940823,7.984960956601292
shenzhen/CHNCXR_0255_0,shenzhen,unet,unet,shenzhen,ood_test,False,512,42,False,0.9357558957328411,0.8792681039818444,22.360679774997898,4.970588101993595
shenzhen/CHNCXR_0255_0,shenzhen,unet,unet,shenzhen,ood_test,True,512,42,False,0.9357558957328411,0.8792681039818444,22.360679774997898,4.970588101993595
shenzhen/CHNCXR_0256_0,shenzhen,unet,unet,shenzhen,ood_test,False,512,42,False,0.917153052016326,0.8469830881678339,72.92642420390554,8.85674210825573
shenzhen/CHNCXR_0256_0,shenzhen,unet,unet,shenzhen,ood_test,True,512,42,False,0.9179814385150812,0.8483971266216361,63.01981704530529,8.092409008012792
shenzhen/CHNCXR_0257_0,shenzhen,unet,unet,shenzhen,ood_test,False,512,42,False,0.9674992115104456,0.937044525579298,11.0,3.430477418966072
shenzhen/CHNCXR_0257_0,shenzhen,unet,unet,shenzhen,ood_test,True,512,42,False,0.9678117229930215,0.9376309967396367,10.014962686336265,2.5815631352767863
shenzhen/CHNCXR_0258_0,shenzhen,unet,unet,shenzhen,ood_test,False,512,42,False,0.9582010056900887,0.9197561246685614,144.08677940741129,9.878445604993098
shenzhen/CHNCXR_0258_0,shenzhen,unet,unet,shenzhen,ood_test,True,512,42,False,0.9688338838483087,0.9395517062410795,5.0990195135927845,2.1642286841513045
shenzhen/CHNCXR_0259_0,shenzhen,unet,unet,shenzhen,ood_test,False,512,42,False,0.9488050901747033,0.902596731877621,19.719549620579745,5.169718294037641
shenzhen/CHNCXR_0259_0,shenzhen,unet,unet,shenzhen,ood_test,True,512,42,False,0.9501979035274672,0.90512098110706,10.43307269051438,3.095011567762949
shenzhen/CHNCXR_0260_0,shenzhen,unet,unet,shenzhen,ood_test,False,512,42,False,0.9355686291856504,0.8789374823384697,137.08463114253402,14.635680201625842
shenzhen/CHNCXR_0260_0,shenzhen,unet,unet,shenzhen,ood_test,True,512,42,False,0.9566680537714172,0.9169354559012243,10.0,2.976859675614707
shenzhen/CHNCXR_0261_0,shenzhen,unet,unet,shenzhen,ood_test,False,512,42,False,0.9537277287666494,0.9115483177647351,59.69500538933467,7.340912722571679
shenzhen/CHNCXR_0261_0,shenzhen,unet,unet,shenzhen,ood_test,True,512,42,False,0.960645301940266,0.9242708997550089,17.61275231477181,3.0606157983267193
shenzhen/CHNCXR_0262_0,shenzhen,unet,unet,shenzhen,ood_test,False,512,42,False,0.966885821227115,0.9358944452544102,117.53892448498033,6.350345281179428
shenzhen/CHNCXR_0262_0,shenzhen,unet,unet,shenzhen,ood_test,True,512,42,False,0.9692508625310473,0.9403363314094865,7.5989899450346785,2.244489525558433
shenzhen/CHNCXR_0263_0,shenzhen,unet,unet,shenzhen,ood_test,False,512,42,False,0.9590216270198588,0.9212695017614494,46.21133078703316,5.949497942840472
shenzhen/CHNCXR_0263_0,shenzhen,unet,unet,shenzhen,ood_test,True,512,42,False,0.963802691763467,0.930134332624091,11.0,2.664683520374962
shenzhen/CHNCXR_0264_0,shenzhen,unet,unet,shenzhen,ood_test,False,512,42,False,0.9511553260631193,0.9068600429584291,8.316071923862523,3.1495682591039844
shenzhen/CHNCXR_0264_0,shenzhen,unet,unet,shenzhen,ood_test,True,512,42,False,0.9511553260631193,0.9068600429584291,8.316071923862523,3.1495682591039844
shenzhen/CHNCXR_0265_0,shenzhen,unet,unet,shenzhen,ood_test,False,512,42,False,0.9362079149438866,0.8800666296501943,50.95723237042522,6.085047341568327
shenzhen/CHNCXR_0265_0,shenzhen,unet,unet,shenzhen,ood_test,True,512,42,False,0.9458399177818788,0.8972450519959745,12.61336667431397,3.588534424062358
shenzhen/CHNCXR_0266_0,shenzhen,unet,unet,shenzhen,ood_test,False,512,42,False,0.9575983008506751,0.918646143451363,11.180339887498949,2.9121982536189597
shenzhen/CHNCXR_0266_0,shenzhen,unet,unet,shenzhen,ood_test,True,512,42,False,0.9575983008506751,0.918646143451363,11.180339887498949,2.9121982536189597
shenzhen/CHNCXR_0267_0,shenzhen,unet,unet,shenzhen,ood_test,False,512,42,False,0.94055339927382,0.8877780141341086,155.52250883675083,10.912633119551213
shenzhen/CHNCXR_0267_0,shenzhen,unet,unet,shenzhen,ood_test,True,512,42,False,0.9543906901107836,0.9127603217418775,8.54400374531753,2.7779316727124055
shenzhen/CHNCXR_0268_0,shenzhen,unet,unet,shenzhen,ood_test,False,512,42,False,0.9645239316865792,0.9314787286755858,9.293426937234987,2.5040749791273647
shenzhen/CHNCXR_0268_0,shenzhen,unet,unet,shenzhen,ood_test,True,512,42,False,0.9645239316865792,0.9314787286755858,9.293426937234987,2.5040749791273647
shenzhen/CHNCXR_0269_0,shenzhen,unet,unet,shenzhen,ood_test,False,512,42,False,0.9609918836827167,0.9249127784380631,8.94427190999916,2.7749068352499275
shenzhen/CHNCXR_0269_0,shenzhen,unet,unet,shenzhen,ood_test,True,512,42,False,0.9609918836827167,0.9249127784380631,8.94427190999916,2.7749068352499275
shenzhen/CHNCXR_0270_0,shenzhen,unet,unet,shenzhen,ood_test,False,512,42,False,0.970051252495729,0.941844198409209,35.22944358925635,3.367415481982896
shenzhen/CHNCXR_0270_0,shenzhen,unet,unet,shenzhen,ood_test,True,512,42,False,0.9751797630748539,0.9515617743856886,6.045519391664017,1.6714428938913017
shenzhen/CHNCXR_0271_0,shenzhen,unet,unet,shenzhen,ood_test,False,512,42,False,0.9705315669200782,0.9427501958622291,7.481507819230522,2.2164155714019387
shenzhen/CHNCXR_0271_0,shenzhen,unet,unet,shenzhen,ood_test,True,512,42,False,0.9705315669200782,0.9427501958622291,7.481507819230522,2.2164155714019387
shenzhen/CHNCXR_0272_0,shenzhen,unet,unet,shenzhen,ood_test,False,512,42,False,0.974453572424444,0.9501798711620514,6.0,2.3242005645756145
shenzhen/CHNCXR_0272_0,shenzhen,unet,unet,shenzhen,ood_test,True,512,42,False,0.974453572424444,0.9501798711620514,6.0,2.3242005645756145
shenzhen/CHNCXR_0273_0,shenzhen,unet,unet,shenzhen,ood_test,False,512,42,False,0.9614625823135781,0.925785210951238,12.031195934094221,3.226073640150752
shenzhen/CHNCXR_0273_0,shenzhen,unet,unet,shenzhen,ood_test,True,512,42,False,0.9614625823135781,0.925785210951238,12.031195934094221,3.226073640150752
shenzhen/CHNCXR_0274_0,shenzhen,unet,unet,shenzhen,ood_test,False,512,42,False,0.9505297358383953,0.9057233618693803,83.54340087492895,7.0651440334960425
shenzhen/CHNCXR_0274_0,shenzhen,unet,unet,shenzhen,ood_test,True,512,42,False,0.9714939130033033,0.9445679761022393,9.219544457292887,2.508013675914503
shenzhen/CHNCXR_0275_0,shenzhen,unet,unet,shenzhen,ood_test,False,512,42,False,0.9712075633863343,0.9440267335004177,9.496212632517471,2.482755078336584
shenzhen/CHNCXR_0275_0,shenzhen,unet,unet,shenzhen,ood_test,True,512,42,False,0.9731629541698671,0.9477287152053677,6.033105012119276,1.7800965449747297
shenzhen/CHNCXR_0276_0,shenzhen,unet,unet,shenzhen,ood_test,False,512,42,False,0.9631796842880226,0.9289745481372187,9.393281997380814,2.367155804404827
shenzhen/CHNCXR_0276_0,shenzhen,unet,unet,shenzhen,ood_test,True,512,42,False,0.9628623621565271,0.9283843600147547,9.0,2.5480520309723835
shenzhen/CHNCXR_0277_0,shenzhen,unet,unet,shenzhen,ood_test,False,512,42,False,0.9658191191978708,0.9338976741174757,8.0,2.526579688060036
shenzhen/CHNCXR_0277_0,shenzhen,unet,unet,shenzhen,ood_test,True,512,42,False,0.9658191191978708,0.9338976741174757,8.0,2.526579688060036
shenzhen/CHNCXR_0278_0,shenzhen,unet,unet,shenzhen,ood_test,False,512,42,False,0.9719965511147289,0.9455187647169143,10.0,2.6142120157794166
shenzhen/CHNCXR_0278_0,shenzhen,unet,unet,shenzhen,ood_test,True,512,42,False,0.9719965511147289,0.9455187647169143,10.0,2.6142120157794166
shenzhen/CHNCXR_0279_0,shenzhen,unet,unet,shenzhen,ood_test,False,512,42,False,0.9721617943020672,0.9458315412997714,6.324555320336759,2.3750122979843686
shenzhen/CHNCXR_0279_0,shenzhen,unet,unet,shenzhen,ood_test,True,512,42,False,0.9721617943020672,0.9458315412997714,6.324555320336759,2.3750122979843686
shenzhen/CHNCXR_0280_0,shenzhen,unet,unet,shenzhen,ood_test,False,512,42,False,0.9654653474242203,0.9332363541621433,5.385164807134504,2.233138436796571
shenzhen/CHNCXR_0280_0,shenzhen,unet,unet,shenzhen,ood_test,True,512,42,False,0.9654653474242203,0.9332363541621433,5.385164807134504,2.233138436796571
shenzhen/CHNCXR_0281_0,shenzhen,unet,unet,shenzhen,ood_test,False,512,42,False,0.9037059309930091,0.8243280307185957,58.5567179438122,7.8143633513166
shenzhen/CHNCXR_0281_0,shenzhen,unet,unet,shenzhen,ood_test,True,512,42,False,0.9037059309930091,0.8243280307185957,58.5567179438122,7.8143633513166
shenzhen/CHNCXR_0282_0,shenzhen,unet,unet,shenzhen,ood_test,False,512,42,False,0.9598544660724031,0.9228078521358313,18.027756377319946,4.5193761021916234
shenzhen/CHNCXR_0282_0,shenzhen,unet,unet,shenzhen,ood_test,True,512,42,False,0.9602946957673884,0.9236220031369035,15.803442677924698,3.074502214481049
shenzhen/CHNCXR_0283_0,shenzhen,unet,unet,shenzhen,ood_test,False,512,42,False,0.97626714754943,0.9536346764807649,7.0,1.7332993697286379
shenzhen/CHNCXR_0283_0,shenzhen,unet,unet,shenzhen,ood_test,True,512,42,False,0.97626714754943,0.9536346764807649,7.0,1.7332993697286379
shenzhen/CHNCXR_0284_0,shenzhen,unet,unet,shenzhen,ood_test,False,512,42,False,0.9547497821200862,0.9134174437739989,12.439265317808115,2.841705314524229
shenzhen/CHNCXR_0284_0,shenzhen,unet,unet,shenzhen,ood_test,True,512,42,False,0.9547497821200862,0.9134174437739989,12.439265317808115,2.841705314524229
shenzhen/CHNCXR_0285_0,shenzhen,unet,unet,shenzhen,ood_test,False,512,42,False,0.9084716573510982,0.8322932367898348,43.04648650006177,7.849550106345514
shenzhen/CHNCXR_0285_0,shenzhen,unet,unet,shenzhen,ood_test,True,512,42,False,0.9088629598578604,0.8329503320128012,43.04648650006177,7.339234746753307
shenzhen/CHNCXR_0286_0,shenzhen,unet,unet,shenzhen,ood_test,False,512,42,False,0.932414647363939,0.8733865119651921,62.758207280599336,6.490947877951933
shenzhen/CHNCXR_0286_0,shenzhen,unet,unet,shenzhen,ood_test,True,512,42,False,0.9324266783654405,0.8734076240663299,62.758207280599336,6.453908647594236
shenzhen/CHNCXR_0287_0,shenzhen,unet,unet,shenzhen,ood_test,False,512,42,False,0.9541691704075501,0.9123551758168963,58.728187440104094,6.385009790144472
shenzhen/CHNCXR_0287_0,shenzhen,unet,unet,shenzhen,ood_test,True,512,42,False,0.9584581954524151,0.9202301734482382,14.866068747318506,3.4305428124964736
shenzhen/CHNCXR_0288_0,shenzhen,unet,unet,shenzhen,ood_test,False,512,42,False,0.970438079761663,0.9425737886041985,11.505814066471032,2.836521014327534
shenzhen/CHNCXR_0288_0,shenzhen,unet,unet,shenzhen,ood_test,True,512,42,False,0.970438079761663,0.9425737886041985,11.505814066471032,2.836521014327534
shenzhen/CHNCXR_0289_0,shenzhen,unet,unet,shenzhen,ood_test,False,512,42,False,0.9126865533971628,0.8393959959280625,49.09725794091085,6.043568597657018
shenzhen/CHNCXR_0289_0,shenzhen,unet,unet,shenzhen,ood_test,True,512,42,False,0.9126865533971628,0.8393959959280625,49.09725794091085,6.043568597657018
shenzhen/CHNCXR_0290_0,shenzhen,unet,unet,shenzhen,ood_test,False,512,42,False,0.9037609899055682,0.824419658106964,51.85252575367828,7.262311210334415
shenzhen/CHNCXR_0290_0,shenzhen,unet,unet,shenzhen,ood_test,True,512,42,False,0.9037683471861543,0.8244319025694341,51.85252575367828,7.216971376904258
shenzhen/CHNCXR_0291_0,shenzhen,unet,unet,shenzhen,ood_test,False,512,42,False,0.9589449928288197,0.9211280731788851,16.55294535724685,4.119255576465069
shenzhen/CHNCXR_0291_0,shenzhen,unet,unet,shenzhen,ood_test,True,512,42,False,0.9589395033931463,0.9211179432114023,16.55294535724685,4.113184739951919
shenzhen/CHNCXR_0292_0,shenzhen,unet,unet,shenzhen,ood_test,False,512,42,False,0.9202688700549961,0.8523129921259842,44.318607039388986,6.167295756644725
shenzhen/CHNCXR_0292_0,shenzhen,unet,unet,shenzhen,ood_test,True,512,42,False,0.9202688700549961,0.8523129921259842,44.318607039388986,6.167295756644725
shenzhen/CHNCXR_0293_0,shenzhen,unet,unet,shenzhen,ood_test,False,512,42,False,0.9009340483716305,0.8197270118656774,65.27131159292256,8.457043113970265
shenzhen/CHNCXR_0293_0,shenzhen,unet,unet,shenzhen,ood_test,True,512,42,False,0.9011964986074007,0.8201616553507921,65.27131159292256,7.432720520724377
shenzhen/CHNCXR_0294_0,shenzhen,unet,unet,shenzhen,ood_test,False,512,42,False,0.827469415575746,0.7057124364752133,127.03463883780215,26.48390269763822
shenzhen/CHNCXR_0294_0,shenzhen,unet,unet,shenzhen,ood_test,True,512,42,False,0.8588433513489858,0.7526077619266759,67.63718441537281,10.690621777376561
shenzhen/CHNCXR_0295_0,shenzhen,unet,unet,shenzhen,ood_test,False,512,42,False,0.8946745999482613,0.8094219131365141,78.85207664261247,8.956906334922738
shenzhen/CHNCXR_0295_0,shenzhen,unet,unet,shenzhen,ood_test,True,512,42,False,0.8946745999482613,0.8094219131365141,78.85207664261247,8.956906334922738
shenzhen/CHNCXR_0296_0,shenzhen,unet,unet,shenzhen,ood_test,False,512,42,False,0.9497238269853899,0.9042610423688805,15.981138830084165,4.3395684622782005
shenzhen/CHNCXR_0296_0,shenzhen,unet,unet,shenzhen,ood_test,True,512,42,False,0.9497238269853899,0.9042610423688805,15.981138830084165,4.3395684622782005
shenzhen/CHNCXR_0297_0,shenzhen,unet,unet,shenzhen,ood_test,False,512,42,False,0.7728271761922005,0.6297622968818621,111.4762957433245,23.165702755399153
shenzhen/CHNCXR_0297_0,shenzhen,unet,unet,shenzhen,ood_test,True,512,42,False,0.7911892753998017,0.6545187425115536,66.17400784748418,15.722963000397867
shenzhen/CHNCXR_0298_0,shenzhen,unet,unet,shenzhen,ood_test,False,512,42,False,0.9062887290300693,0.8286361794793883,64.61036130367071,7.297003847270873
shenzhen/CHNCXR_0298_0,shenzhen,unet,unet,shenzhen,ood_test,True,512,42,False,0.9062887290300693,0.8286361794793883,64.61036130367071,7.297003847270873
shenzhen/CHNCXR_0299_0,shenzhen,unet,unet,shenzhen,ood_test,False,512,42,False,0.9000749730565578,0.8183057490361472,113.00442469213318,18.48696988136271
shenzhen/CHNCXR_0299_0,shenzhen,unet,unet,shenzhen,ood_test,True,512,42,False,0.9283617075263101,0.8663013575068778,18.0,4.303817179362148
shenzhen/CHNCXR_0300_0,shenzhen,unet,unet,shenzhen,ood_test,False,512,42,False,0.9379410937986675,0.883134719102731,124.39955689102841,14.749222622057866
shenzhen/CHNCXR_0300_0,shenzhen,unet,unet,shenzhen,ood_test,True,512,42,False,0.9556998769226006,0.9151582536505819,13.030589287593154,3.413331568047635
shenzhen/CHNCXR_0301_0,shenzhen,unet,unet,shenzhen,ood_test,False,512,42,False,0.9384943940202883,0.8841162860879187,132.368796562761,15.471909307301914
shenzhen/CHNCXR_0301_0,shenzhen,unet,unet,shenzhen,ood_test,True,512,42,False,0.9649405306495883,0.9322561255878089,8.94427190999916,2.392457670548677
shenzhen/CHNCXR_0302_0,shenzhen,unet,unet,shenzhen,ood_test,False,512,42,False,0.953358418061004,0.9108738220536042,14.872765309952575,3.7191284892265006
shenzhen/CHNCXR_0302_0,shenzhen,unet,unet,shenzhen,ood_test,True,512,42,False,0.9533889484892639,0.9109295636741938,14.560219778561036,3.637633132604958
shenzhen/CHNCXR_0303_0,shenzhen,unet,unet,shenzhen,ood_test,False,512,42,False,0.884463297145733,0.7928589842742975,61.107217066517734,10.115845672508428
shenzhen/CHNCXR_0303_0,shenzhen,unet,unet,shenzhen,ood_test,True,512,42,False,0.887878459817401,0.7983645921214875,50.1926201320494,7.439290196511966
shenzhen/CHNCXR_0304_0,shenzhen,unet,unet,shenzhen,ood_test,False,512,42,False,0.9635329246099754,0.9296319656342158,143.72919451576112,9.622969756894868
shenzhen/CHNCXR_0304_0,shenzhen,unet,unet,shenzhen,ood_test,True,512,42,False,0.9725281094239017,0.9465252707581228,6.324555320336759,1.8904502714763831
shenzhen/CHNCXR_0305_0,shenzhen,unet,unet,shenzhen,ood_test,False,512,42,False,0.9718783713589324,0.9452951326814557,11.180339887498949,3.8358286617169015
shenzhen/CHNCXR_0305_0,shenzhen,unet,unet,shenzhen,ood_test,True,512,42,False,0.9731226245249049,0.9476522199884676,8.06225774829855,1.992749367248158
shenzhen/CHNCXR_0306_0,shenzhen,unet,unet,shenzhen,ood_test,False,512,42,False,0.9699267720454061,0.9416095338885566,5.830951894845301,1.9027141287218003
shenzhen/CHNCXR_0306_0,shenzhen,unet,unet,shenzhen,ood_test,True,512,42,False,0.9699267720454061,0.9416095338885566,5.830951894845301,1.9027141287218003
shenzhen/CHNCXR_0307_0,shenzhen,unet,unet,shenzhen,ood_test,False,512,42,False,0.9364942930817358,0.8805728892564468,132.78874134523562,12.553048591513912
shenzhen/CHNCXR_0307_0,shenzhen,unet,unet,shenzhen,ood_test,True,512,42,False,0.9469524704645828,0.8992495057486708,20.529230891676804,3.5076146406143702
shenzhen/CHNCXR_0308_0,shenzhen,unet,unet,shenzhen,ood_test,False,512,42,False,0.978152083104784,0.9572384177058386,15.097320787657976,4.640350995276264
shenzhen/CHNCXR_0308_0,shenzhen,unet,unet,shenzhen,ood_test,True,512,42,False,0.9793256110646423,0.9594887671142162,5.0,1.5576306968702982
shenzhen/CHNCXR_0309_0,shenzhen,unet,unet,shenzhen,ood_test,False,512,42,False,0.883838689015916,0.791855693543672,130.99484266061003,24.37182440861322
shenzhen/CHNCXR_0309_0,shenzhen,unet,unet,shenzhen,ood_test,True,512,42,False,0.9728568483082919,0.9471482594280978,7.056854249492377,2.152927141540332
shenzhen/CHNCXR_0310_0,shenzhen,unet,unet,shenzhen,ood_test,False,512,42,False,0.958999933309127,0.9212294638535349,21.26325379668033,3.8901232479202994
shenzhen/CHNCXR_0310_0,shenzhen,unet,unet,shenzhen,ood_test,True,512,42,False,0.9599239899346046,0.9229363821921523,11.0,2.9752563980529474
shenzhen/CHNCXR_0311_0,shenzhen,unet,unet,shenzhen,ood_test,False,512,42,False,0.9698143889827602,0.9413977234890059,8.994272862661354,2.4937685812030423
shenzhen/CHNCXR_0311_0,shenzhen,unet,unet,shenzhen,ood_test,True,512,42,False,0.9699314515872864,0.9416183545084494,7.0,2.382917765484433
shenzhen/CHNCXR_0312_0,shenzhen,unet,unet,shenzhen,ood_test,False,512,42,False,0.9756204437716608,0.9524013221854949,4.242640687119285,1.685395468396452
shenzhen/CHNCXR_0312_0,shenzhen,unet,unet,shenzhen,ood_test,True,512,42,False,0.9756204437716608,0.9524013221854949,4.242640687119285,1.685395468396452
shenzhen/CHNCXR_0313_0,shenzhen,unet,unet,shenzhen,ood_test,False,512,42,False,0.9368344719667189,0.8811746122917863,59.0701251195624,7.052044507032183
shenzhen/CHNCXR_0313_0,shenzhen,unet,unet,shenzhen,ood_test,True,512,42,False,0.9435053765507433,0.8930527005148169,19.0,4.071024472877801
shenzhen/CHNCXR_0314_0,shenzhen,unet,unet,shenzhen,ood_test,False,512,42,False,0.964033257559244,0.9305639052542984,6.708203932499369,2.6704340152828743
shenzhen/CHNCXR_0314_0,shenzhen,unet,unet,shenzhen,ood_test,True,512,42,False,0.964033257559244,0.9305639052542984,6.708203932499369,2.6704340152828743
shenzhen/CHNCXR_0315_0,shenzhen,unet,unet,shenzhen,ood_test,False,512,42,False,0.9766138683562126,0.9542965632996726,6.324555320336759,1.8899571455236603
shenzhen/CHNCXR_0315_0,shenzhen,unet,unet,shenzhen,ood_test,True,512,42,False,0.9766138683562126,0.9542965632996726,6.324555320336759,1.8899571455236603
shenzhen/CHNCXR_0316_0,shenzhen,unet,unet,shenzhen,ood_test,False,512,42,False,0.9567805724197745,0.917142211048592,10.0,3.4523001797192108
shenzhen/CHNCXR_0316_0,shenzhen,unet,unet,shenzhen,ood_test,True,512,42,False,0.9567805724197745,0.917142211048592,10.0,3.4523001797192108
shenzhen/CHNCXR_0317_0,shenzhen,unet,unet,shenzhen,ood_test,False,512,42,False,0.9625720662079227,0.9278447541791781,13.0,2.441787669335967
shenzhen/CHNCXR_0317_0,shenzhen,unet,unet,shenzhen,ood_test,True,512,42,False,0.9617675341998325,0.9263508567501755,13.345401254169952,2.761450234718683
shenzhen/CHNCXR_0318_0,shenzhen,unet,unet,shenzhen,ood_test,False,512,42,False,0.9412513086923678,0.889022405807986,166.87720036002523,16.10125515911854
shenzhen/CHNCXR_0318_0,shenzhen,unet,unet,shenzhen,ood_test,True,512,42,False,0.9691941349453819,0.9402295502985213,8.94427190999916,2.567424636505383
shenzhen/CHNCXR_0319_0,shenzhen,unet,unet,shenzhen,ood_test,False,512,42,False,0.8566140626291002,0.7491906578795237,131.35821424230377,28.900262553752473
shenzhen/CHNCXR_0319_0,shenzhen,unet,unet,shenzhen,ood_test,True,512,42,False,0.9560414226828841,0.9157848246621323,12.083045973594572,2.9754148525927815
shenzhen/CHNCXR_0320_0,shenzhen,unet,unet,shenzhen,ood_test,False,512,42,False,0.9595637978108872,0.9222706743497897,18.0,3.200598645789048
shenzhen/CHNCXR_0320_0,shenzhen,unet,unet,shenzhen,ood_test,True,512,42,False,0.9595469386763026,0.9222395265534964,18.0,3.1917316742231407
shenzhen/CHNCXR_0321_0,shenzhen,unet,unet,shenzhen,ood_test,False,512,42,False,0.966891200342751,0.935904524928578,12.649110640673518,2.4917724801248875
shenzhen/CHNCXR_0321_0,shenzhen,unet,unet,shenzhen,ood_test,True,512,42,False,0.966891200342751,0.935904524928578,12.649110640673518,2.4917724801248875
shenzhen/CHNCXR_0322_0,shenzhen,unet,unet,shenzhen,ood_test,False,512,42,False,0.9651503159587432,0.9326478336348075,130.25798227147158,10.610571783390183
shenzhen/CHNCXR_0322_0,shenzhen,unet,unet,shenzhen,ood_test,True,512,42,False,0.9744542675579345,0.9501811930293248,6.0,2.0869484563762617
shenzhen/CHNCXR_0323_0,shenzhen,unet,unet,shenzhen,ood_test,False,512,42,False,0.9642198177148527,0.9309116299054712,9.848857801796104,2.573049330896086
shenzhen/CHNCXR_0323_0,shenzhen,unet,unet,shenzhen,ood_test,True,512,42,False,0.9642198177148527,0.9309116299054712,9.848857801796104,2.573049330896086
shenzhen/CHNCXR_0324_0,shenzhen,unet,unet,shenzhen,ood_test,False,512,42,False,0.9570252971654983,0.9175920514319111,14.7648230602334,4.334130404838783
shenzhen/CHNCXR_0324_0,shenzhen,unet,unet,shenzhen,ood_test,True,512,42,False,0.9573095895122771,0.918114888065856,12.196093833034892,3.3359336576177054
shenzhen/CHNCXR_0325_0,shenzhen,unet,unet,shenzhen,ood_test,False,512,42,False,0.9661471952027333,0.9345113644027787,7.0,2.5531891400877145
shenzhen/CHNCXR_0325_0,shenzhen,unet,unet,shenzhen,ood_test,True,512,42,False,0.9661471952027333,0.9345113644027787,7.0,2.5531891400877145
shenzhen/CHNCXR_0326_0,shenzhen,unet,unet,shenzhen,ood_test,False,512,42,False,0.9398066707306453,0.8864483908593583,35.257562636064996,4.582557988638981
shenzhen/CHNCXR_0326_0,shenzhen,unet,unet,shenzhen,ood_test,True,512,42,False,0.9398066707306453,0.8864483908593583,35.257562636064996,4.582557988638981
shenzhen/CHNCXR_0327_1,shenzhen,unet,unet,shenzhen,ood_test,False,512,42,False,0.9122838580709646,0.8387150129564626,56.891558082645986,8.496379521785485
shenzhen/CHNCXR_0327_1,shenzhen,unet,unet,shenzhen,ood_test,True,512,42,False,0.9122838580709646,0.8387150129564626,56.891558082645986,8.496379521785485
shenzhen/CHNCXR_0328_1,shenzhen,unet,unet,shenzhen,ood_test,False,512,42,False,0.910389839477862,0.8355188602881658,136.16531926778052,18.507189457464317
shenzhen/CHNCXR_0328_1,shenzhen,unet,unet,shenzhen,ood_test,True,512,42,False,0.9229706221853713,0.8569595604329253,49.523728353800024,6.194745263059748
shenzhen/CHNCXR_0329_1,shenzhen,unet,unet,shenzhen,ood_test,False,512,42,False,0.9659859907396414,0.9342097709397784,19.03530760925067,2.7934210669862383
shenzhen/CHNCXR_0329_1,shenzhen,unet,unet,shenzhen,ood_test,True,512,42,False,0.9661604303504027,0.9345361298928292,14.670164833920778,2.901810497329018
shenzhen/CHNCXR_0330_1,shenzhen,unet,unet,shenzhen,ood_test,False,512,42,False,0.972093328553468,0.9457019353571078,15.839680055715586,2.6444751918473957
shenzhen/CHNCXR_0330_1,shenzhen,unet,unet,shenzhen,ood_test,True,512,42,False,0.972093328553468,0.9457019353571078,15.839680055715586,2.6444751918473957
shenzhen/CHNCXR_0331_1,shenzhen,unet,unet,shenzhen,ood_test,False,512,42,False,0.9614051417795036,0.9256787034616677,17.26267650163207,3.644832707230864
shenzhen/CHNCXR_0331_1,shenzhen,unet,unet,shenzhen,ood_test,True,512,42,False,0.9614051417795036,0.9256787034616677,17.26267650163207,3.644832707230864
shenzhen/CHNCXR_0332_1,shenzhen,unet,unet,shenzhen,ood_test,False,512,42,False,0.9287325676784249,0.8669474490284292,28.351325404039947,5.943683540764048
shenzhen/CHNCXR_0332_1,shenzhen,unet,unet,shenzhen,ood_test,True,512,42,False,0.9286898461222932,0.86687299915978,28.351325404039947,5.905648329706922
shenzhen/CHNCXR_0333_1,shenzhen,unet,unet,shenzhen,ood_test,False,512,42,False,0.966771079841711,0.9356794617146441,25.0,4.26760697110477
shenzhen/CHNCXR_0333_1,shenzhen,unet,unet,shenzhen,ood_test,True,512,42,False,0.9695698416450012,0.940936980331441,14.539517577055262,2.9236313908066665
shenzhen/CHNCXR_0334_1,shenzhen,unet,unet,shenzhen,ood_test,False,512,42,False,0.9692557430272025,0.9403455187553689,9.470977425970569,2.5504089267989123
shenzhen/CHNCXR_0334_1,shenzhen,unet,unet,shenzhen,ood_test,True,512,42,False,0.9692557430272025,0.9403455187553689,9.470977425970569,2.5504089267989123
shenzhen/CHNCXR_0335_1,shenzhen,unet,unet,shenzhen,ood_test,False,512,42,False,0.9636005834915916,0.9297579370875436,9.45512187143601,3.029632501182718
shenzhen/CHNCXR_0335_1,shenzhen,unet,unet,shenzhen,ood_test,True,512,42,False,0.9636005834915916,0.9297579370875436,9.45512187143601,3.029632501182718
shenzhen/CHNCXR_0337_1,shenzhen,unet,unet,shenzhen,ood_test,False,512,42,False,0.8983633598804093,0.815480646851838,75.234957819789,10.202571069830793
shenzhen/CHNCXR_0337_1,shenzhen,unet,unet,shenzhen,ood_test,True,512,42,False,0.8966935726201701,0.8127330271696767,82.83898012525799,10.685656958738956
shenzhen/CHNCXR_0338_1,shenzhen,unet,unet,shenzhen,ood_test,False,512,42,False,0.8627339386399132,0.7586034332266511,65.12743388266962,11.477439284991673
shenzhen/CHNCXR_0338_1,shenzhen,unet,unet,shenzhen,ood_test,True,512,42,False,0.8627339386399132,0.7586034332266511,65.12743388266962,11.477439284991673
shenzhen/CHNCXR_0339_1,shenzhen,unet,unet,shenzhen,ood_test,False,512,42,False,0.8348306213913675,0.7164886382340966,81.47514880916093,14.710686716007901
shenzhen/CHNCXR_0339_1,shenzhen,unet,unet,shenzhen,ood_test,True,512,42,False,0.8352100017167728,0.7170477107013118,92.00046909380679,15.377201767566413
shenzhen/CHNCXR_0340_1,shenzhen,unet,unet,shenzhen,ood_test,False,512,42,False,0.8465163722755914,0.7338780992891923,76.91033631852682,14.236065089135844
shenzhen/CHNCXR_0340_1,shenzhen,unet,unet,shenzhen,ood_test,True,512,42,False,0.8504364971267723,0.7397907945069453,77.56285119362194,12.186157562991228
shenzhen/CHNCXR_0361_1,shenzhen,unet,unet,shenzhen,ood_test,False,512,42,False,0.933782519183979,0.8757899171464681,20.22869007918866,4.88139185181763
shenzhen/CHNCXR_0361_1,shenzhen,unet,unet,shenzhen,ood_test,True,512,42,False,0.9136706721195225,0.8410623267459537,121.6279697534948,12.700572433408013
shenzhen/CHNCXR_0362_1,shenzhen,unet,unet,shenzhen,ood_test,False,512,42,False,0.964218479698789,0.9309091355659531,8.0,2.9796632830610785
shenzhen/CHNCXR_0362_1,shenzhen,unet,unet,shenzhen,ood_test,True,512,42,False,0.9641460110290611,0.9307740485576391,8.06225774829855,3.021197832907105
shenzhen/CHNCXR_0363_1,shenzhen,unet,unet,shenzhen,ood_test,False,512,42,False,0.9653518665284806,0.9330243155124327,9.219544457292887,3.0080751435390427
shenzhen/CHNCXR_0363_1,shenzhen,unet,unet,shenzhen,ood_test,True,512,42,False,0.9661437500847423,0.9345049180327869,8.0,2.7553741747201186
shenzhen/CHNCXR_0364_1,shenzhen,unet,unet,shenzhen,ood_test,False,512,42,False,0.9279489904357067,0.86558287073751,117.22700929913798,13.71888267439387
shenzhen/CHNCXR_0364_1,shenzhen,unet,unet,shenzhen,ood_test,True,512,42,False,0.9426497179715543,0.8915207514421359,11.698280492565269,4.0152953798556466
shenzhen/CHNCXR_0365_1,shenzhen,unet,unet,shenzhen,ood_test,False,512,42,False,0.9619699550054007,0.926726504347382,17.562488299482265,3.643062170593961
shenzhen/CHNCXR_0365_1,shenzhen,unet,unet,shenzhen,ood_test,True,512,42,False,0.961989079149658,0.9267620020429009,17.102625129629374,3.5712109397642546
shenzhen/CHNCXR_0366_1,shenzhen,unet,unet,shenzhen,ood_test,False,512,42,False,0.9313959501929426,0.8716006179848482,24.782953125651883,5.581567505942513
shenzhen/CHNCXR_0366_1,shenzhen,unet,unet,shenzhen,ood_test,True,512,42,False,0.9319798974971388,0.8726239284383153,18.47310975837416,4.549242863980173
shenzhen/CHNCXR_0367_1,shenzhen,unet,unet,shenzhen,ood_test,False,512,42,False,0.9206370672436751,0.8529448615515097,21.587033144922902,7.172694436432052
shenzhen/CHNCXR_0367_1,shenzhen,unet,unet,shenzhen,ood_test,True,512,42,False,0.920479846848534,0.8526750002409476,21.625027623360666,7.275348303425602
shenzhen/CHNCXR_0368_1,shenzhen,unet,unet,shenzhen,ood_test,False,512,42,False,0.8890130637609747,0.8002011857767752,23.097596186055984,6.479532001633458
shenzhen/CHNCXR_0368_1,shenzhen,unet,unet,shenzhen,ood_test,True,512,42,False,0.883333901715377,0.7910456877595895,76.00263112349928,9.176173426789916
shenzhen/CHNCXR_0369_1,shenzhen,unet,unet,shenzhen,ood_test,False,512,42,False,0.9442883313024809,0.8944566582914573,15.231439629460699,3.8992573860498028
shenzhen/CHNCXR_0369_1,shenzhen,unet,unet,shenzhen,ood_test,True,512,42,False,0.9414791746465269,0.8894290524063498,16.147749690201906,4.303499613261742
shenzhen/CHNCXR_0370_1,shenzhen,unet,unet,shenzhen,ood_test,False,512,42,False,0.8795100418778374,0.7849334440728187,70.00463978177501,10.486125541736467
shenzhen/CHNCXR_0370_1,shenzhen,unet,unet,shenzhen,ood_test,True,512,42,False,0.8923163351293378,0.8055696435981373,24.3586878046533,6.680730458475324
shenzhen/CHNCXR_0371_1,shenzhen,unet,unet,shenzhen,ood_test,False,512,42,False,0.9558697998035078,0.9154699285813448,71.57858890261602,5.9884285877343615
shenzhen/CHNCXR_0371_1,shenzhen,unet,unet,shenzhen,ood_test,True,512,42,False,0.9582542847685862,0.9198543087414756,8.0,3.0805864078521275
shenzhen/CHNCXR_0372_1,shenzhen,unet,unet,shenzhen,ood_test,False,512,42,False,0.9403958748179629,0.8874973704508801,41.462986562651,5.231448333988677
shenzhen/CHNCXR_0372_1,shenzhen,unet,unet,shenzhen,ood_test,True,512,42,False,0.9403958748179629,0.8874973704508801,41.462986562651,5.231448333988677
shenzhen/CHNCXR_0373_1,shenzhen,unet,unet,shenzhen,ood_test,False,512,42,False,0.9609289251773524,0.9247961457702663,8.0,3.211856439470001
shenzhen/CHNCXR_0373_1,shenzhen,unet,unet,shenzhen,ood_test,True,512,42,False,0.9609289251773524,0.9247961457702663,8.0,3.211856439470001
shenzhen/CHNCXR_0374_1,shenzhen,unet,unet,shenzhen,ood_test,False,512,42,False,0.9389576687217971,0.8849389332003988,14.939164240200302,4.584800838629589
shenzhen/CHNCXR_0374_1,shenzhen,unet,unet,shenzhen,ood_test,True,512,42,False,0.939120659298875,0.8852285300213492,12.768733752154139,4.487977588338295
shenzhen/CHNCXR_0375_1,shenzhen,unet,unet,shenzhen,ood_test,False,512,42,False,0.9501946315540061,0.905115043334709,9.055385138137417,4.12567630678557
shenzhen/CHNCXR_0375_1,shenzhen,unet,unet,shenzhen,ood_test,True,512,42,False,0.9501946315540061,0.905115043334709,9.055385138137417,4.12567630678557
shenzhen/CHNCXR_0376_1,shenzhen,unet,unet,shenzhen,ood_test,False,512,42,False,0.9475103910424972,0.9002562903979755,48.03852529173464,6.1491277593550375
shenzhen/CHNCXR_0376_1,shenzhen,unet,unet,shenzhen,ood_test,True,512,42,False,0.9513678329301946,0.9072464709800035,13.209561725814025,3.581250550818293
shenzhen/CHNCXR_0377_1,shenzhen,unet,unet,shenzhen,ood_test,False,512,42,False,0.7617233356061831,0.6151479370557914,146.08901319924087,31.318436152479613
shenzhen/CHNCXR_0377_1,shenzhen,unet,unet,shenzhen,ood_test,True,512,42,False,0.7766110708935701,0.6348030887126068,135.48653053303843,25.691528834620094
shenzhen/CHNCXR_0378_1,shenzhen,unet,unet,shenzhen,ood_test,False,512,42,False,0.928511534486457,0.8665623236937412,17.412329464075423,4.616710331964573
shenzhen/CHNCXR_0378_1,shenzhen,unet,unet,shenzhen,ood_test,True,512,42,False,0.928511534486457,0.8665623236937412,17.412329464075423,4.616710331964573
shenzhen/CHNCXR_0379_1,shenzhen,unet,unet,shenzhen,ood_test,False,512,42,False,0.9206436362905872,0.8529561387182828,47.33331280171338,8.907989482064162
shenzhen/CHNCXR_0379_1,shenzhen,unet,unet,shenzhen,ood_test,True,512,42,False,0.9229736442851197,0.8569647709990277,32.240364243741865,7.007757224191644
shenzhen/CHNCXR_0380_1,shenzhen,unet,unet,shenzhen,ood_test,False,512,42,False,0.9015466720625245,0.8207419005733496,127.11253857689391,16.007125792889376
shenzhen/CHNCXR_0380_1,shenzhen,unet,unet,shenzhen,ood_test,True,512,42,False,0.9326739409163461,0.8738416278499632,13.92838827718412,4.0389102622692175
shenzhen/CHNCXR_0381_1,shenzhen,unet,unet,shenzhen,ood_test,False,512,42,False,0.9492014797437517,0.9033144427271166,20.431992429702447,4.350753642357335
shenzhen/CHNCXR_0381_1,shenzhen,unet,unet,shenzhen,ood_test,True,512,42,False,0.9500301023479831,0.9048165137614679,11.49263794890984,3.672795588271105
shenzhen/CHNCXR_0382_1,shenzhen,unet,unet,shenzhen,ood_test,False,512,42,False,0.949360989046554,0.9036034062594124,25.960546650026906,5.203802752294381
shenzhen/CHNCXR_0382_1,shenzhen,unet,unet,shenzhen,ood_test,True,512,42,False,0.9503110061625295,0.9053262554353044,18.02498073958795,4.165026030430133
shenzhen/CHNCXR_0383_1,shenzhen,unet,unet,shenzhen,ood_test,False,512,42,False,0.9485988418405248,0.9022235085807682,14.75,4.821205595630103
shenzhen/CHNCXR_0383_1,shenzhen,unet,unet,shenzhen,ood_test,True,512,42,False,0.9500443711399349,0.9048424000273196,12.165525060596439,3.589594356517046
shenzhen/CHNCXR_0384_1,shenzhen,unet,unet,shenzhen,ood_test,False,512,42,False,0.9553495447596527,0.9145159895037343,9.219544457292887,3.405389289235843
shenzhen/CHNCXR_0384_1,shenzhen,unet,unet,shenzhen,ood_test,True,512,42,False,0.9553495447596527,0.9145159895037343,9.219544457292887,3.405389289235843
shenzhen/CHNCXR_0385_1,shenzhen,unet,unet,shenzhen,ood_test,False,512,42,False,0.9558192696280409,0.9153772348274977,10.793491720330488,3.5477434695831085
shenzhen/CHNCXR_0385_1,shenzhen,unet,unet,shenzhen,ood_test,True,512,42,False,0.9558192696280409,0.9153772348274977,10.793491720330488,3.5477434695831085
shenzhen/CHNCXR_0386_1,shenzhen,unet,unet,shenzhen,ood_test,False,512,42,False,0.9513765144216423,0.9072622609600625,22.724267325176793,5.6412904769360885
shenzhen/CHNCXR_0386_1,shenzhen,unet,unet,shenzhen,ood_test,True,512,42,False,0.953050400143488,0.9103116332191222,15.556349186104045,3.3388326893547764
shenzhen/CHNCXR_0387_1,shenzhen,unet,unet,shenzhen,ood_test,False,512,42,False,0.9510064565134827,0.9065894279507604,20.388696988218385,4.552188224588464
shenzhen/CHNCXR_0387_1,shenzhen,unet,unet,shenzhen,ood_test,True,512,42,False,0.9523007646347091,0.9089447930184659,13.94629120788809,3.9937887171415993
shenzhen/CHNCXR_0388_1,shenzhen,unet,unet,shenzhen,ood_test,False,512,42,False,0.9469114687437752,0.8991755589762321,28.065989070937132,5.101990467668759
shenzhen/CHNCXR_0388_1,shenzhen,unet,unet,shenzhen,ood_test,True,512,42,False,0.9483641066563936,0.9017989141100281,14.866068747318506,4.103399624768275
shenzhen/CHNCXR_0389_1,shenzhen,unet,unet,shenzhen,ood_test,False,512,42,False,0.9215764693050228,0.8545589400401193,22.135943621178654,5.412373541524669
shenzhen/CHNCXR_0389_1,shenzhen,unet,unet,shenzhen,ood_test,True,512,42,False,0.9215764693050228,0.8545589400401193,22.135943621178654,5.412373541524669
shenzhen/CHNCXR_0390_1,shenzhen,unet,unet,shenzhen,ood_test,False,512,42,False,0.966455335476024,0.9350881182490051,8.06225774829855,2.899980054688105
shenzhen/CHNCXR_0390_1,shenzhen,unet,unet,shenzhen,ood_test,True,512,42,False,0.966455335476024,0.9350881182490051,8.06225774829855,2.899980054688105
shenzhen/CHNCXR_0391_1,shenzhen,unet,unet,shenzhen,ood_test,False,512,42,False,0.9565157132462493,0.9166555983530349,25.0,3.9709976920867818
shenzhen/CHNCXR_0391_1,shenzhen,unet,unet,shenzhen,ood_test,True,512,42,False,0.9581091868253914,0.9195869420386409,13.64352973911781,2.9521615339214407
shenzhen/CHNCXR_0392_1,shenzhen,unet,unet,shenzhen,ood_test,False,512,42,False,0.949722667530596,0.9042589401578488,16.027647267862317,4.727778808694958
shenzhen/CHNCXR_0392_1,shenzhen,unet,unet,shenzhen,ood_test,True,512,42,False,0.9498871483161635,0.9045572071544854,13.0,4.620179429740473
shenzhen/CHNCXR_0393_1,shenzhen,unet,unet,shenzhen,ood_test,False,512,42,False,0.9509341588970085,0.9064580330794043,18.725360332580497,5.15346692336141
shenzhen/CHNCXR_0393_1,shenzhen,unet,unet,shenzhen,ood_test,True,512,42,False,0.9530784911514801,0.9103628907192336,12.0,3.9155196788117017
shenzhen/CHNCXR_0394_1,shenzhen,unet,unet,shenzhen,ood_test,False,512,42,False,0.9444994715185036,0.894835621614813,15.014852927038904,5.077729389013056
shenzhen/CHNCXR_0394_1,shenzhen,unet,unet,shenzhen,ood_test,True,512,42,False,0.9448967645806726,0.8955491110830917,17.029386365926403,4.552119537945562
shenzhen/CHNCXR_0395_1,shenzhen,unet,unet,shenzhen,ood_test,False,512,42,False,0.9514602542751533,0.9074145812349887,13.0,4.82330280246726
shenzhen/CHNCXR_0395_1,shenzhen,unet,unet,shenzhen,ood_test,True,512,42,False,0.9527502474341418,0.9097641179669091,12.0,4.006199331301149
shenzhen/CHNCXR_0396_1,shenzhen,unet,unet,shenzhen,ood_test,False,512,42,False,0.9627398920151821,0.9281566741109775,9.486832980505138,3.2131360433433196
shenzhen/CHNCXR_0396_1,shenzhen,unet,unet,shenzhen,ood_test,True,512,42,False,0.9627398920151821,0.9281566741109775,9.486832980505138,3.2131360433433196
shenzhen/CHNCXR_0397_1,shenzhen,unet,unet,shenzhen,ood_test,False,512,42,False,0.950411465405821,0.9055086198834056,51.197885436772935,5.714469312543898
shenzhen/CHNCXR_0397_1,shenzhen,unet,unet,shenzhen,ood_test,True,512,42,False,0.9540600046005718,0.9121555813880423,8.94427190999916,3.4882586695701536
shenzhen/CHNCXR_0398_1,shenzhen,unet,unet,shenzhen,ood_test,False,512,42,False,0.9474556549836348,0.9001574702953761,15.132745950421556,6.1532401813270114
shenzhen/CHNCXR_0398_1,shenzhen,unet,unet,shenzhen,ood_test,True,512,42,False,0.9485275631463386,0.9020945579749419,12.051957427492866,3.9282976627147828
shenzhen/CHNCXR_0399_1,shenzhen,unet,unet,shenzhen,ood_test,False,512,42,False,0.8618789207676874,0.7572822755809456,33.0,7.606258406492272
shenzhen/CHNCXR_0399_1,shenzhen,unet,unet,shenzhen,ood_test,True,512,42,False,0.8618306256246929,0.7572077100543276,71.73037004246657,9.508016410342043
shenzhen/CHNCXR_0400_1,shenzhen,unet,unet,shenzhen,ood_test,False,512,42,False,0.961154000336217,0.9252131698512479,67.18779117538321,5.3614501181338925
shenzhen/CHNCXR_0400_1,shenzhen,unet,unet,shenzhen,ood_test,True,512,42,False,0.9620559550081867,0.926886145404664,10.0,3.184985029452474
shenzhen/CHNCXR_0401_1,shenzhen,unet,unet,shenzhen,ood_test,False,512,42,False,0.9451663854686434,0.8960336231686774,20.241044236768612,3.8621282735330165
shenzhen/CHNCXR_0401_1,shenzhen,unet,unet,shenzhen,ood_test,True,512,42,False,0.9451748678507005,0.896048870133406,20.242279652526612,3.861015657494015
shenzhen/CHNCXR_0402_1,shenzhen,unet,unet,shenzhen,ood_test,False,512,42,False,0.9698347440548166,0.9414360836359084,8.499334871205171,2.3198722419468276
shenzhen/CHNCXR_0402_1,shenzhen,unet,unet,shenzhen,ood_test,True,512,42,False,0.9698347440548166,0.9414360836359084,8.499334871205171,2.3198722419468276
shenzhen/CHNCXR_0403_1,shenzhen,unet,unet,shenzhen,ood_test,False,512,42,False,0.959009776661584,0.9212476305359297,18.97498266295976,4.912745354068887
shenzhen/CHNCXR_0403_1,shenzhen,unet,unet,shenzhen,ood_test,True,512,42,False,0.9601847397286635,0.9234185882962579,14.560219778561036,3.462259980771721
shenzhen/CHNCXR_0404_1,shenzhen,unet,unet,shenzhen,ood_test,False,512,42,False,0.9542532936350742,0.9125090118161712,13.038404810405298,4.003418807197981
shenzhen/CHNCXR_0404_1,shenzhen,unet,unet,shenzhen,ood_test,True,512,42,False,0.9542532936350742,0.9125090118161712,13.038404810405298,4.003418807197981
shenzhen/CHNCXR_0405_1,shenzhen,unet,unet,shenzhen,ood_test,False,512,42,False,0.9702741095385911,0.9422644594318415,15.0,2.6911726404291016
shenzhen/CHNCXR_0405_1,shenzhen,unet,unet,shenzhen,ood_test,True,512,42,False,0.9702741095385911,0.9422644594318415,15.0,2.6911726404291016
shenzhen/CHNCXR_0406_1,shenzhen,unet,unet,shenzhen,ood_test,False,512,42,False,0.9582552225185521,0.9198560369414641,26.923035718143325,3.482323664177136
shenzhen/CHNCXR_0406_1,shenzhen,unet,unet,shenzhen,ood_test,True,512,42,False,0.9590818009955181,0.9213805675727151,10.04987562112089,2.994967929099159
shenzhen/CHNCXR_0407_1,shenzhen,unet,unet,shenzhen,ood_test,False,512,42,False,0.9788106183706631,0.9585005837104796,4.449186428211519,1.5419879642394556
shenzhen/CHNCXR_0407_1,shenzhen,unet,unet,shenzhen,ood_test,True,512,42,False,0.9788106183706631,0.9585005837104796,4.449186428211519,1.5419879642394556
shenzhen/CHNCXR_0408_1,shenzhen,unet,unet,shenzhen,ood_test,False,512,42,False,0.9083514168601922,0.8320914174116225,37.9492452615234,7.229071381015001
shenzhen/CHNCXR_0408_1,shenzhen,unet,unet,shenzhen,ood_test,True,512,42,False,0.9082475077258911,0.8319170454413355,38.09636144630322,7.317643429934852
shenzhen/CHNCXR_0409_1,shenzhen,unet,unet,shenzhen,ood_test,False,512,42,False,0.957055051662846,0.9176467590055939,25.495097567963924,3.652238993810567
shenzhen/CHNCXR_0409_1,shenzhen,unet,unet,shenzhen,ood_test,True,512,42,False,0.957055051662846,0.9176467590055939,25.495097567963924,3.652238993810567
shenzhen/CHNCXR_0410_1,shenzhen,unet,unet,shenzhen,ood_test,False,512,42,False,0.9532769760781438,0.9107251434160785,23.336652223794346,3.8157093870965055
shenzhen/CHNCXR_0410_1,shenzhen,unet,unet,shenzhen,ood_test,True,512,42,False,0.9531248918932008,0.9104475639093769,23.642380571563773,3.828463520838262
shenzhen/CHNCXR_0411_1,shenzhen,unet,unet,shenzhen,ood_test,False,512,42,False,0.9607509996739261,0.9244666094193804,26.3787951852184,3.7822224517621943
shenzhen/CHNCXR_0411_1,shenzhen,unet,unet,shenzhen,ood_test,True,512,42,False,0.9628495751780125,0.928360585055222,9.449836686591162,2.5453241407258482
shenzhen/CHNCXR_0412_1,shenzhen,unet,unet,shenzhen,ood_test,False,512,42,False,0.974457033007485,0.9501864518316151,4.242640687119285,1.6476303404906463
shenzhen/CHNCXR_0412_1,shenzhen,unet,unet,shenzhen,ood_test,True,512,42,False,0.974457033007485,0.9501864518316151,4.242640687119285,1.6476303404906463
shenzhen/CHNCXR_0413_1,shenzhen,unet,unet,shenzhen,ood_test,False,512,42,False,0.9698155652455278,0.9413999401734968,7.0,2.3474014910052534
shenzhen/CHNCXR_0413_1,shenzhen,unet,unet,shenzhen,ood_test,True,512,42,False,0.9698155652455278,0.9413999401734968,7.0,2.3474014910052534
shenzhen/CHNCXR_0414_1,shenzhen,unet,unet,shenzhen,ood_test,False,512,42,False,0.9505240443896424,0.9057130268761933,57.001306487374926,5.674177529751003
shenzhen/CHNCXR_0414_1,shenzhen,unet,unet,shenzhen,ood_test,True,512,42,False,0.9534558329017246,0.911051690771299,14.866068747318506,3.638590162166212
shenzhen/CHNCXR_0415_1,shenzhen,unet,unet,shenzhen,ood_test,False,512,42,False,0.9654203561350588,0.9331522825333004,10.190630856882308,3.0566535813447873
shenzhen/CHNCXR_0415_1,shenzhen,unet,unet,shenzhen,ood_test,True,512,42,False,0.9654203561350588,0.9331522825333004,10.190630856882308,3.0566535813447873
shenzhen/CHNCXR_0416_1,shenzhen,unet,unet,shenzhen,ood_test,False,512,42,False,0.9496829872415995,0.9041869985019949,45.988000316666394,5.007657388417402
shenzhen/CHNCXR_0416_1,shenzhen,unet,unet,shenzhen,ood_test,True,512,42,False,0.9618649416219628,0.9265316047844127,13.96419413859206,2.8222097391931675
shenzhen/CHNCXR_0417_1,shenzhen,unet,unet,shenzhen,ood_test,False,512,42,False,0.954983329599515,0.9138450674031199,27.68257684219262,4.599722882609295
shenzhen/CHNCXR_0417_1,shenzhen,unet,unet,shenzhen,ood_test,True,512,42,False,0.95504625846754,0.9139603223650191,27.68257684219262,4.576168623107088
shenzhen/CHNCXR_0418_1,shenzhen,unet,unet,shenzhen,ood_test,False,512,42,False,0.9634648347347253,0.9295052083333334,7.0710678118654755,3.028382100087837
shenzhen/CHNCXR_0418_1,shenzhen,unet,unet,shenzhen,ood_test,True,512,42,False,0.9634648347347253,0.9295052083333334,7.0710678118654755,3.028382100087837
shenzhen/CHNCXR_0419_1,shenzhen,unet,unet,shenzhen,ood_test,False,512,42,False,0.9703515192935442,0.9424104803493449,7.0710678118654755,2.220836052463999
shenzhen/CHNCXR_0419_1,shenzhen,unet,unet,shenzhen,ood_test,True,512,42,False,0.9703515192935442,0.9424104803493449,7.0710678118654755,2.220836052463999
shenzhen/CHNCXR_0420_1,shenzhen,unet,unet,shenzhen,ood_test,False,512,42,False,0.9693706974846327,0.9405619412515964,12.465705202426179,2.7796774100190818
shenzhen/CHNCXR_0420_1,shenzhen,unet,unet,shenzhen,ood_test,True,512,42,False,0.9693706974846327,0.9405619412515964,12.465705202426179,2.7796774100190818
shenzhen/CHNCXR_0421_1,shenzhen,unet,unet,shenzhen,ood_test,False,512,42,False,0.9719695909705705,0.9454677433989657,9.131726674375713,2.342171176272712
shenzhen/CHNCXR_0421_1,shenzhen,unet,unet,shenzhen,ood_test,True,512,42,False,0.9719695909705705,0.9454677433989657,9.131726674375713,2.342171176272712
shenzhen/CHNCXR_0422_1,shenzhen,unet,unet,shenzhen,ood_test,False,512,42,False,0.9710166996599158,0.9436661404893449,24.83011193990885,3.582601411729472
shenzhen/CHNCXR_0422_1,shenzhen,unet,unet,shenzhen,ood_test,True,512,42,False,0.972316345893196,0.9461241715849517,7.0,2.1833667272585324
shenzhen/CHNCXR_0423_1,shenzhen,unet,unet,shenzhen,ood_test,False,512,42,False,0.8959722574410779,0.8115486802572444,47.044072793350146,8.931110563243031
shenzhen/CHNCXR_0423_1,shenzhen,unet,unet,shenzhen,ood_test,True,512,42,False,0.8959722574410779,0.8115486802572444,47.044072793350146,8.931110563243031
shenzhen/CHNCXR_0424_1,shenzhen,unet,unet,shenzhen,ood_test,False,512,42,False,0.8904659796453946,0.8025585185398849,43.84631920027243,9.472469049160742
shenzhen/CHNCXR_0424_1,shenzhen,unet,unet,shenzhen,ood_test,True,512,42,False,0.8951411175188412,0.8101859266485156,40.0,8.430671112913373
shenzhen/CHNCXR_0425_1,shenzhen,unet,unet,shenzhen,ood_test,False,512,42,False,0.9688350234974029,0.9395538498440873,5.830951894845301,2.395471764245458
shenzhen/CHNCXR_0425_1,shenzhen,unet,unet,shenzhen,ood_test,True,512,42,False,0.9688350234974029,0.9395538498440873,5.830951894845301,2.395471764245458
shenzhen/CHNCXR_0426_1,shenzhen,unet,unet,shenzhen,ood_test,False,512,42,False,0.9505383421881611,0.9057389901886116,14.012484096666366,4.303471610538879
shenzhen/CHNCXR_0426_1,shenzhen,unet,unet,shenzhen,ood_test,True,512,42,False,0.9505383421881611,0.9057389901886116,14.012484096666366,4.303471610538879
shenzhen/CHNCXR_0427_1,shenzhen,unet,unet,shenzhen,ood_test,False,512,42,False,0.9630958103760677,0.9288185157448022,11.0,2.9953574112746275
shenzhen/CHNCXR_0427_1,shenzhen,unet,unet,shenzhen,ood_test,True,512,42,False,0.9646206979565004,0.9316592441558906,8.0,2.390330661651224
shenzhen/CHNCXR_0428_1,shenzhen,unet,unet,shenzhen,ood_test,False,512,42,False,0.9618800584440103,0.9265596584170159,33.550681458715296,4.288809117635612
shenzhen/CHNCXR_0428_1,shenzhen,unet,unet,shenzhen,ood_test,True,512,42,False,0.9636043681336754,0.9297649840519225,8.246211251235321,2.555443483932818
shenzhen/CHNCXR_0429_1,shenzhen,unet,unet,shenzhen,ood_test,False,512,42,False,0.9591804333475387,0.9215626455145394,28.177176934356282,5.656598339953199
shenzhen/CHNCXR_0429_1,shenzhen,unet,unet,shenzhen,ood_test,True,512,42,False,0.9619616683567005,0.9267111233106744,7.0,2.769912241641665
shenzhen/CHNCXR_0430_1,shenzhen,unet,unet,shenzhen,ood_test,False,512,42,False,0.9577347162188089,0.9188972626472627,6.0,2.611260131352167
shenzhen/CHNCXR_0430_1,shenzhen,unet,unet,shenzhen,ood_test,True,512,42,False,0.9577347162188089,0.9188972626472627,6.0,2.611260131352167
shenzhen/CHNCXR_0431_1,shenzhen,unet,unet,shenzhen,ood_test,False,512,42,False,0.9375971470300136,0.8825250651472991,97.082439194738,9.427814413251996
shenzhen/CHNCXR_0431_1,shenzhen,unet,unet,shenzhen,ood_test,True,512,42,False,0.9619666606487333,0.9267203895878022,9.08821700196848,3.1399225863458207
shenzhen/CHNCXR_0432_1,shenzhen,unet,unet,shenzhen,ood_test,False,512,42,False,0.9550592292218781,0.9139840801796709,16.0,5.543636375946052
shenzhen/CHNCXR_0432_1,shenzhen,unet,unet,shenzhen,ood_test,True,512,42,False,0.9566322859198849,0.9168697411375236,13.118583949697703,3.314490149356286
shenzhen/CHNCXR_0433_1,shenzhen,unet,unet,shenzhen,ood_test,False,512,42,False,0.9659669298704158,0.934174116645381,6.4031242374328485,2.5782341796188133
shenzhen/CHNCXR_0433_1,shenzhen,unet,unet,shenzhen,ood_test,True,512,42,False,0.9659669298704158,0.934174116645381,6.4031242374328485,2.5782341796188133
shenzhen/CHNCXR_0434_1,shenzhen,unet,unet,shenzhen,ood_test,False,512,42,False,0.9431140319771795,0.8923517394610877,15.191460262297273,4.664902880471537
shenzhen/CHNCXR_0434_1,shenzhen,unet,unet,shenzhen,ood_test,True,512,42,False,0.9433658871101231,0.8928027929460209,13.152946437965905,4.500986603554748
shenzhen/CHNCXR_0435_1,shenzhen,unet,unet,shenzhen,ood_test,False,512,42,False,0.9351113870573706,0.8781307037112147,52.20870638298558,6.952901386798746
shenzhen/CHNCXR_0435_1,shenzhen,unet,unet,shenzhen,ood_test,True,512,42,False,0.9353721518987341,0.8785907240421565,52.20870638298558,6.452081210234919
shenzhen/CHNCXR_0436_1,shenzhen,unet,unet,shenzhen,ood_test,False,512,42,False,0.9399926101209897,0.8867792989898691,18.0,4.076205031993166
shenzhen/CHNCXR_0436_1,shenzhen,unet,unet,shenzhen,ood_test,True,512,42,False,0.9399092703100063,0.8866309684500941,18.0,4.437849109144667
shenzhen/CHNCXR_0437_1,shenzhen,unet,unet,shenzhen,ood_test,False,512,42,False,0.9312448433632522,0.8713360001871476,38.39915195840814,6.632918868807942
shenzhen/CHNCXR_0437_1,shenzhen,unet,unet,shenzhen,ood_test,True,512,42,False,0.9367074282480903,0.8809498468561157,19.0,5.161309901317999
shenzhen/CHNCXR_0438_1,shenzhen,unet,unet,shenzhen,ood_test,False,512,42,False,0.9452348673331049,0.896156725377477,17.189959635127877,3.9646456962731174
shenzhen/CHNCXR_0438_1,shenzhen,unet,unet,shenzhen,ood_test,True,512,42,False,0.9451882315251484,0.8960728916513632,17.72912807768555,4.16017915019186
shenzhen/CHNCXR_0439_1,shenzhen,unet,unet,shenzhen,ood_test,False,512,42,False,0.920083087351044,0.8519943308362017,70.7869770436815,9.970369493828464
shenzhen/CHNCXR_0439_1,shenzhen,unet,unet,shenzhen,ood_test,True,512,42,False,0.9265515397439527,0.8631541932837133,27.0,5.968652001536165
shenzhen/CHNCXR_0440_1,shenzhen,unet,unet,shenzhen,ood_test,False,512,42,False,0.958513383518346,0.9203319258737978,8.0,3.3210603302185793
shenzhen/CHNCXR_0440_1,shenzhen,unet,unet,shenzhen,ood_test,True,512,42,False,0.958513383518346,0.9203319258737978,8.0,3.3210603302185793
shenzhen/CHNCXR_0441_1,shenzhen,unet,unet,shenzhen,ood_test,False,512,42,False,0.9553219677160687,0.914465450783427,14.014267539047275,3.2445182552296736
shenzhen/CHNCXR_0441_1,shenzhen,unet,unet,shenzhen,ood_test,True,512,42,False,0.9553219677160687,0.914465450783427,14.014267539047275,3.2445182552296736
shenzhen/CHNCXR_0442_1,shenzhen,unet,unet,shenzhen,ood_test,False,512,42,False,0.9549257812121271,0.9137396790054736,20.0,3.773742839220476
shenzhen/CHNCXR_0442_1,shenzhen,unet,unet,shenzhen,ood_test,True,512,42,False,0.9549813351432588,0.9138414147599696,18.143187557997972,3.685712492767277
shenzhen/CHNCXR_0443_1,shenzhen,unet,unet,shenzhen,ood_test,False,512,42,False,0.9533360515654414,0.9108329879817655,92.97309899325724,8.033032706128257
shenzhen/CHNCXR_0443_1,shenzhen,unet,unet,shenzhen,ood_test,True,512,42,False,0.9670612047344568,0.9362231423265007,7.0710678118654755,2.3644528532452207
shenzhen/CHNCXR_0444_1,shenzhen,unet,unet,shenzhen,ood_test,False,512,42,False,0.9665046082262058,0.9351803751803752,10.0,3.032973072413954
shenzhen/CHNCXR_0444_1,shenzhen,unet,unet,shenzhen,ood_test,True,512,42,False,0.9668146048558535,0.9357610061076859,8.06225774829855,2.638192588255841
shenzhen/CHNCXR_0445_1,shenzhen,unet,unet,shenzhen,ood_test,False,512,42,False,0.9676815242541238,0.9373866175890627,5.830951894845301,2.512799591777583
shenzhen/CHNCXR_0445_1,shenzhen,unet,unet,shenzhen,ood_test,True,512,42,False,0.9676815242541238,0.9373866175890627,5.830951894845301,2.512799591777583
shenzhen/CHNCXR_0446_1,shenzhen,unet,unet,shenzhen,ood_test,False,512,42,False,0.9529639975170702,0.9101539920854885,33.336109058746864,6.236902403693811
shenzhen/CHNCXR_0446_1,shenzhen,unet,unet,shenzhen,ood_test,True,512,42,False,0.9549497714054677,0.913783610850706,14.369821427279941,3.393247052778708
shenzhen/CHNCXR_0447_1,shenzhen,unet,unet,shenzhen,ood_test,False,512,42,False,0.8750102720026296,0.7777940102264427,59.17599938463367,11.604593051832357
shenzhen/CHNCXR_0447_1,shenzhen,unet,unet,shenzhen,ood_test,True,512,42,False,0.8814780313615899,0.7880739548053967,46.47973531795398,8.894134897652167
shenzhen/CHNCXR_0448_1,shenzhen,unet,unet,shenzhen,ood_test,False,512,42,False,0.9023445196033362,0.8220653344501615,29.068883707497267,7.892775552301429
shenzhen/CHNCXR_0448_1,shenzhen,unet,unet,shenzhen,ood_test,True,512,42,False,0.9028950067050564,0.8229795800977855,27.892651361962706,7.3067185224066895
shenzhen/CHNCXR_0449_1,shenzhen,unet,unet,shenzhen,ood_test,False,512,42,False,0.9479981933018888,0.9011374194093302,129.16421513395716,8.686248942455872
shenzhen/CHNCXR_0449_1,shenzhen,unet,unet,shenzhen,ood_test,True,512,42,False,0.952568728841933,0.909433158119051,9.523035462634201,3.6438593326053423
shenzhen/CHNCXR_0450_1,shenzhen,unet,unet,shenzhen,ood_test,False,512,42,False,0.9589658523507926,0.9211665674140124,13.281012213382112,3.159698520751128
shenzhen/CHNCXR_0450_1,shenzhen,unet,unet,shenzhen,ood_test,True,512,42,False,0.9582501970121226,0.9198467753617356,13.416407864998739,3.2043964651829127
shenzhen/CHNCXR_0451_1,shenzhen,unet,unet,shenzhen,ood_test,False,512,42,False,0.9416693092110753,0.8897684980760739,25.05693176366916,4.784246510209208
shenzhen/CHNCXR_0451_1,shenzhen,unet,unet,shenzhen,ood_test,True,512,42,False,0.9414819453141307,0.8894339979808178,24.041630560342615,4.66665439214649
shenzhen/CHNCXR_0452_1,shenzhen,unet,unet,shenzhen,ood_test,False,512,42,False,0.9661765209158006,0.9345662392690839,8.94427190999916,3.0404501551204817
shenzhen/CHNCXR_0452_1,shenzhen,unet,unet,shenzhen,ood_test,True,512,42,False,0.9661765209158006,0.9345662392690839,8.94427190999916,3.0404501551204817
shenzhen/CHNCXR_0453_1,shenzhen,unet,unet,shenzhen,ood_test,False,512,42,False,0.9527420595669854,0.9097491866932522,22.219310957556843,4.6984933407748395
shenzhen/CHNCXR_0453_1,shenzhen,unet,unet,shenzhen,ood_test,True,512,42,False,0.9539267361378566,0.9119119750904654,16.0,3.0680873133030495
shenzhen/CHNCXR_0454_1,shenzhen,unet,unet,shenzhen,ood_test,False,512,42,False,0.9611439665853441,0.9251945752542081,17.423934657584788,3.261512289516674
shenzhen/CHNCXR_0454_1,shenzhen,unet,unet,shenzhen,ood_test,True,512,42,False,0.9611439665853441,0.9251945752542081,17.423934657584788,3.261512289516674
shenzhen/CHNCXR_0455_1,shenzhen,unet,unet,shenzhen,ood_test,False,512,42,False,0.7753510140405616,0.6331210191082802,148.02195758970072,30.870837524075352
shenzhen/CHNCXR_0455_1,shenzhen,unet,unet,shenzhen,ood_test,True,512,42,False,0.8581234734271035,0.7515028581965701,33.60058203485394,7.301604963968962
shenzhen/CHNCXR_0456_1,shenzhen,unet,unet,shenzhen,ood_test,False,512,42,False,0.9716286009411225,0.9448226602084775,8.0,2.495932316176524
shenzhen/CHNCXR_0456_1,shenzhen,unet,unet,shenzhen,ood_test,True,512,42,False,0.9716453284516547,0.9448542952488309,8.0,2.4921882410686784
shenzhen/CHNCXR_0457_1,shenzhen,unet,unet,shenzhen,ood_test,False,512,42,False,0.9707578541771315,0.9431773252940595,9.969848480983481,2.376999383861045
shenzhen/CHNCXR_0457_1,shenzhen,unet,unet,shenzhen,ood_test,True,512,42,False,0.9707578541771315,0.9431773252940595,9.969848480983481,2.376999383861045
shenzhen/CHNCXR_0458_1,shenzhen,unet,unet,shenzhen,ood_test,False,512,42,False,0.972290087754288,0.9460744478270889,6.0,2.363747977488791
shenzhen/CHNCXR_0458_1,shenzhen,unet,unet,shenzhen,ood_test,True,512,42,False,0.972290087754288,0.9460744478270889,6.0,2.363747977488791
shenzhen/CHNCXR_0459_1,shenzhen,unet,unet,shenzhen,ood_test,False,512,42,False,0.9525028612734172,0.9093130912332155,30.71118140825465,5.361021967658487
shenzhen/CHNCXR_0459_1,shenzhen,unet,unet,shenzhen,ood_test,True,512,42,False,0.9557333575103697,0.9152196561903109,12.649110640673518,3.4101167425556533
shenzhen/CHNCXR_0460_1,shenzhen,unet,unet,shenzhen,ood_test,False,512,42,False,0.9646990015457242,0.9318053425873618,19.057767824081377,3.251057709831217
shenzhen/CHNCXR_0460_1,shenzhen,unet,unet,shenzhen,ood_test,True,512,42,False,0.9646845843197326,0.9317784413418341,19.06563538249162,3.2577584968432745
shenzhen/CHNCXR_0461_1,shenzhen,unet,unet,shenzhen,ood_test,False,512,42,False,0.95597661477777,0.9156659020375119,134.15284482781485,11.529144951537871
shenzhen/CHNCXR_0461_1,shenzhen,unet,unet,shenzhen,ood_test,True,512,42,False,0.9715026524882487,0.9445844997448072,5.89011873164943,1.9836247961071773
shenzhen/CHNCXR_0462_1,shenzhen,unet,unet,shenzhen,ood_test,False,512,42,False,0.9579031915144929,0.9192074898555981,14.499620099739865,3.67089912027686
shenzhen/CHNCXR_0462_1,shenzhen,unet,unet,shenzhen,ood_test,True,512,42,False,0.9550343520492774,0.9139385145551827,18.90473240262516,3.9553009240198636
shenzhen/CHNCXR_0463_1,shenzhen,unet,unet,shenzhen,ood_test,False,512,42,False,0.9544219124580106,0.9128174392997519,25.848529270389086,4.069198817586373
shenzhen/CHNCXR_0463_1,shenzhen,unet,unet,shenzhen,ood_test,True,512,42,False,0.9534076321624461,0.9109636774175564,20.0,3.8518078492978547
shenzhen/CHNCXR_0464_1,shenzhen,unet,unet,shenzhen,ood_test,False,512,42,False,0.8121658148014045,0.6837366906270823,86.98304035102855,19.324110547533557
shenzhen/CHNCXR_0464_1,shenzhen,unet,unet,shenzhen,ood_test,True,512,42,False,0.8242281299937618,0.7010102478377789,67.25324777607297,15.24388651134021
shenzhen/CHNCXR_0465_1,shenzhen,unet,unet,shenzhen,ood_test,False,512,42,False,0.960087575609873,0.9232388738627981,12.649110640673518,2.9553357064199877
shenzhen/CHNCXR_0465_1,shenzhen,unet,unet,shenzhen,ood_test,True,512,42,False,0.960087575609873,0.9232388738627981,12.649110640673518,2.9553357064199877
shenzhen/CHNCXR_0466_1,shenzhen,unet,unet,shenzhen,ood_test,False,512,42,False,0.9517918588048032,0.9080179989057737,19.0,4.403992020110952
shenzhen/CHNCXR_0466_1,shenzhen,unet,unet,shenzhen,ood_test,True,512,42,False,0.9508623266116981,0.906327501843287,28.90061359876617,4.525535788958174
shenzhen/CHNCXR_0467_1,shenzhen,unet,unet,shenzhen,ood_test,False,512,42,False,0.9640836802220087,0.9306578744011128,9.954657340538803,3.2014978953490996
shenzhen/CHNCXR_0467_1,shenzhen,unet,unet,shenzhen,ood_test,True,512,42,False,0.9641217911085019,0.9307289050323944,9.433981132056603,3.0569291123677544
shenzhen/CHNCXR_0468_1,shenzhen,unet,unet,shenzhen,ood_test,False,512,42,False,0.9375750792543934,0.8824859629576517,68.18240088872044,8.243015744926822
shenzhen/CHNCXR_0468_1,shenzhen,unet,unet,shenzhen,ood_test,True,512,42,False,0.9377784029633798,0.8828462964597864,58.16558516241062,7.850033064348964
shenzhen/CHNCXR_0469_1,shenzhen,unet,unet,shenzhen,ood_test,False,512,42,False,0.9454213264130523,0.8964919830944262,31.05688989439958,5.837125142150481
shenzhen/CHNCXR_0469_1,shenzhen,unet,unet,shenzhen,ood_test,True,512,42,False,0.9475114599979004,0.9002582203850032,18.0,4.699046236112329
shenzhen/CHNCXR_0470_1,shenzhen,unet,unet,shenzhen,ood_test,False,512,42,False,0.9624178468943811,0.9275582121509501,22.360679774997898,3.7794503062387954
shenzhen/CHNCXR_0470_1,shenzhen,unet,unet,shenzhen,ood_test,True,512,42,False,0.9623558827614946,0.9274431057563588,20.05862947598422,3.5806213775471343
shenzhen/CHNCXR_0471_1,shenzhen,unet,unet,shenzhen,ood_test,False,512,42,False,0.9465582768442286,0.8985388142864187,20.084797872693578,4.025709316000015
shenzhen/CHNCXR_0471_1,shenzhen,unet,unet,shenzhen,ood_test,True,512,42,False,0.9470420095279342,0.899411009838439,19.137575896324936,3.8726798994611786
shenzhen/CHNCXR_0472_1,shenzhen,unet,unet,shenzhen,ood_test,False,512,42,False,0.9567778686078348,0.9171372422199557,11.583521646828299,3.2593324223814455
shenzhen/CHNCXR_0472_1,shenzhen,unet,unet,shenzhen,ood_test,True,512,42,False,0.9568706899910391,0.91730783596026,13.0,3.4625276012624058
shenzhen/CHNCXR_0473_1,shenzhen,unet,unet,shenzhen,ood_test,False,512,42,False,0.9495038031851676,0.9038621996577618,14.113708498984755,3.684408962698824
shenzhen/CHNCXR_0473_1,shenzhen,unet,unet,shenzhen,ood_test,True,512,42,False,0.9492462348894056,0.9033955113065859,14.2651154314127,3.7465320463570833
shenzhen/CHNCXR_0474_1,shenzhen,unet,unet,shenzhen,ood_test,False,512,42,False,0.8426073131955485,0.728021978021978,99.31716766202084,20.556101436820235
shenzhen/CHNCXR_0474_1,shenzhen,unet,unet,shenzhen,ood_test,True,512,42,False,0.8662357794512541,0.7640352056902915,62.98809098690906,11.233995002593558
shenzhen/CHNCXR_0475_1,shenzhen,unet,unet,shenzhen,ood_test,False,512,42,False,0.4970271731118864,0.33069604734037333,105.56364170700736,31.914674441352464
shenzhen/CHNCXR_0475_1,shenzhen,unet,unet,shenzhen,ood_test,True,512,42,False,0.4698110466358439,0.30702812590755757,106.71453411208944,35.45664486107063
shenzhen/CHNCXR_0476_1,shenzhen,unet,unet,shenzhen,ood_test,False,512,42,False,0.9609579994716915,0.9248500050845734,12.058175136713201,3.3760167058794233
shenzhen/CHNCXR_0476_1,shenzhen,unet,unet,shenzhen,ood_test,True,512,42,False,0.9609579994716915,0.9248500050845734,12.058175136713201,3.3760167058794233
shenzhen/CHNCXR_0477_1,shenzhen,unet,unet,shenzhen,ood_test,False,512,42,False,0.9636825869454135,0.9299106381942585,8.246211251235321,3.07016689303419
shenzhen/CHNCXR_0477_1,shenzhen,unet,unet,shenzhen,ood_test,True,512,42,False,0.9636825869454135,0.9299106381942585,8.246211251235321,3.07016689303419
shenzhen/CHNCXR_0478_1,shenzhen,unet,unet,shenzhen,ood_test,False,512,42,False,0.9489184322817749,0.9028018960904867,60.37965469604957,6.758129405316181
shenzhen/CHNCXR_0478_1,shenzhen,unet,unet,shenzhen,ood_test,True,512,42,False,0.9533444432742524,0.9108483083552336,24.38849289838503,4.197025667084986
shenzhen/CHNCXR_0479_1,shenzhen,unet,unet,shenzhen,ood_test,False,512,42,False,0.9611829944547134,0.9252669039145908,9.0,3.041601537294064
shenzhen/CHNCXR_0479_1,shenzhen,unet,unet,shenzhen,ood_test,True,512,42,False,0.9611829944547134,0.9252669039145908,9.0,3.041601537294064
shenzhen/CHNCXR_0480_1,shenzhen,unet,unet,shenzhen,ood_test,False,512,42,False,0.9663142142376673,0.9348239354234908,9.909314681077642,2.9820722213765807
shenzhen/CHNCXR_0480_1,shenzhen,unet,unet,shenzhen,ood_test,True,512,42,False,0.9666283606012036,0.9354121244933495,7.924099870362644,2.7207634094769184
shenzhen/CHNCXR_0501_1,shenzhen,unet,unet,shenzhen,ood_test,False,512,42,False,0.9281507517603771,0.8659340418298073,23.08679276123039,6.592028119558781
shenzhen/CHNCXR_0501_1,shenzhen,unet,unet,shenzhen,ood_test,True,512,42,False,0.9281616627089554,0.8659530364017242,23.08679276123039,6.600361469900087
shenzhen/CHNCXR_0503_1,shenzhen,unet,unet,shenzhen,ood_test,False,512,42,False,0.930658875200991,0.8703105619134546,20.117153630921205,6.066525732802397
shenzhen/CHNCXR_0503_1,shenzhen,unet,unet,shenzhen,ood_test,True,512,42,False,0.9312123602398928,0.8712791256164849,16.0,5.504995252441162
shenzhen/CHNCXR_0504_1,shenzhen,unet,unet,shenzhen,ood_test,False,512,42,False,0.9543372085024421,0.9126624914478185,10.44030650891055,3.7588906202458836
shenzhen/CHNCXR_0504_1,shenzhen,unet,unet,shenzhen,ood_test,True,512,42,False,0.9543372085024421,0.9126624914478185,10.44030650891055,3.7588906202458836
shenzhen/CHNCXR_0506_1,shenzhen,unet,unet,shenzhen,ood_test,False,512,42,False,0.9203994293865906,0.8525369978858351,21.18962010041709,6.444378333762503
shenzhen/CHNCXR_0506_1,shenzhen,unet,unet,shenzhen,ood_test,True,512,42,False,0.920641357816079,0.8529522272164317,20.615528128088304,6.324900061207625
shenzhen/CHNCXR_0507_1,shenzhen,unet,unet,shenzhen,ood_test,False,512,42,False,0.8764122990763754,0.7800123642826784,43.0,10.527152428619528
shenzhen/CHNCXR_0507_1,shenzhen,unet,unet,shenzhen,ood_test,True,512,42,False,0.8763269293389775,0.7798771299408833,43.0,10.577523278049407
shenzhen/CHNCXR_0508_1,shenzhen,unet,unet,shenzhen,ood_test,False,512,42,False,0.8718601146526721,0.772829793518245,151.15876478415913,22.624613841434652
shenzhen/CHNCXR_0508_1,shenzhen,unet,unet,shenzhen,ood_test,True,512,42,False,0.8996147745297983,0.8175453047775947,42.46617138123542,7.571756277057176
shenzhen/CHNCXR_0509_1,shenzhen,unet,unet,shenzhen,ood_test,False,512,42,False,0.9348973923361109,0.8777533597318291,13.92838827718412,5.8899681020807195
shenzhen/CHNCXR_0509_1,shenzhen,unet,unet,shenzhen,ood_test,True,512,42,False,0.9348973923361109,0.8777533597318291,13.92838827718412,5.8899681020807195
shenzhen/CHNCXR_0510_1,shenzhen,unet,unet,shenzhen,ood_test,False,512,42,False,0.9398171804916823,0.8864670915225191,28.050702479068438,5.869566887646879
shenzhen/CHNCXR_0510_1,shenzhen,unet,unet,shenzhen,ood_test,True,512,42,False,0.939977285633163,0.8867520222853164,24.612956657875895,5.664345292678646
shenzhen/CHNCXR_0511_1,shenzhen,unet,unet,shenzhen,ood_test,False,512,42,False,0.5140113782966393,0.3459053257806496,159.00183406219918,45.79985351242504
shenzhen/CHNCXR_0511_1,shenzhen,unet,unet,shenzhen,ood_test,True,512,42,False,0.4676590405142926,0.3051925471412386,164.75694180703707,51.404374069122724
shenzhen/CHNCXR_0512_1,shenzhen,unet,unet,shenzhen,ood_test,False,512,42,False,0.9373184517910479,0.8820313605433426,25.212082891349112,5.71550798365105
shenzhen/CHNCXR_0512_1,shenzhen,unet,unet,shenzhen,ood_test,True,512,42,False,0.9380245054418509,0.8832826277522817,26.076809620810597,4.942169882041089
shenzhen/CHNCXR_0513_1,shenzhen,unet,unet,shenzhen,ood_test,False,512,42,False,0.8598008179379354,0.7540794902018565,74.00504285696766,12.952393233275924
shenzhen/CHNCXR_0513_1,shenzhen,unet,unet,shenzhen,ood_test,True,512,42,False,0.8598008179379354,0.7540794902018565,74.00504285696766,12.952393233275924
shenzhen/CHNCXR_0514_1,shenzhen,unet,unet,shenzhen,ood_test,False,512,42,False,0.898009917355372,0.8148983656915213,40.656626539959404,8.740082184806083
shenzhen/CHNCXR_0514_1,shenzhen,unet,unet,shenzhen,ood_test,True,512,42,False,0.898009917355372,0.8148983656915213,40.656626539959404,8.740082184806083
shenzhen/CHNCXR_0515_1,shenzhen,unet,unet,shenzhen,ood_test,False,512,42,False,0.9366840413094311,0.8809084765951598,20.902090471392214,6.256667817493097
shenzhen/CHNCXR_0515_1,shenzhen,unet,unet,shenzhen,ood_test,True,512,42,False,0.9368323609300966,0.8811708770120869,18.788294228055936,6.018220975112327
shenzhen/CHNCXR_0516_1,shenzhen,unet,unet,shenzhen,ood_test,False,512,42,False,0.9332852569740036,0.8749154945834089,16.979393923933998,4.639368449568377
shenzhen/CHNCXR_0516_1,shenzhen,unet,unet,shenzhen,ood_test,True,512,42,False,0.9333298151177722,0.8749938156571071,16.99558441227157,4.678249260720806
shenzhen/CHNCXR_0517_1,shenzhen,unet,unet,shenzhen,ood_test,False,512,42,False,0.9220312936574462,0.855341428960226,79.61185302659183,10.268515936138135
shenzhen/CHNCXR_0517_1,shenzhen,unet,unet,shenzhen,ood_test,True,512,42,False,0.9304676375632657,0.8699761412019035,20.0,5.965369319053682
shenzhen/CHNCXR_0518_1,shenzhen,unet,unet,shenzhen,ood_test,False,512,42,False,0.9050666366754766,0.8265951764657545,28.635642126552707,8.234722072453216
shenzhen/CHNCXR_0518_1,shenzhen,unet,unet,shenzhen,ood_test,True,512,42,False,0.9050717262088861,0.8266036669919368,28.635642126552707,8.232942672682688
shenzhen/CHNCXR_0519_1,shenzhen,unet,unet,shenzhen,ood_test,False,512,42,False,0.9392527493240815,0.8854632889461468,47.151491538793756,6.724124998139371
shenzhen/CHNCXR_0519_1,shenzhen,unet,unet,shenzhen,ood_test,True,512,42,False,0.9424726193783284,0.8912039883301103,12.041594578792296,5.096950457174813
shenzhen/CHNCXR_0520_1,shenzhen,unet,unet,shenzhen,ood_test,False,512,42,False,0.923987969318885,0.8587152773133969,31.69955372883984,7.311181465346494
shenzhen/CHNCXR_0520_1,shenzhen,unet,unet,shenzhen,ood_test,True,512,42,False,0.9251062603558822,0.8606490355615726,16.492422502470642,5.712613449610902
shenzhen/CHNCXR_0521_1,shenzhen,unet,unet,shenzhen,ood_test,False,512,42,False,0.9582537099926838,0.919853249475891,9.0,3.75744505774626
shenzhen/CHNCXR_0521_1,shenzhen,unet,unet,shenzhen,ood_test,True,512,42,False,0.9582537099926838,0.919853249475891,9.0,3.75744505774626
shenzhen/CHNCXR_0522_1,shenzhen,unet,unet,shenzhen,ood_test,False,512,42,False,0.8940719725250112,0.8084359472888313,68.07156257363393,11.242711560723963
shenzhen/CHNCXR_0522_1,shenzhen,unet,unet,shenzhen,ood_test,True,512,42,False,0.899492309428002,0.8173430473352561,49.841944857151525,9.425881190530669
shenzhen/CHNCXR_0523_1,shenzhen,unet,unet,shenzhen,ood_test,False,512,42,False,0.9452078437620318,0.896108146208841,16.1245154965971,4.971712885233032
shenzhen/CHNCXR_0523_1,shenzhen,unet,unet,shenzhen,ood_test,True,512,42,False,0.9455342320207185,0.8966950476094514,14.866068747318506,4.453375899861285
shenzhen/CHNCXR_0524_1,shenzhen,unet,unet,shenzhen,ood_test,False,512,42,False,0.9215761495040281,0.8545583900802927,90.40878845792284,10.159902193382063
shenzhen/CHNCXR_0524_1,shenzhen,unet,unet,shenzhen,ood_test,True,512,42,False,0.9376864527281344,0.8826833237100414,18.384776310850235,4.860566394268517
shenzhen/CHNCXR_0525_1,shenzhen,unet,unet,shenzhen,ood_test,False,512,42,False,0.958841480580611,0.9209370741309567,10.770329614269007,3.4480921968815834
shenzhen/CHNCXR_0525_1,shenzhen,unet,unet,shenzhen,ood_test,True,512,42,False,0.958841480580611,0.9209370741309567,10.770329614269007,3.4480921968815834
shenzhen/CHNCXR_0526_1,shenzhen,unet,unet,shenzhen,ood_test,False,512,42,False,0.8717687784126454,0.7726862736400065,51.891224430102774,10.140975218782339
shenzhen/CHNCXR_0526_1,shenzhen,unet,unet,shenzhen,ood_test,True,512,42,False,0.8669599095136358,0.7651626070366919,70.10661812995471,12.108754189407847
shenzhen/CHNCXR_0527_1,shenzhen,unet,unet,shenzhen,ood_test,False,512,42,False,0.8391695880520766,0.7229045512719761,70.1697893778319,15.280540720600232
shenzhen/CHNCXR_0527_1,shenzhen,unet,unet,shenzhen,ood_test,True,512,42,False,0.8428935229359006,0.728449403441726,71.38206946396387,13.91407127669015
shenzhen/CHNCXR_0528_1,shenzhen,unet,unet,shenzhen,ood_test,False,512,42,False,0.9582061362089034,0.9197655788852348,10.611161882352214,3.764107751702032
shenzhen/CHNCXR_0528_1,shenzhen,unet,unet,shenzhen,ood_test,True,512,42,False,0.9582056772634931,0.9197647331639806,10.611161882352214,3.76970791072061
shenzhen/CHNCXR_0529_1,shenzhen,unet,unet,shenzhen,ood_test,False,512,42,False,0.9630158585073808,0.928669803109265,12.449640481497324,3.261849250735282
shenzhen/CHNCXR_0529_1,shenzhen,unet,unet,shenzhen,ood_test,True,512,42,False,0.9637811662064274,0.9300942376023482,11.375340525389378,3.1267186138648344
shenzhen/CHNCXR_0530_1,shenzhen,unet,unet,shenzhen,ood_test,False,512,42,False,0.913892167215355,0.8414377832744742,63.15853069855251,7.978671882044117
shenzhen/CHNCXR_0530_1,shenzhen,unet,unet,shenzhen,ood_test,True,512,42,False,0.9187142901745293,0.8496498953295315,17.46424919657298,5.9657726084060245
shenzhen/CHNCXR_0531_1,shenzhen,unet,unet,shenzhen,ood_test,False,512,42,False,0.9691535467893154,0.9401531564383621,9.794554078602426,2.7439221396904334
shenzhen/CHNCXR_0531_1,shenzhen,unet,unet,shenzhen,ood_test,True,512,42,False,0.9692928622767734,0.940415397159164,9.348206462151097,2.6837512366758407
shenzhen/CHNCXR_0532_1,shenzhen,unet,unet,shenzhen,ood_test,False,512,42,False,0.9531555567067722,0.9105035259185946,14.0,3.810892453445734
shenzhen/CHNCXR_0532_1,shenzhen,unet,unet,shenzhen,ood_test,True,512,42,False,0.9531555567067722,0.9105035259185946,14.0,3.810892453445734
shenzhen/CHNCXR_0533_1,shenzhen,unet,unet,shenzhen,ood_test,False,512,42,False,0.9404812647731235,0.8876494898145778,19.235384061671343,4.720109238146328
shenzhen/CHNCXR_0533_1,shenzhen,unet,unet,shenzhen,ood_test,True,512,42,False,0.9404812647731235,0.8876494898145778,19.235384061671343,4.720109238146328
shenzhen/CHNCXR_0534_1,shenzhen,unet,unet,shenzhen,ood_test,False,512,42,False,0.9564164202320277,0.9164732358520579,17.0,3.984432928979357
shenzhen/CHNCXR_0534_1,shenzhen,unet,unet,shenzhen,ood_test,True,512,42,False,0.9571519984248867,0.9178250300899158,9.848857801796104,3.5489657445471927
shenzhen/CHNCXR_0535_1,shenzhen,unet,unet,shenzhen,ood_test,False,512,42,False,0.9658557672865201,0.9339662077428229,8.54400374531753,2.9411980037978105
shenzhen/CHNCXR_0535_1,shenzhen,unet,unet,shenzhen,ood_test,True,512,42,False,0.9658557672865201,0.9339662077428229,8.54400374531753,2.9411980037978105
shenzhen/CHNCXR_0536_1,shenzhen,unet,unet,shenzhen,ood_test,False,512,42,False,0.9465915175101757,0.8985987233298356,15.524174696260024,4.754762521949069
shenzhen/CHNCXR_0536_1,shenzhen,unet,unet,shenzhen,ood_test,True,512,42,False,0.9465915175101757,0.8985987233298356,15.524174696260024,4.754762521949069
shenzhen/CHNCXR_0537_1,shenzhen,unet,unet,shenzhen,ood_test,False,512,42,False,0.9593725908450663,0.921917472483401,14.959820624195528,3.914998669570765
shenzhen/CHNCXR_0537_1,shenzhen,unet,unet,shenzhen,ood_test,True,512,42,False,0.9597063649910993,0.9225341121912066,12.283435605875406,3.601253111402763
shenzhen/CHNCXR_0538_1,shenzhen,unet,unet,shenzhen,ood_test,False,512,42,False,0.9545988117878031,0.9131411199372365,15.0,4.438331970473527
shenzhen/CHNCXR_0538_1,shenzhen,unet,unet,shenzhen,ood_test,True,512,42,False,0.9547407384621694,0.9134008887493746,14.0,4.23457560795518
shenzhen/CHNCXR_0539_1,shenzhen,unet,unet,shenzhen,ood_test,False,512,42,False,0.9596900076948445,0.9225038832591904,8.06225774829855,3.7601207244757298
shenzhen/CHNCXR_0539_1,shenzhen,unet,unet,shenzhen,ood_test,True,512,42,False,0.9598271710808404,0.9227573960744523,8.0,3.662239503616436
shenzhen/CHNCXR_0540_1,shenzhen,unet,unet,shenzhen,ood_test,False,512,42,False,0.9465447887850967,0.8985145060827868,13.601470508735444,4.456975563114811
shenzhen/CHNCXR_0540_1,shenzhen,unet,unet,shenzhen,ood_test,True,512,42,False,0.9465511135463093,0.8985259045009387,13.588480186504942,4.445541856666609
shenzhen/CHNCXR_0541_1,shenzhen,unet,unet,shenzhen,ood_test,False,512,42,False,0.9557574920591079,0.9152639207761567,13.433155146932469,4.239332114962012
shenzhen/CHNCXR_0541_1,shenzhen,unet,unet,shenzhen,ood_test,True,512,42,False,0.9557997315169293,0.9153413960575183,12.649110640673518,4.091495677673025
shenzhen/CHNCXR_0542_1,shenzhen,unet,unet,shenzhen,ood_test,False,512,42,False,0.9540449019491356,0.9121279715802301,13.152946437965905,4.229878592973877
shenzhen/CHNCXR_0542_1,shenzhen,unet,unet,shenzhen,ood_test,True,512,42,False,0.9541118900759401,0.9122504415364435,13.0,4.1654323768967565
shenzhen/CHNCXR_0543_1,shenzhen,unet,unet,shenzhen,ood_test,False,512,42,False,0.9545763223421112,0.9130999639119451,11.596866405015795,3.6681948985651185
shenzhen/CHNCXR_0543_1,shenzhen,unet,unet,shenzhen,ood_test,True,512,42,False,0.9545763223421112,0.9130999639119451,11.596866405015795,3.6681948985651185
shenzhen/CHNCXR_0544_1,shenzhen,unet,unet,shenzhen,ood_test,False,512,42,False,0.9414727654628138,0.8894176122680949,13.0,3.863427006480813
shenzhen/CHNCXR_0544_1,shenzhen,unet,unet,shenzhen,ood_test,True,512,42,False,0.9414727654628138,0.8894176122680949,13.0,3.863427006480813
shenzhen/CHNCXR_0545_1,shenzhen,unet,unet,shenzhen,ood_test,False,512,42,False,0.9507646722217432,0.9061500762035681,19.1049731745428,4.20050861240598
shenzhen/CHNCXR_0545_1,shenzhen,unet,unet,shenzhen,ood_test,True,512,42,False,0.9513895970443118,0.9072860562537403,15.026637102698325,3.796378192164904
shenzhen/CHNCXR_0546_1,shenzhen,unet,unet,shenzhen,ood_test,False,512,42,False,0.9542205300305497,0.912449094127297,14.317821063276353,3.612731807129916
shenzhen/CHNCXR_0546_1,shenzhen,unet,unet,shenzhen,ood_test,True,512,42,False,0.9542205300305497,0.912449094127297,14.317821063276353,3.612731807129916
shenzhen/CHNCXR_0547_1,shenzhen,unet,unet,shenzhen,ood_test,False,512,42,False,0.9610123944628325,0.92495077837428,8.94427190999916,3.1932881037203127
shenzhen/CHNCXR_0547_1,shenzhen,unet,unet,shenzhen,ood_test,True,512,42,False,0.9610123944628325,0.92495077837428,8.94427190999916,3.1932881037203127
shenzhen/CHNCXR_0548_1,shenzhen,unet,unet,shenzhen,ood_test,False,512,42,False,0.9541782483801096,0.9123717754982311,6.082762530298219,2.879722012865607
shenzhen/CHNCXR_0548_1,shenzhen,unet,unet,shenzhen,ood_test,True,512,42,False,0.9541782483801096,0.9123717754982311,6.082762530298219,2.879722012865607
shenzhen/CHNCXR_0549_1,shenzhen,unet,unet,shenzhen,ood_test,False,512,42,False,0.9293546619749828,0.8680322315598288,98.00815986819137,10.25829323489015
shenzhen/CHNCXR_0549_1,shenzhen,unet,unet,shenzhen,ood_test,True,512,42,False,0.9329253650412487,0.8742831424132874,26.0,5.854811625966868
shenzhen/CHNCXR_0550_1,shenzhen,unet,unet,shenzhen,ood_test,False,512,42,False,0.8714856368751954,0.7722415109206865,92.86171773771117,17.209186200554598
shenzhen/CHNCXR_0550_1,shenzhen,unet,unet,shenzhen,ood_test,True,512,42,False,0.8982564176005156,0.8153044246867364,41.666384933697536,9.2470879016595
shenzhen/CHNCXR_0551_1,shenzhen,unet,unet,shenzhen,ood_test,False,512,42,False,0.9533754718073033,0.910904957916078,21.10684114231572,3.903336043952707
shenzhen/CHNCXR_0551_1,shenzhen,unet,unet,shenzhen,ood_test,True,512,42,False,0.9532475884244374,0.9106714996620999,21.1954763867163,3.9830511073907555
shenzhen/CHNCXR_0552_1,shenzhen,unet,unet,shenzhen,ood_test,False,512,42,False,0.9590925957498019,0.9214004932942809,7.0,2.7730736311851625
shenzhen/CHNCXR_0552_1,shenzhen,unet,unet,shenzhen,ood_test,True,512,42,False,0.9590925957498019,0.9214004932942809,7.0,2.7730736311851625
shenzhen/CHNCXR_0553_1,shenzhen,unet,unet,shenzhen,ood_test,False,512,42,False,0.9445800703845788,0.8949803238306948,25.011980861195326,5.999486901716307
shenzhen/CHNCXR_0553_1,shenzhen,unet,unet,shenzhen,ood_test,True,512,42,False,0.9453493537537283,0.896362560548775,21.087900402918944,5.1233571939491735
shenzhen/CHNCXR_0554_1,shenzhen,unet,unet,shenzhen,ood_test,False,512,42,False,0.9465107672379895,0.8984531951564919,21.475418867695574,4.7034176168542405
shenzhen/CHNCXR_0554_1,shenzhen,unet,unet,shenzhen,ood_test,True,512,42,False,0.9464924911379815,0.8984202610576237,21.895159186813398,4.706315544703677
shenzhen/CHNCXR_0555_1,shenzhen,unet,unet,shenzhen,ood_test,False,512,42,False,0.9486947076669539,0.9023969674514051,38.349020642953946,5.217878912338722
shenzhen/CHNCXR_0555_1,shenzhen,unet,unet,shenzhen,ood_test,True,512,42,False,0.950852904078323,0.9063103808556012,13.0,3.5875310542795025
shenzhen/CHNCXR_0556_1,shenzhen,unet,unet,shenzhen,ood_test,False,512,42,False,0.954637952041643,0.9132127514157391,10.286199230791798,3.6107539402034843
shenzhen/CHNCXR_0556_1,shenzhen,unet,unet,shenzhen,ood_test,True,512,42,False,0.954637952041643,0.9132127514157391,10.286199230791798,3.6107539402034843
shenzhen/CHNCXR_0557_1,shenzhen,unet,unet,shenzhen,ood_test,False,512,42,False,0.9584678464547447,0.9202479666059571,19.301534337704467,4.147374187614762
shenzhen/CHNCXR_0557_1,shenzhen,unet,unet,shenzhen,ood_test,True,512,42,False,0.9584678464547447,0.9202479666059571,19.301534337704467,4.147374187614762
shenzhen/CHNCXR_0558_1,shenzhen,unet,unet,shenzhen,ood_test,False,512,42,False,0.9321951089515248,0.8730013476864715,20.0,5.0530651290311654
shenzhen/CHNCXR_0558_1,shenzhen,unet,unet,shenzhen,ood_test,True,512,42,False,0.9260396719297612,0.8622661822096622,33.283618210642196,6.205623650078712
shenzhen/CHNCXR_0559_1,shenzhen,unet,unet,shenzhen,ood_test,False,512,42,False,0.95743665572882,0.9183486653255882,18.0,4.007315072558512
shenzhen/CHNCXR_0559_1,shenzhen,unet,unet,shenzhen,ood_test,True,512,42,False,0.9573967913556316,0.9182753164556962,16.0,3.908500187545475
shenzhen/CHNCXR_0566_1,shenzhen,unet,unet,shenzhen,ood_test,False,512,42,False,0.9649788760554728,0.9323277117068691,7.0710678118654755,3.137087707336083
shenzhen/CHNCXR_0566_1,shenzhen,unet,unet,shenzhen,ood_test,True,512,42,False,0.9649788760554728,0.9323277117068691,7.0710678118654755,3.137087707336083
shenzhen/CHNCXR_0567_1,shenzhen,unet,unet,shenzhen,ood_test,False,512,42,False,0.9428951951644299,0.891959993797488,15.522543369479285,3.7134816082948756
shenzhen/CHNCXR_0567_1,shenzhen,unet,unet,shenzhen,ood_test,True,512,42,False,0.9426568840431201,0.891533571096294,15.72398644875305,3.8568443403071035
shenzhen/CHNCXR_0568_1,shenzhen,unet,unet,shenzhen,ood_test,False,512,42,False,0.9422075407581852,0.8907300600663419,13.601470508735444,3.9627413899404256
shenzhen/CHNCXR_0568_1,shenzhen,unet,unet,shenzhen,ood_test,True,512,42,False,0.9422075407581852,0.8907300600663419,13.601470508735444,3.9627413899404256
shenzhen/CHNCXR_0569_1,shenzhen,unet,unet,shenzhen,ood_test,False,512,42,False,0.8575678465181228,0.7506510070680767,53.9721761160997,11.365614012464878
shenzhen/CHNCXR_0569_1,shenzhen,unet,unet,shenzhen,ood_test,True,512,42,False,0.8575726724308226,0.7506584022771408,53.9721761160997,11.88808398321911
shenzhen/CHNCXR_0570_1,shenzhen,unet,unet,shenzhen,ood_test,False,512,42,False,0.9578986194541047,0.9191990696263336,10.737327303733117,4.075875892388485
shenzhen/CHNCXR_0570_1,shenzhen,unet,unet,shenzhen,ood_test,True,512,42,False,0.9586689694269027,0.9206188438457448,9.468334833548143,3.3914333535788366
shenzhen/CHNCXR_0571_1,shenzhen,unet,unet,shenzhen,ood_test,False,512,42,False,0.9496537965027579,0.9041340782122905,10.756311234115552,3.762635396962919
shenzhen/CHNCXR_0571_1,shenzhen,unet,unet,shenzhen,ood_test,True,512,42,False,0.9495767498496251,0.9039944134078213,12.07890083411434,3.772956713598752
shenzhen/CHNCXR_0572_1,shenzhen,unet,unet,shenzhen,ood_test,False,512,42,False,0.9184503100892452,0.849198440586703,82.48968776664455,8.659540934343848
shenzhen/CHNCXR_0572_1,shenzhen,unet,unet,shenzhen,ood_test,True,512,42,False,0.9229439203503672,0.8569135236213528,32.75342135982318,5.672461166729165
shenzhen/CHNCXR_0573_1,shenzhen,unet,unet,shenzhen,ood_test,False,512,42,False,0.9463901546026698,0.898235868558891,14.168420014568472,4.464374132271244
shenzhen/CHNCXR_0573_1,shenzhen,unet,unet,shenzhen,ood_test,True,512,42,False,0.9463901546026698,0.898235868558891,14.168420014568472,4.464374132271244
shenzhen/CHNCXR_0574_1,shenzhen,unet,unet,shenzhen,ood_test,False,512,42,False,0.9496748498708734,0.9041722458556007,36.084593889623534,5.80451689636878
shenzhen/CHNCXR_0574_1,shenzhen,unet,unet,shenzhen,ood_test,True,512,42,False,0.9499822587974577,0.9047297217183035,27.933135549050583,5.298940537633063
shenzhen/CHNCXR_0575_1,shenzhen,unet,unet,shenzhen,ood_test,False,512,42,False,0.9141325829899842,0.8418454856183907,26.476404589747453,6.959048747309151
shenzhen/CHNCXR_0575_1,shenzhen,unet,unet,shenzhen,ood_test,True,512,42,False,0.9141107582639921,0.8418084673190114,26.476404589747453,6.976412029625031
shenzhen/CHNCXR_0576_1,shenzhen,unet,unet,shenzhen,ood_test,False,512,42,False,0.9626347290440557,0.9279612071040092,14.799999999999955,3.5117831970806646
shenzhen/CHNCXR_0576_1,shenzhen,unet,unet,shenzhen,ood_test,True,512,42,False,0.9626347290440557,0.9279612071040092,14.799999999999955,3.5117831970806646
shenzhen/CHNCXR_0577_1,shenzhen,unet,unet,shenzhen,ood_test,False,512,42,False,0.9469751813252107,0.8992904673576071,16.761754052861995,4.528221379248119
shenzhen/CHNCXR_0577_1,shenzhen,unet,unet,shenzhen,ood_test,True,512,42,False,0.9469751813252107,0.8992904673576071,16.761754052861995,4.528221379248119
shenzhen/CHNCXR_0578_1,shenzhen,unet,unet,shenzhen,ood_test,False,512,42,False,0.959111902580889,0.9214361322403565,9.0,3.194040220721218
shenzhen/CHNCXR_0578_1,shenzhen,unet,unet,shenzhen,ood_test,True,512,42,False,0.959111902580889,0.9214361322403565,9.0,3.194040220721218
shenzhen/CHNCXR_0579_1,shenzhen,unet,unet,shenzhen,ood_test,False,512,42,False,0.9457519690543879,0.8970867777728659,47.0529898750079,7.393367449353566
shenzhen/CHNCXR_0579_1,shenzhen,unet,unet,shenzhen,ood_test,True,512,42,False,0.9464853110078532,0.8984073225531538,46.21855394356573,7.20752307266097
shenzhen/CHNCXR_0580_1,shenzhen,unet,unet,shenzhen,ood_test,False,512,42,False,0.9568081413695172,0.9171928763186751,12.529964086141668,3.772201667278506
shenzhen/CHNCXR_0580_1,shenzhen,unet,unet,shenzhen,ood_test,True,512,42,False,0.9568647561192087,0.9172969293601573,11.808054941967729,3.651261831906336
shenzhen/CHNCXR_0581_1,shenzhen,unet,unet,shenzhen,ood_test,False,512,42,False,0.9563102122552197,0.9162782116720989,9.433981132056603,3.6842695097568376
shenzhen/CHNCXR_0581_1,shenzhen,unet,unet,shenzhen,ood_test,True,512,42,False,0.9563102122552197,0.9162782116720989,9.433981132056603,3.6842695097568376
shenzhen/CHNCXR_0582_1,shenzhen,unet,unet,shenzhen,ood_test,False,512,42,False,0.9446121059024285,0.8950378445549029,14.092388155425098,4.461801010406429
shenzhen/CHNCXR_0582_1,shenzhen,unet,unet,shenzhen,ood_test,True,512,42,False,0.9446456516879053,0.8950980807524467,13.634162285580281,4.2433590779241195
shenzhen/CHNCXR_0583_1,shenzhen,unet,unet,shenzhen,ood_test,False,512,42,False,0.9625325701747421,0.9277713617832445,6.94164078649986,2.8190913678770033
shenzhen/CHNCXR_0583_1,shenzhen,unet,unet,shenzhen,ood_test,True,512,42,False,0.9625325701747421,0.9277713617832445,6.94164078649986,2.8190913678770033
shenzhen/CHNCXR_0584_1,shenzhen,unet,unet,shenzhen,ood_test,False,512,42,False,0.9531501393866986,0.9104936392963662,21.50755053602172,3.900562536191554
shenzhen/CHNCXR_0584_1,shenzhen,unet,unet,shenzhen,ood_test,True,512,42,False,0.9550961768696624,0.9140517583794189,11.0,3.3408984415815066
shenzhen/CHNCXR_0585_1,shenzhen,unet,unet,shenzhen,ood_test,False,512,42,False,0.960103912580521,0.9232690883211573,14.652291255313562,3.3986634750714213
shenzhen/CHNCXR_0585_1,shenzhen,unet,unet,shenzhen,ood_test,True,512,42,False,0.9601401664476565,0.9233361415332771,13.836087214122013,3.3545819062814317
shenzhen/CHNCXR_0586_1,shenzhen,unet,unet,shenzhen,ood_test,False,512,42,False,0.9327433228726887,0.8739634455914707,26.0,4.105651233653406
shenzhen/CHNCXR_0586_1,shenzhen,unet,unet,shenzhen,ood_test,True,512,42,False,0.9327282374324065,0.8739369579014173,26.0,4.138208508578441
shenzhen/CHNCXR_0587_1,shenzhen,unet,unet,shenzhen,ood_test,False,512,42,False,0.9455050440556761,0.8966425479095396,14.866068747318506,3.827063786513566
shenzhen/CHNCXR_0587_1,shenzhen,unet,unet,shenzhen,ood_test,True,512,42,False,0.9455050440556761,0.8966425479095396,14.866068747318506,3.827063786513566
shenzhen/CHNCXR_0588_1,shenzhen,unet,unet,shenzhen,ood_test,False,512,42,False,0.9395644560801047,0.8860175061720479,30.0,6.591994496898085
shenzhen/CHNCXR_0588_1,shenzhen,unet,unet,shenzhen,ood_test,True,512,42,False,0.9421401165269291,0.8906095516485406,18.0,5.251889392432274
shenzhen/CHNCXR_0589_1,shenzhen,unet,unet,shenzhen,ood_test,False,512,42,False,0.9460980386747951,0.8977097238581337,17.14783548653523,4.545945094206967
shenzhen/CHNCXR_0589_1,shenzhen,unet,unet,shenzhen,ood_test,True,512,42,False,0.9460980386747951,0.8977097238581337,17.14783548653523,4.545945094206967
shenzhen/CHNCXR_0590_1,shenzhen,unet,unet,shenzhen,ood_test,False,512,42,False,0.9544027118029181,0.9127823135890013,16.6906875847635,4.1002961694163
shenzhen/CHNCXR_0590_1,shenzhen,unet,unet,shenzhen,ood_test,True,512,42,False,0.9542545170050286,0.9125112491732535,16.881527307120106,4.094342084605081
shenzhen/CHNCXR_0591_1,shenzhen,unet,unet,shenzhen,ood_test,False,512,42,False,0.9554742087242157,0.9147444866413486,14.802098900352446,3.6645105401998013
shenzhen/CHNCXR_0591_1,shenzhen,unet,unet,shenzhen,ood_test,True,512,42,False,0.9554742087242157,0.9147444866413486,14.802098900352446,3.6645105401998013
shenzhen/CHNCXR_0592_1,shenzhen,unet,unet,shenzhen,ood_test,False,512,42,False,0.9579130007523762,0.919225555490069,9.0,3.071935181267174
shenzhen/CHNCXR_0592_1,shenzhen,unet,unet,shenzhen,ood_test,True,512,42,False,0.9577391237568637,0.9189053773265152,9.0,3.226841211555373
shenzhen/CHNCXR_0593_1,shenzhen,unet,unet,shenzhen,ood_test,False,512,42,False,0.9656517818253204,0.9335848071836115,9.219544457292887,2.952956763876493
shenzhen/CHNCXR_0593_1,shenzhen,unet,unet,shenzhen,ood_test,True,512,42,False,0.9656517818253204,0.9335848071836115,9.219544457292887,2.952956763876493
shenzhen/CHNCXR_0594_1,shenzhen,unet,unet,shenzhen,ood_test,False,512,42,False,0.9547298776073672,0.9133810076021132,15.297058540778355,4.428326778051323
shenzhen/CHNCXR_0594_1,shenzhen,unet,unet,shenzhen,ood_test,True,512,42,False,0.9550621719482415,0.9139894702911787,14.317821063276353,3.9052560317797758
shenzhen/CHNCXR_0595_1,shenzhen,unet,unet,shenzhen,ood_test,False,512,42,False,0.9267644027791629,0.8635237269235535,42.0,7.261663600596079
shenzhen/CHNCXR_0595_1,shenzhen,unet,unet,shenzhen,ood_test,True,512,42,False,0.9266216710443196,0.8632759261553711,42.0,7.192971685484879
shenzhen/CHNCXR_0596_1,shenzhen,unet,unet,shenzhen,ood_test,False,512,42,False,0.953976224848556,0.9120024300694682,11.246764196546668,4.500626059068243
shenzhen/CHNCXR_0596_1,shenzhen,unet,unet,shenzhen,ood_test,True,512,42,False,0.9551109605051141,0.9140788393826278,9.0,3.60470293080265
shenzhen/CHNCXR_0597_1,shenzhen,unet,unet,shenzhen,ood_test,False,512,42,False,0.9538886332259549,0.9118423367939469,6.324555320336759,3.1640218983004083
shenzhen/CHNCXR_0597_1,shenzhen,unet,unet,shenzhen,ood_test,True,512,42,False,0.9538886332259549,0.9118423367939469,6.324555320336759,3.1640218983004083
shenzhen/CHNCXR_0598_1,shenzhen,unet,unet,shenzhen,ood_test,False,512,42,False,0.9222891679808001,0.8557853744986476,39.0,6.794215743356333
shenzhen/CHNCXR_0598_1,shenzhen,unet,unet,shenzhen,ood_test,True,512,42,False,0.9209605557932892,0.8535003615835025,39.19565385416436,7.423596896291601
shenzhen/CHNCXR_0599_1,shenzhen,unet,unet,shenzhen,ood_test,False,512,42,False,0.8720732828747259,0.7731648427456022,69.99740831095183,12.26777040539602
shenzhen/CHNCXR_0599_1,shenzhen,unet,unet,shenzhen,ood_test,True,512,42,False,0.8731309590205296,0.774829130332312,54.08326913195984,10.158708327637964
shenzhen/CHNCXR_0600_1,shenzhen,unet,unet,shenzhen,ood_test,False,512,42,False,0.9525527552106315,0.9094040391525213,12.0,3.582558165193282
shenzhen/CHNCXR_0600_1,shenzhen,unet,unet,shenzhen,ood_test,True,512,42,False,0.9525527552106315,0.9094040391525213,12.0,3.582558165193282
shenzhen/CHNCXR_0601_1,shenzhen,unet,unet,shenzhen,ood_test,False,512,42,False,0.9596562827617193,0.9224415612459737,13.484557608661333,2.6886792808989783
shenzhen/CHNCXR_0601_1,shenzhen,unet,unet,shenzhen,ood_test,True,512,42,False,0.9596562827617193,0.9224415612459737,13.484557608661333,2.6886792808989783
shenzhen/CHNCXR_0602_1,shenzhen,unet,unet,shenzhen,ood_test,False,512,42,False,0.9749637320366168,0.9511504738985926,6.0,2.369253586374571
shenzhen/CHNCXR_0602_1,shenzhen,unet,unet,shenzhen,ood_test,True,512,42,False,0.9749637320366168,0.9511504738985926,6.0,2.369253586374571
shenzhen/CHNCXR_0603_1,shenzhen,unet,unet,shenzhen,ood_test,False,512,42,False,0.91636400322841,0.8456382087328926,23.854742803604825,6.084231849975507
shenzhen/CHNCXR_0603_1,shenzhen,unet,unet,shenzhen,ood_test,True,512,42,False,0.9148746788582526,0.8431050875263325,23.345235059857504,6.458810202126981
shenzhen/CHNCXR_0604_1,shenzhen,unet,unet,shenzhen,ood_test,False,512,42,False,0.9813749191324186,0.963430939965236,4.0,1.7332841045670475
shenzhen/CHNCXR_0604_1,shenzhen,unet,unet,shenzhen,ood_test,True,512,42,False,0.9815085986718883,0.9636886451785476,3.5390602331696073,1.1967927468228525
shenzhen/CHNCXR_0605_1,shenzhen,unet,unet,shenzhen,ood_test,False,512,42,False,0.9633721556563686,0.9293327021003891,13.601470508735444,3.0145255905407238
shenzhen/CHNCXR_0605_1,shenzhen,unet,unet,shenzhen,ood_test,True,512,42,False,0.9623109555880449,0.9273596563153215,14.063884069183988,3.2666715599975604
shenzhen/CHNCXR_0606_1,shenzhen,unet,unet,shenzhen,ood_test,False,512,42,False,0.8984026213393406,0.8155453514528452,101.95332457867859,10.471909155370781
shenzhen/CHNCXR_0606_1,shenzhen,unet,unet,shenzhen,ood_test,True,512,42,False,0.8983800610293063,0.8155081705117957,101.95332457867859,10.483733647064676
shenzhen/CHNCXR_0607_1,shenzhen,unet,unet,shenzhen,ood_test,False,512,42,False,0.9747624211900079,0.950767355134825,8.875882581407836,2.06645875651502
shenzhen/CHNCXR_0607_1,shenzhen,unet,unet,shenzhen,ood_test,True,512,42,False,0.9747624211900079,0.950767355134825,8.875882581407836,2.06645875651502
shenzhen/CHNCXR_0608_1,shenzhen,unet,unet,shenzhen,ood_test,False,512,42,False,0.9673597344520769,0.936782892093397,16.216925682766814,2.5809501370388253
shenzhen/CHNCXR_0608_1,shenzhen,unet,unet,shenzhen,ood_test,True,512,42,False,0.9673671673902186,0.9367968331448301,16.216925682766814,2.579343064125729
shenzhen/CHNCXR_0609_1,shenzhen,unet,unet,shenzhen,ood_test,False,512,42,False,0.9669470351509603,0.9360091573739014,14.317821063276353,2.9305176454201924
shenzhen/CHNCXR_0609_1,shenzhen,unet,unet,shenzhen,ood_test,True,512,42,False,0.9668218118927717,0.9357745092005662,15.251199910442976,3.0073996355237544
shenzhen/CHNCXR_0610_1,shenzhen,unet,unet,shenzhen,ood_test,False,512,42,False,0.9070108363352413,0.8298443081485476,50.16016663620329,9.568660527754325
shenzhen/CHNCXR_0610_1,shenzhen,unet,unet,shenzhen,ood_test,True,512,42,False,0.9068417252405582,0.8295612320549977,50.465691439643464,9.588694409201693
shenzhen/CHNCXR_0611_1,shenzhen,unet,unet,shenzhen,ood_test,False,512,42,False,0.975443225635341,0.9520636142786975,10.638320372125595,2.3651063861160315
shenzhen/CHNCXR_0611_1,shenzhen,unet,unet,shenzhen,ood_test,True,512,42,False,0.975443225635341,0.9520636142786975,10.638320372125595,2.3651063861160315
shenzhen/CHNCXR_0612_1,shenzhen,unet,unet,shenzhen,ood_test,False,512,42,False,0.9772170308693597,0.9554490643308117,12.696251990931165,1.9729868983302463
shenzhen/CHNCXR_0612_1,shenzhen,unet,unet,shenzhen,ood_test,True,512,42,False,0.9772170308693597,0.9554490643308117,12.696251990931165,1.9729868983302463
shenzhen/CHNCXR_0613_1,shenzhen,unet,unet,shenzhen,ood_test,False,512,42,False,0.9542167427780437,0.9124421682871917,58.59180830116101,6.404766198205931
shenzhen/CHNCXR_0613_1,shenzhen,unet,unet,shenzhen,ood_test,True,512,42,False,0.9744755059979918,0.9502215809543441,8.0,2.122454757119057
shenzhen/CHNCXR_0614_1,shenzhen,unet,unet,shenzhen,ood_test,False,512,42,False,0.9770727000034879,0.9551731584510644,9.848857801796104,2.1437643107132147
shenzhen/CHNCXR_0614_1,shenzhen,unet,unet,shenzhen,ood_test,True,512,42,False,0.977048913485798,0.9551276951229215,9.433981132056603,2.1213109586366787
shenzhen/CHNCXR_0615_1,shenzhen,unet,unet,shenzhen,ood_test,False,512,42,False,0.9656542638419084,0.933589447014761,18.768118332195577,3.4883017223491692
shenzhen/CHNCXR_0615_1,shenzhen,unet,unet,shenzhen,ood_test,True,512,42,False,0.9666110659652425,0.9353797337380148,12.40144631871069,2.6528805467817453
shenzhen/CHNCXR_0616_1,shenzhen,unet,unet,shenzhen,ood_test,False,512,42,False,0.970429691348468,0.9425579615048119,9.391093797103851,2.4274325269368147
shenzhen/CHNCXR_0616_1,shenzhen,unet,unet,shenzhen,ood_test,True,512,42,False,0.970429691348468,0.9425579615048119,9.391093797103851,2.4274325269368147
shenzhen/CHNCXR_0617_1,shenzhen,unet,unet,shenzhen,ood_test,False,512,42,False,0.9549042188641088,0.9137001948531882,26.1725046566048,4.147676015684716
shenzhen/CHNCXR_0617_1,shenzhen,unet,unet,shenzhen,ood_test,True,512,42,False,0.9553268467455829,0.9144743920809124,20.178914980508846,3.5510397728407437
shenzhen/CHNCXR_0618_1,shenzhen,unet,unet,shenzhen,ood_test,False,512,42,False,0.9691213354714033,0.9400925335035099,15.811388300841896,2.6454878741941275
shenzhen/CHNCXR_0618_1,shenzhen,unet,unet,shenzhen,ood_test,True,512,42,False,0.969445913390916,0.9407035748902446,12.735754702708633,2.5101998976706255
shenzhen/CHNCXR_0619_1,shenzhen,unet,unet,shenzhen,ood_test,False,512,42,False,0.9630614641365369,0.9287546280017375,28.203661129038995,4.298761087406064
shenzhen/CHNCXR_0619_1,shenzhen,unet,unet,shenzhen,ood_test,True,512,42,False,0.969648872764965,0.9410858562042189,15.016573615267445,2.879493891579006
shenzhen/CHNCXR_0620_1,shenzhen,unet,unet,shenzhen,ood_test,False,512,42,False,0.9671232705111583,0.9363394903763356,18.0,3.9127496264354367
shenzhen/CHNCXR_0620_1,shenzhen,unet,unet,shenzhen,ood_test,True,512,42,False,0.9684516865490034,0.9388330860714547,15.524174696260024,2.8689992276817544
shenzhen/CHNCXR_0621_1,shenzhen,unet,unet,shenzhen,ood_test,False,512,42,False,0.8862978708960226,0.7958123161792718,81.05553651663777,11.515938894256152
shenzhen/CHNCXR_0621_1,shenzhen,unet,unet,shenzhen,ood_test,True,512,42,False,0.9346510545350378,0.8773191718203818,20.248456731316587,4.80814114537353
shenzhen/CHNCXR_0622_1,shenzhen,unet,unet,shenzhen,ood_test,False,512,42,False,0.9256908021994051,0.8616614323832912,25.871203932583356,6.434473390133188
shenzhen/CHNCXR_0622_1,shenzhen,unet,unet,shenzhen,ood_test,True,512,42,False,0.9256908021994051,0.8616614323832912,25.871203932583356,6.434473390133188
shenzhen/CHNCXR_0623_1,shenzhen,unet,unet,shenzhen,ood_test,False,512,42,False,0.9621883899091198,0.9271320349026176,13.601470508735444,3.403200393074359
shenzhen/CHNCXR_0623_1,shenzhen,unet,unet,shenzhen,ood_test,True,512,42,False,0.9624880767758304,0.9276886898656593,12.169628116110161,3.2011603290060298
shenzhen/CHNCXR_0624_1,shenzhen,unet,unet,shenzhen,ood_test,False,512,42,False,0.9260810428646458,0.862337922905224,19.1049731745428,4.211281413765161
shenzhen/CHNCXR_0624_1,shenzhen,unet,unet,shenzhen,ood_test,True,512,42,False,0.9260935143288085,0.8623595505617978,19.1049731745428,4.2096821235219215
shenzhen/CHNCXR_0625_1,shenzhen,unet,unet,shenzhen,ood_test,False,512,42,False,0.9527080102318274,0.9096870973325384,18.0,4.8370330694726675
shenzhen/CHNCXR_0625_1,shenzhen,unet,unet,shenzhen,ood_test,True,512,42,False,0.9530535350889565,0.9103173533996651,17.0,4.513036696633427
shenzhen/CHNCXR_0626_1,shenzhen,unet,unet,shenzhen,ood_test,False,512,42,False,0.9512090874718482,0.9069577893070424,19.16041403615999,3.6113341770602316
shenzhen/CHNCXR_0626_1,shenzhen,unet,unet,shenzhen,ood_test,True,512,42,False,0.9512090874718482,0.9069577893070424,19.16041403615999,3.6113341770602316
shenzhen/CHNCXR_0627_1,shenzhen,unet,unet,shenzhen,ood_test,False,512,42,False,0.9612650818301278,0.9254190506310916,11.180339887498949,3.105778582233898
shenzhen/CHNCXR_0627_1,shenzhen,unet,unet,shenzhen,ood_test,True,512,42,False,0.9612573263150036,0.9254046749662171,11.098337832852941,3.1029668087925644
shenzhen/CHNCXR_0628_1,shenzhen,unet,unet,shenzhen,ood_test,False,512,42,False,0.9509385550303848,0.9064660221670121,20.615528128088304,5.191473417093021
shenzhen/CHNCXR_0628_1,shenzhen,unet,unet,shenzhen,ood_test,True,512,42,False,0.9530155892351658,0.9102481177718559,14.866068747318506,3.634987709195756
shenzhen/CHNCXR_0629_1,shenzhen,unet,unet,shenzhen,ood_test,False,512,42,False,0.9585019439815917,0.9203108334603077,16.1245154965971,3.5854137406240385
shenzhen/CHNCXR_0629_1,shenzhen,unet,unet,shenzhen,ood_test,True,512,42,False,0.9584671453830332,0.9202466740576497,16.1245154965971,3.5914389324477325
shenzhen/CHNCXR_0630_1,shenzhen,unet,unet,shenzhen,ood_test,False,512,42,False,0.9669026621951724,0.9359260031099212,14.007133769523634,2.7153961159984745
shenzhen/CHNCXR_0630_1,shenzhen,unet,unet,shenzhen,ood_test,True,512,42,False,0.9669026621951724,0.9359260031099212,14.007133769523634,2.7153961159984745
shenzhen/CHNCXR_0631_1,shenzhen,unet,unet,shenzhen,ood_test,False,512,42,False,0.9636710056518885,0.9298890708525167,14.866068747318506,3.217948462801565
shenzhen/CHNCXR_0631_1,shenzhen,unet,unet,shenzhen,ood_test,True,512,42,False,0.9635880356113495,0.9297345734326237,14.912944685757017,3.2210842765364194
shenzhen/CHNCXR_0632_1,shenzhen,unet,unet,shenzhen,ood_test,False,512,42,False,0.9589126813961406,0.921068448592844,13.601470508735444,3.144406233388022
shenzhen/CHNCXR_0632_1,shenzhen,unet,unet,shenzhen,ood_test,True,512,42,False,0.9589126813961406,0.921068448592844,13.601470508735444,3.144406233388022
shenzhen/CHNCXR_0633_1,shenzhen,unet,unet,shenzhen,ood_test,False,512,42,False,0.9379570774383159,0.8831630600917062,33.954101966249624,5.962086259270827
shenzhen/CHNCXR_0633_1,shenzhen,unet,unet,shenzhen,ood_test,True,512,42,False,0.9369125909708979,0.8813128469149707,35.4595056282164,6.133431594289564
shenzhen/CHNCXR_0634_1,shenzhen,unet,unet,shenzhen,ood_test,False,512,42,False,0.9687756635389911,0.9394422040733336,8.046693311223912,2.83804980774695
shenzhen/CHNCXR_0634_1,shenzhen,unet,unet,shenzhen,ood_test,True,512,42,False,0.9687756635389911,0.9394422040733336,8.046693311223912,2.83804980774695
shenzhen/CHNCXR_0635_1,shenzhen,unet,unet,shenzhen,ood_test,False,512,42,False,0.8910045204939171,0.8034338615074849,66.3999664535076,10.815377780449586
shenzhen/CHNCXR_0635_1,shenzhen,unet,unet,shenzhen,ood_test,True,512,42,False,0.8909977913157447,0.803422918672853,66.3999664535076,10.814639963193839
shenzhen/CHNCXR_0636_1,shenzhen,unet,unet,shenzhen,ood_test,False,512,42,False,0.9654495455465056,0.9332068256221572,6.0,2.6401403008486932
shenzhen/CHNCXR_0636_1,shenzhen,unet,unet,shenzhen,ood_test,True,512,42,False,0.9654495455465056,0.9332068256221572,6.0,2.6401403008486932
shenzhen/CHNCXR_0637_1,shenzhen,unet,unet,shenzhen,ood_test,False,512,42,False,0.9261010329410555,0.8623725893668948,26.74395210510763,6.076785444622593
shenzhen/CHNCXR_0637_1,shenzhen,unet,unet,shenzhen,ood_test,True,512,42,False,0.927475317590345,0.8647589494225663,19.879546593023374,5.544618768369418
shenzhen/CHNCXR_0638_1,shenzhen,unet,unet,shenzhen,ood_test,False,512,42,False,0.9260161523373424,0.8622253997140258,37.212900600580745,8.256846315446005
shenzhen/CHNCXR_0638_1,shenzhen,unet,unet,shenzhen,ood_test,True,512,42,False,0.9259298091104168,0.8620756976259891,33.015148038438355,7.329465553772891
shenzhen/CHNCXR_0639_1,shenzhen,unet,unet,shenzhen,ood_test,False,512,42,False,0.9469560132544994,0.8992558954551625,21.400934559032695,4.469192391055989
shenzhen/CHNCXR_0639_1,shenzhen,unet,unet,shenzhen,ood_test,True,512,42,False,0.9461686010598525,0.8978367906018239,21.70851113519882,4.435454684488135
shenzhen/CHNCXR_0640_1,shenzhen,unet,unet,shenzhen,ood_test,False,512,42,False,0.9473565989562666,0.8999786613557152,21.71368140638223,3.9662726247073268
shenzhen/CHNCXR_0640_1,shenzhen,unet,unet,shenzhen,ood_test,True,512,42,False,0.9473565989562666,0.8999786613557152,21.71368140638223,3.9662726247073268
shenzhen/CHNCXR_0641_1,shenzhen,unet,unet,shenzhen,ood_test,False,512,42,False,0.9657774368590016,0.9338197321144063,9.989949493661152,3.2508535250509847
shenzhen/CHNCXR_0641_1,shenzhen,unet,unet,shenzhen,ood_test,True,512,42,False,0.9657715603941044,0.933808744190135,9.994974746830565,3.256298500043667
shenzhen/CHNCXR_0642_1,shenzhen,unet,unet,shenzhen,ood_test,False,512,42,False,0.9637766444357264,0.9300858152448258,11.867114959823818,4.293349138421266
shenzhen/CHNCXR_0642_1,shenzhen,unet,unet,shenzhen,ood_test,True,512,42,False,0.9650649541965157,0.9324884282445726,9.178504627504019,3.1862968770373854
shenzhen/CHNCXR_0643_1,shenzhen,unet,unet,shenzhen,ood_test,False,512,42,False,0.9673141046569507,0.9366973142744602,14.366300806333246,3.1670541610395473
shenzhen/CHNCXR_0643_1,shenzhen,unet,unet,shenzhen,ood_test,True,512,42,False,0.9672477746792487,0.9365729271402361,14.110195590897106,3.177326290712662
shenzhen/CHNCXR_0644_1,shenzhen,unet,unet,shenzhen,ood_test,False,512,42,False,0.9373031246325508,0.8820042162149571,26.1725046566048,5.728631106523354
shenzhen/CHNCXR_0644_1,shenzhen,unet,unet,shenzhen,ood_test,True,512,42,False,0.9374771752384607,0.8823125050973447,22.80350850198276,5.474691319580661
shenzhen/CHNCXR_0645_1,shenzhen,unet,unet,shenzhen,ood_test,False,512,42,False,0.9475067793906524,0.900249769629953,16.925531052437634,4.700494362710801
shenzhen/CHNCXR_0645_1,shenzhen,unet,unet,shenzhen,ood_test,True,512,42,False,0.9475128250937954,0.9002606850560776,16.941778696257362,4.697197680488464
shenzhen/CHNCXR_0646_1,shenzhen,unet,unet,shenzhen,ood_test,False,512,42,False,0.922267366960658,0.8557478345624069,14.0,4.7003340400501665
shenzhen/CHNCXR_0646_1,shenzhen,unet,unet,shenzhen,ood_test,True,512,42,False,0.9218399920689997,0.8550122294352391,14.010633520177585,5.005933422416736
shenzhen/CHNCXR_0647_1,shenzhen,unet,unet,shenzhen,ood_test,False,512,42,False,0.9610241229778504,0.9249725082475257,8.06225774829855,2.701808632928207
shenzhen/CHNCXR_0647_1,shenzhen,unet,unet,shenzhen,ood_test,True,512,42,False,0.9613652893706923,0.925604815179152,7.615773105863909,2.647455162282465
shenzhen/CHNCXR_0648_1,shenzhen,unet,unet,shenzhen,ood_test,False,512,42,False,0.8643564962074871,0.7611160485847405,38.01315561749642,10.146960263377885
shenzhen/CHNCXR_0648_1,shenzhen,unet,unet,shenzhen,ood_test,True,512,42,False,0.8642874075660133,0.7610089148643917,38.07286931579841,10.177396645846256
shenzhen/CHNCXR_0649_1,shenzhen,unet,unet,shenzhen,ood_test,False,512,42,False,0.9603755393636694,0.9237715884213087,7.280109889280518,3.121381308603438
shenzhen/CHNCXR_0649_1,shenzhen,unet,unet,shenzhen,ood_test,True,512,42,False,0.9603755393636694,0.9237715884213087,7.280109889280518,3.121381308603438
shenzhen/CHNCXR_0650_1,shenzhen,unet,unet,shenzhen,ood_test,False,512,42,False,0.9605776469783041,0.9241456508856258,15.331125964100575,4.420646553057009
shenzhen/CHNCXR_0650_1,shenzhen,unet,unet,shenzhen,ood_test,True,512,42,False,0.9630163304514889,0.9286706808707735,10.621819216857688,3.0668672730945543
shenzhen/CHNCXR_0651_1,shenzhen,unet,unet,shenzhen,ood_test,False,512,42,False,0.9611548681529497,0.9252147781104114,14.899551560488879,4.321470818312503
shenzhen/CHNCXR_0651_1,shenzhen,unet,unet,shenzhen,ood_test,True,512,42,False,0.9639628334976547,0.9304326762253008,10.0,2.984762146231125
shenzhen/CHNCXR_0652_1,shenzhen,unet,unet,shenzhen,ood_test,False,512,42,False,0.94755798485109,0.9003422242858863,35.451352205545035,4.808357351201914
shenzhen/CHNCXR_0652_1,shenzhen,unet,unet,shenzhen,ood_test,True,512,42,False,0.9474913119026933,0.9002218438838158,35.64374929970346,4.78722333834132
shenzhen/CHNCXR_0653_1,shenzhen,unet,unet,shenzhen,ood_test,False,512,42,False,0.9565659777424483,0.916747927840078,16.1245154965971,3.714681766792181
shenzhen/CHNCXR_0653_1,shenzhen,unet,unet,shenzhen,ood_test,True,512,42,False,0.9565781440781441,0.9167702771886199,16.10583817210752,3.6685857706225415
shenzhen/CHNCXR_0654_1,shenzhen,unet,unet,shenzhen,ood_test,False,512,42,False,0.9688474091459166,0.9395771467183527,8.018677324489563,3.0699892599592813
shenzhen/CHNCXR_0654_1,shenzhen,unet,unet,shenzhen,ood_test,True,512,42,False,0.9688474091459166,0.9395771467183527,8.018677324489563,3.0699892599592813
shenzhen/CHNCXR_0655_1,shenzhen,unet,unet,shenzhen,ood_test,False,512,42,False,0.957491905993059,0.9184503329013808,11.0,3.7439932233219344
shenzhen/CHNCXR_0655_1,shenzhen,unet,unet,shenzhen,ood_test,True,512,42,False,0.9575420881303028,0.9185426838124392,11.0,3.7354918297723074
shenzhen/CHNCXR_0656_1,shenzhen,unet,unet,shenzhen,ood_test,False,512,42,False,0.9445695573180152,0.8949614480682803,13.0,3.3285481934113377
shenzhen/CHNCXR_0656_1,shenzhen,unet,unet,shenzhen,ood_test,True,512,42,False,0.944598036441213,0.8950125819891919,13.068825897084665,3.469491140439128
shenzhen/CHNCXR_0657_1,shenzhen,unet,unet,shenzhen,ood_test,False,512,42,False,0.9504983832297091,0.9056664306575803,17.850721317643256,4.464505715822503
shenzhen/CHNCXR_0657_1,shenzhen,unet,unet,shenzhen,ood_test,True,512,42,False,0.9504983832297091,0.9056664306575803,17.850721317643256,4.464505715822503
shenzhen/CHNCXR_0658_1,shenzhen,unet,unet,shenzhen,ood_test,False,512,42,False,0.9547013633050955,0.9133288132123988,17.46424919657298,4.243183564105081
shenzhen/CHNCXR_0658_1,shenzhen,unet,unet,shenzhen,ood_test,True,512,42,False,0.9552124845115703,0.9142648340940561,15.297058540778355,3.939482685228461
shenzhen/CHNCXR_0659_1,shenzhen,unet,unet,shenzhen,ood_test,False,512,42,False,0.9506495175815612,0.9059408972592252,21.81107453037282,4.25616073170865
shenzhen/CHNCXR_0659_1,shenzhen,unet,unet,shenzhen,ood_test,True,512,42,False,0.9509016103628941,0.9063988847526694,19.6468827043885,3.8938527194696477
shenzhen/CHNCXR_0660_1,shenzhen,unet,unet,shenzhen,ood_test,False,512,42,False,0.9228316382399061,0.8567199622647648,55.25637181601748,8.894970093681927
shenzhen/CHNCXR_0660_1,shenzhen,unet,unet,shenzhen,ood_test,True,512,42,False,0.9250114151241614,0.8604848722472718,32.64965543462902,6.13384656615166
shenzhen/CHNCXR_0661_1,shenzhen,unet,unet,shenzhen,ood_test,False,512,42,False,0.9677822585028099,0.9375756873729768,8.94427190999916,3.4107883647616073
shenzhen/CHNCXR_0661_1,shenzhen,unet,unet,shenzhen,ood_test,True,512,42,False,0.9681453169429508,0.9382574240731764,8.0,2.902317496060439
shenzhen/CHNCXR_0662_1,shenzhen,unet,unet,shenzhen,ood_test,False,512,42,False,0.9559991479779691,0.9157072488268384,15.247941867100781,3.9480411920941734
shenzhen/CHNCXR_0662_1,shenzhen,unet,unet,shenzhen,ood_test,True,512,42,False,0.9559885584452469,0.9156878175794495,15.251220998175372,3.9534173237016232
