patient_id,source,arm,model,held_out,split,postprocessed,image_size,seed,pred_empty,dice,iou,hd95,assd
montgomery/MCUCXR_0052_0,montgomery,unet_resnet34_scratch,unet_resnet34,jsrt,id_test,False,512,42,False,0.9794043134114806,0.9596398713826366,4.0,1.2974105443466648
montgomery/MCUCXR_0052_0,montgomery,unet_resnet34_scratch,unet_resnet34,jsrt,id_test,True,512,42,False,0.9794043134114806,0.9596398713826366,4.0,1.2974105443466648
montgomery/MCUCXR_0020_0,montgomery,unet_resnet34_scratch,unet_resnet34,jsrt,id_test,False,512,42,False,0.985796086279742,0.9719900238441088,3.605551275463989,1.143213748926847
montgomery/MCUCXR_0020_0,montgomery,unet_resnet34_scratch,unet_resnet34,jsrt,id_test,True,512,42,False,0.985796086279742,0.9719900238441088,3.605551275463989,1.143213748926847
montgomery/MCUCXR_0140_1,montgomery,unet_resnet34_scratch,unet_resnet34,jsrt,id_test,False,512,42,False,0.9871354117034767,0.9745976146364057,2.23606797749979,0.996839328228253
montgomery/MCUCXR_0140_1,montgomery,unet_resnet34_scratch,unet_resnet34,jsrt,id_test,True,512,42,False,0.9871354117034767,0.9745976146364057,2.23606797749979,0.996839328228253
montgomery/MCUCXR_0096_0,montgomery,unet_resnet34_scratch,unet_resnet34,jsrt,id_test,False,512,42,False,0.9860893623296281,0.9725604266223423,3.605551275463989,1.14960023264237
montgomery/MCUCXR_0096_0,montgomery,unet_resnet34_scratch,unet_resnet34,jsrt,id_test,True,512,42,False,0.9860893623296281,0.9725604266223423,3.605551275463989,1.14960023264237
montgomery/MCUCXR_0004_0,montgomery,unet_resnet34_scratch,unet_resnet34,jsrt,id_test,False,512,42,False,0.9842846938112865,0.969055686976536,2.8284271247461903,1.0446279200022424
montgomery/MCUCXR_0004_0,montgomery,unet_resnet34_scratch,unet_resnet34,jsrt,id_test,True,512,42,False,0.9842846938112865,0.969055686976536,2.8284271247461903,1.0446279200022424
montgomery/MCUCXR_0251_1,montgomery,unet_resnet34_scratch,unet_resnet34,jsrt,id_test,False,512,42,False,0.8992445617548012,0.8169340168678684,31.04834939252005,6.510715051715749
montgomery/MCUCXR_0251_1,montgomery,unet_resnet34_scratch,unet_resnet34,jsrt,id_test,True,512,42,False,0.8999407933688574,0.8180839612486545,29.474454901823666,6.1145764835091985
montgomery/MCUCXR_0069_0,montgomery,unet_resnet34_scratch,unet_resnet34,jsrt,id_test,False,512,42,False,0.9877521946457898,0.9758007766686648,3.605551275463989,1.038770383862089
montgomery/MCUCXR_0069_0,montgomery,unet_resnet34_scratch,unet_resnet34,jsrt,id_test,True,512,42,False,0.9877521946457898,0.9758007766686648,3.605551275463989,1.038770383862089
montgomery/MCUCXR_0275_1,montgomery,unet_resnet34_scratch,unet_resnet34,jsrt,id_test,False,512,42,False,0.9731949243833853,0.9477893589481572,9.595440426892411,2.2826867078840865
montgomery/MCUCXR_0275_1,montgomery,unet_resnet34_scratch,unet_resnet34,jsrt,id_test,True,512,42,False,0.9731949243833853,0.9477893589481572,9.595440426892411,2.2826867078840865
montgomery/MCUCXR_0213_1,montgomery,unet_resnet34_scratch,unet_resnet34,jsrt,id_test,False,512,42,False,0.983805210366474,0.9681266036812364,4.0,1.218977639857844
montgomery/MCUCXR_0213_1,montgomery,unet_resnet34_scratch,unet_resnet34,jsrt,id_test,True,512,42,False,0.983805210366474,0.9681266036812364,4.0,1.218977639857844
montgomery/MCUCXR_0258_1,montgomery,unet_resnet34_scratch,unet_resnet34,jsrt,id_test,False,512,42,False,0.8950792809292014,0.810084620082003,39.34208498605531,6.645789226101205
montgomery/MCUCXR_0258_1,montgomery,unet_resnet34_scratch,unet_resnet34,jsrt,id_test,True,512,42,False,0.8929183668541903,0.8065515135653842,62.384291782755874,8.132285615162832
montgomery/MCUCXR_0301_1,montgomery,unet_resnet34_scratch,unet_resnet34,jsrt,id_test,False,512,42,False,0.9173409316953846,0.84730360512464,20.396078054371138,6.668880441615367
montgomery/MCUCXR_0301_1,montgomery,unet_resnet34_scratch,unet_resnet34,jsrt,id_test,True,512,42,False,0.9170789417078942,0.846856688846956,21.9396873696849,6.908114242356294
montgomery/MCUCXR_0170_1,montgomery,unet_resnet34_scratch,unet_resnet34,jsrt,id_test,False,512,42,False,0.9806082183965728,0.9619542123972681,7.0,1.8538739183317046
montgomery/MCUCXR_0170_1,montgomery,unet_resnet34_scratch,unet_resnet34,jsrt,id_test,True,512,42,False,0.9806082183965728,0.9619542123972681,7.0,1.8538739183317046
montgomery/MCUCXR_0103_0,montgomery,unet_resnet34_scratch,unet_resnet34,jsrt,id_test,False,512,42,False,0.9858600487130538,0.9721143984733023,3.0,1.103004091410722
montgomery/MCUCXR_0103_0,montgomery,unet_resnet34_scratch,unet_resnet34,jsrt,id_test,True,512,42,False,0.9858600487130538,0.9721143984733023,3.0,1.103004091410722
montgomery/MCUCXR_0019_0,montgomery,unet_resnet34_scratch,unet_resnet34,jsrt,id_test,False,512,42,False,0.9882749961802395,0.9768217573441542,3.1622776601683795,1.0096668642553845
montgomery/MCUCXR_0019_0,montgomery,unet_resnet34_scratch,unet_resnet34,jsrt,id_test,True,512,42,False,0.9882749961802395,0.9768217573441542,3.1622776601683795,1.0096668642553845
montgomery/MCUCXR_0087_0,montgomery,unet_resnet34_scratch,unet_resnet34,jsrt,id_test,False,512,42,False,0.9865882301292885,0.9735314503552244,3.0,1.0941525645836097
montgomery/MCUCXR_0087_0,montgomery,unet_resnet34_scratch,unet_resnet34,jsrt,id_test,True,512,42,False,0.9865882301292885,0.9735314503552244,3.0,1.0941525645836097
montgomery/MCUCXR_0102_0,montgomery,unet_resnet34_scratch,unet_resnet34,jsrt,id_test,False,512,42,False,0.9892412168094873,0.9787114722732321,2.8284271247461903,0.940639347293691
montgomery/MCUCXR_0102_0,montgomery,unet_resnet34_scratch,unet_resnet34,jsrt,id_test,True,512,42,False,0.9892412168094873,0.9787114722732321,2.8284271247461903,0.940639347293691
montgomery/MCUCXR_0369_1,montgomery,unet_resnet34_scratch,unet_resnet34,jsrt,id_test,False,512,42,False,0.9851765164813732,0.9707860849509898,3.1622776601683795,1.090656254758067
montgomery/MCUCXR_0369_1,montgomery,unet_resnet34_scratch,unet_resnet34,jsrt,id_test,True,512,42,False,0.9851765164813732,0.9707860849509898,3.1622776601683795,1.090656254758067
montgomery/MCUCXR_0092_0,montgomery,unet_resnet34_scratch,unet_resnet34,jsrt,id_test,False,512,42,False,0.9860863862081889,0.9725546366030587,2.8284271247461903,1.0250798464381636
montgomery/MCUCXR_0092_0,montgomery,unet_resnet34_scratch,unet_resnet34,jsrt,id_test,True,512,42,False,0.9860863862081889,0.9725546366030587,2.8284271247461903,1.0250798464381636
montgomery/MCUCXR_0228_1,montgomery,unet_resnet34_scratch,unet_resnet34,jsrt,id_test,False,512,42,False,0.9787484071924112,0.9583812785071606,5.656854249492381,1.8441920018484383
montgomery/MCUCXR_0228_1,montgomery,unet_resnet34_scratch,unet_resnet34,jsrt,id_test,True,512,42,False,0.9787484071924112,0.9583812785071606,5.656854249492381,1.8441920018484383
montgomery/MCUCXR_0026_0,montgomery,unet_resnet34_scratch,unet_resnet34,jsrt,id_test,False,512,42,False,0.9835865732073664,0.9677032468088752,3.0,1.1105508735580856
montgomery/MCUCXR_0026_0,montgomery,unet_resnet34_scratch,unet_resnet34,jsrt,id_test,True,512,42,False,0.9835865732073664,0.9677032468088752,3.0,1.1105508735580856
montgomery/MCUCXR_0061_0,montgomery,unet_resnet34_scratch,unet_resnet34,jsrt,id_test,False,512,42,False,0.9816836030610965,0.9640261180239005,3.0,0.9289393424476893
montgomery/MCUCXR_0061_0,montgomery,unet_resnet34_scratch,unet_resnet34,jsrt,id_test,True,512,42,False,0.9816836030610965,0.9640261180239005,3.0,0.9289393424476893
shenzhen/CHNCXR_0367_1,shenzhen,unet_resnet34_scratch,unet_resnet34,jsrt,id_test,False,512,42,False,0.9514636489132203,0.9074207564926613,13.458576964200386,4.313581078530122
shenzhen/CHNCXR_0367_1,shenzhen,unet_resnet34_scratch,unet_resnet34,jsrt,id_test,True,512,42,False,0.9514636489132203,0.9074207564926613,13.458576964200386,4.313581078530122
shenzhen/CHNCXR_0232_0,shenzhen,unet_resnet34_scratch,unet_resnet34,jsrt,id_test,False,512,42,False,0.9744682878033677,0.9502078543393948,5.0990195135927845,1.6496256906395375
shenzhen/CHNCXR_0232_0,shenzhen,unet_resnet34_scratch,unet_resnet34,jsrt,id_test,True,512,42,False,0.9744682878033677,0.9502078543393948,5.0990195135927845,1.6496256906395375
shenzhen/CHNCXR_0541_1,shenzhen,unet_resnet34_scratch,unet_resnet34,jsrt,id_test,False,512,42,False,0.967631931707919,0.9372935500695411,8.94427190999916,2.863022941542775
shenzhen/CHNCXR_0541_1,shenzhen,unet_resnet34_scratch,unet_resnet34,jsrt,id_test,True,512,42,False,0.967631931707919,0.9372935500695411,8.94427190999916,2.863022941542775
shenzhen/CHNCXR_0015_0,shenzhen,unet_resnet34_scratch,unet_resnet34,jsrt,id_test,False,512,42,False,0.9614998441990098,0.9258543090515086,26.387915349269186,3.372426394555732
shenzhen/CHNCXR_0015_0,shenzhen,unet_resnet34_scratch,unet_resnet34,jsrt,id_test,True,512,42,False,0.9614998441990098,0.9258543090515086,26.387915349269186,3.372426394555732
shenzhen/CHNCXR_0612_1,shenzhen,unet_resnet34_scratch,unet_resnet34,jsrt,id_test,False,512,42,False,0.9739509134526665,0.9492244827486979,6.155300367309771,1.959414299275649
shenzhen/CHNCXR_0612_1,shenzhen,unet_resnet34_scratch,unet_resnet34,jsrt,id_test,True,512,42,False,0.9739509134526665,0.9492244827486979,6.155300367309771,1.959414299275649
shenzhen/CHNCXR_0475_1,shenzhen,unet_resnet34_scratch,unet_resnet34,jsrt,id_test,False,512,42,False,0.8684730130826359,0.767523022538446,45.398218846507106,10.963440425973701
shenzhen/CHNCXR_0475_1,shenzhen,unet_resnet34_scratch,unet_resnet34,jsrt,id_test,True,512,42,False,0.8684730130826359,0.767523022538446,45.398218846507106,10.963440425973701
shenzhen/CHNCXR_0284_0,shenzhen,unet_resnet34_scratch,unet_resnet34,jsrt,id_test,False,512,42,False,0.9587154892762958,0.9207046483482003,14.317821063276353,2.5887117411576384
shenzhen/CHNCXR_0284_0,shenzhen,unet_resnet34_scratch,unet_resnet34,jsrt,id_test,True,512,42,False,0.959275172800299,0.9217375695566326,12.0,2.473911692505853
shenzhen/CHNCXR_0252_0,shenzhen,unet_resnet34_scratch,unet_resnet34,jsrt,id_test,False,512,42,False,0.971856319507696,0.9452534095646478,8.977708763999658,2.0873157114059406
shenzhen/CHNCXR_0252_0,shenzhen,unet_resnet34_scratch,unet_resnet34,jsrt,id_test,True,512,42,False,0.971856319507696,0.9452534095646478,8.977708763999658,2.0873157114059406
shenzhen/CHNCXR_0110_0,shenzhen,unet_resnet34_scratch,unet_resnet34,jsrt,id_test,False,512,42,False,0.9833612323115904,0.9672670997462706,3.605551275463989,1.1983813362667635
shenzhen/CHNCXR_0110_0,shenzhen,unet_resnet34_scratch,unet_resnet34,jsrt,id_test,True,512,42,False,0.9833612323115904,0.9672670997462706,3.605551275463989,1.1983813362667635
shenzhen/CHNCXR_0338_1,shenzhen,unet_resnet34_scratch,unet_resnet34,jsrt,id_test,False,512,42,False,0.8802517389864194,0.7861157455066085,68.08413470792522,10.005165641941879
shenzhen/CHNCXR_0338_1,shenzhen,unet_resnet34_scratch,unet_resnet34,jsrt,id_test,True,512,42,False,0.8802517389864194,0.7861157455066085,68.08413470792522,10.005165641941879
shenzhen/CHNCXR_0180_0,shenzhen,unet_resnet34_scratch,unet_resnet34,jsrt,id_test,False,512,42,False,0.974032409408639,0.9493793160144689,6.0,1.7201799018635018
shenzhen/CHNCXR_0180_0,shenzhen,unet_resnet34_scratch,unet_resnet34,jsrt,id_test,True,512,42,False,0.974032409408639,0.9493793160144689,6.0,1.7201799018635018
shenzhen/CHNCXR_0068_0,shenzhen,unet_resnet34_scratch,unet_resnet34,jsrt,id_test,False,512,42,False,0.9777182977618425,0.9564079016784228,4.123105625617661,1.5212856446617247
shenzhen/CHNCXR_0068_0,shenzhen,unet_resnet34_scratch,unet_resnet34,jsrt,id_test,True,512,42,False,0.9777182977618425,0.9564079016784228,4.123105625617661,1.5212856446617247
shenzhen/CHNCXR_0179_0,shenzhen,unet_resnet34_scratch,unet_resnet34,jsrt,id_test,False,512,42,False,0.9825295464254028,0.9656590449123713,3.0,1.2230757400600014
shenzhen/CHNCXR_0179_0,shenzhen,unet_resnet34_scratch,unet_resnet34,jsrt,id_test,True,512,42,False,0.9825295464254028,0.9656590449123713,3.0,1.2230757400600014
shenzhen/CHNCXR_0637_1,shenzhen,unet_resnet34_scratch,unet_resnet34,jsrt,id_test,False,512,42,False,0.9468639650243821,0.8990898930225132,14.20561692556979,3.7875356934706392
shenzhen/CHNCXR_0637_1,shenzhen,unet_resnet34_scratch,unet_resnet34,jsrt,id_test,True,512,42,False,0.9539186920167568,0.911897272933623,10.816263691415216,3.4886994293245297
shenzhen/CHNCXR_0554_1,shenzhen,unet_resnet34_scratch,unet_resnet34,jsrt,id_test,False,512,42,False,0.9693223656615557,0.9404709419970383,11.864761515876209,2.6415846619748238
shenzhen/CHNCXR_0554_1,shenzhen,unet_resnet34_scratch,unet_resnet34,jsrt,id_test,True,512,42,False,0.9693223656615557,0.9404709419970383,11.864761515876209,2.6415846619748238
shenzhen/CHNCXR_0400_1,shenzhen,unet_resnet34_scratch,unet_resnet34,jsrt,id_test,False,512,42,False,0.9775945035378841,0.9561710171949451,5.0,1.852460649084768
shenzhen/CHNCXR_0400_1,shenzhen,unet_resnet34_scratch,unet_resnet34,jsrt,id_test,True,512,42,False,0.9775945035378841,0.9561710171949451,5.0,1.852460649084768
shenzhen/CHNCXR_0368_1,shenzhen,unet_resnet34_scratch,unet_resnet34,jsrt,id_test,False,512,42,False,0.9331109783618744,0.8746092231122171,18.45528754690101,5.293484187015138
shenzhen/CHNCXR_0368_1,shenzhen,unet_resnet34_scratch,unet_resnet34,jsrt,id_test,True,512,42,False,0.9331109783618744,0.8746092231122171,18.45528754690101,5.293484187015138
shenzhen/CHNCXR_0160_0,shenzhen,unet_resnet34_scratch,unet_resnet34,jsrt,id_test,False,512,42,False,0.9730818881610852,0.9475749594274616,5.0,2.1437000012008016
shenzhen/CHNCXR_0160_0,shenzhen,unet_resnet34_scratch,unet_resnet34,jsrt,id_test,True,512,42,False,0.9730818881610852,0.9475749594274616,5.0,2.1437000012008016
shenzhen/CHNCXR_0650_1,shenzhen,unet_resnet34_scratch,unet_resnet34,jsrt,id_test,False,512,42,False,0.9746636330440156,0.9505794044325124,5.656854249492381,2.018982304674933
shenzhen/CHNCXR_0650_1,shenzhen,unet_resnet34_scratch,unet_resnet34,jsrt,id_test,True,512,42,False,0.9746636330440156,0.9505794044325124,5.656854249492381,2.018982304674933
shenzhen/CHNCXR_0388_1,shenzhen,unet_resnet34_scratch,unet_resnet34,jsrt,id_test,False,512,42,False,0.9765011591827586,0.9540813533340633,5.0,1.8033900652531805
shenzhen/CHNCXR_0388_1,shenzhen,unet_resnet34_scratch,unet_resnet34,jsrt,id_test,True,512,42,False,0.9765011591827586,0.9540813533340633,5.0,1.8033900652531805
shenzhen/CHNCXR_0601_1,shenzhen,unet_resnet34_scratch,unet_resnet34,jsrt,id_test,False,512,42,False,0.9765626476647703,0.9541987552403642,5.735198189901203,1.636464839053075
shenzhen/CHNCXR_0601_1,shenzhen,unet_resnet34_scratch,unet_resnet34,jsrt,id_test,True,512,42,False,0.9765626476647703,0.9541987552403642,5.735198189901203,1.636464839053075
shenzhen/CHNCXR_0030_0,shenzhen,unet_resnet34_scratch,unet_resnet34,jsrt,id_test,False,512,42,False,0.9100824131959371,0.8350011268875366,50.473631832640024,7.428283282789618
shenzhen/CHNCXR_0030_0,shenzhen,unet_resnet34_scratch,unet_resnet34,jsrt,id_test,True,512,42,False,0.9100824131959371,0.8350011268875366,50.473631832640024,7.428283282789618
shenzhen/CHNCXR_0267_0,shenzhen,unet_resnet34_scratch,unet_resnet34,jsrt,id_test,False,512,42,False,0.9627787645549635,0.9282289367531775,7.0,2.1784477879815256
shenzhen/CHNCXR_0267_0,shenzhen,unet_resnet34_scratch,unet_resnet34,jsrt,id_test,True,512,42,False,0.9627787645549635,0.9282289367531775,7.0,2.1784477879815256
shenzhen/CHNCXR_0463_1,shenzhen,unet_resnet34_scratch,unet_resnet34,jsrt,id_test,False,512,42,False,0.9504487450727123,0.9055763028348328,18.97761606685873,3.936102989462789
shenzhen/CHNCXR_0463_1,shenzhen,unet_resnet34_scratch,unet_resnet34,jsrt,id_test,True,512,42,False,0.9504487450727123,0.9055763028348328,18.97761606685873,3.936102989462789
shenzhen/CHNCXR_0021_0,shenzhen,unet_resnet34_scratch,unet_resnet34,jsrt,id_test,False,512,42,False,0.9650075970348543,0.932381333689221,6.324555320336759,2.6180535641448377
shenzhen/CHNCXR_0021_0,shenzhen,unet_resnet34_scratch,unet_resnet34,jsrt,id_test,True,512,42,False,0.9650075970348543,0.932381333689221,6.324555320336759,2.6180535641448377
shenzhen/CHNCXR_0651_1,shenzhen,unet_resnet34_scratch,unet_resnet34,jsrt,id_test,False,512,42,False,0.9747361261250319,0.9507173235715725,5.0,2.0697717834283984
shenzhen/CHNCXR_0651_1,shenzhen,unet_resnet34_scratch,unet_resnet34,jsrt,id_test,True,512,42,False,0.9747361261250319,0.9507173235715725,5.0,2.0697717834283984
shenzhen/CHNCXR_0386_1,shenzhen,unet_resnet34_scratch,unet_resnet34,jsrt,id_test,False,512,42,False,0.9775722911270432,0.9561285190565124,5.256399425040717,1.6424985196940423
shenzhen/CHNCXR_0386_1,shenzhen,unet_resnet34_scratch,unet_resnet34,jsrt,id_test,True,512,42,False,0.9775722911270432,0.9561285190565124,5.256399425040717,1.6424985196940423
shenzhen/CHNCXR_0552_1,shenzhen,unet_resnet34_scratch,unet_resnet34,jsrt,id_test,False,512,42,False,0.9727180246000185,0.946885127835794,5.0,1.7545382505644411
shenzhen/CHNCXR_0552_1,shenzhen,unet_resnet34_scratch,unet_resnet34,jsrt,id_test,True,512,42,False,0.9727180246000185,0.946885127835794,5.0,1.7545382505644411
shenzhen/CHNCXR_0221_0,shenzhen,unet_resnet34_scratch,unet_resnet34,jsrt,id_test,False,512,42,False,0.9650026031121652,0.9323720098367986,26.687804854813724,2.9661047115750416
shenzhen/CHNCXR_0221_0,shenzhen,unet_resnet34_scratch,unet_resnet34,jsrt,id_test,True,512,42,False,0.9650026031121652,0.9323720098367986,26.687804854813724,2.9661047115750416
shenzhen/CHNCXR_0304_0,shenzhen,unet_resnet34_scratch,unet_resnet34,jsrt,id_test,False,512,42,False,0.9817292634008298,0.9641141870379364,3.605551275463989,1.2554198341047518
shenzhen/CHNCXR_0304_0,shenzhen,unet_resnet34_scratch,unet_resnet34,jsrt,id_test,True,512,42,False,0.9817292634008298,0.9641141870379364,3.605551275463989,1.2554198341047518
shenzhen/CHNCXR_0125_0,shenzhen,unet_resnet34_scratch,unet_resnet34,jsrt,id_test,False,512,42,False,0.9758941950615675,0.9529232139449074,4.47213595499958,1.7746757757212803
shenzhen/CHNCXR_0125_0,shenzhen,unet_resnet34_scratch,unet_resnet34,jsrt,id_test,True,512,42,False,0.9758941950615675,0.9529232139449074,4.47213595499958,1.7746757757212803
shenzhen/CHNCXR_0628_1,shenzhen,unet_resnet34_scratch,unet_resnet34,jsrt,id_test,False,512,42,False,0.9804876042123738,0.9617221019219647,4.0,1.5603608826816933
shenzhen/CHNCXR_0628_1,shenzhen,unet_resnet34_scratch,unet_resnet34,jsrt,id_test,True,512,42,False,0.9804876042123738,0.9617221019219647,4.0,1.5603608826816933
shenzhen/CHNCXR_0547_1,shenzhen,unet_resnet34_scratch,unet_resnet34,jsrt,id_test,False,512,42,False,0.9755070375706528,0.9521852012115967,5.830951894845301,1.9732132057775236
shenzhen/CHNCXR_0547_1,shenzhen,unet_resnet34_scratch,unet_resnet34,jsrt,id_test,True,512,42,False,0.9755070375706528,0.9521852012115967,5.830951894845301,1.9732132057775236
shenzhen/CHNCXR_0031_0,shenzhen,unet_resnet34_scratch,unet_resnet34,jsrt,id_test,False,512,42,False,0.9160598983376838,0.8451204055766793,35.90095442686847,6.456493910125796
shenzhen/CHNCXR_0031_0,shenzhen,unet_resnet34_scratch,unet_resnet34,jsrt,id_test,True,512,42,False,0.9160598983376838,0.8451204055766793,35.90095442686847,6.456493910125796
shenzhen/CHNCXR_0062_0,shenzhen,unet_resnet34_scratch,unet_resnet34,jsrt,id_test,False,512,42,False,0.9684574720314723,0.9388439601600409,6.708203932499369,2.2624717731454145
shenzhen/CHNCXR_0062_0,shenzhen,unet_resnet34_scratch,unet_resnet34,jsrt,id_test,True,512,42,False,0.9684574720314723,0.9388439601600409,6.708203932499369,2.2624717731454145
shenzhen/CHNCXR_0586_1,shenzhen,unet_resnet34_scratch,unet_resnet34,jsrt,id_test,False,512,42,False,0.9184342419692516,0.8491709682465196,81.8562739448943,8.094375009507223
shenzhen/CHNCXR_0586_1,shenzhen,unet_resnet34_scratch,unet_resnet34,jsrt,id_test,True,512,42,False,0.9184342419692516,0.8491709682465196,81.8562739448943,8.094375009507223
shenzhen/CHNCXR_0323_0,shenzhen,unet_resnet34_scratch,unet_resnet34,jsrt,id_test,False,512,42,False,0.9812830404343478,0.9632538569424965,3.605551275463989,1.332143536056913
shenzhen/CHNCXR_0323_0,shenzhen,unet_resnet34_scratch,unet_resnet34,jsrt,id_test,True,512,42,False,0.9812830404343478,0.9632538569424965,3.605551275463989,1.332143536056913
shenzhen/CHNCXR_0643_1,shenzhen,unet_resnet34_scratch,unet_resnet34,jsrt,id_test,False,512,42,False,0.9749852360338298,0.9511914074888471,6.324555320336759,2.2794306528458703
shenzhen/CHNCXR_0643_1,shenzhen,unet_resnet34_scratch,unet_resnet34,jsrt,id_test,True,512,42,False,0.9749852360338298,0.9511914074888471,6.324555320336759,2.2794306528458703
shenzhen/CHNCXR_0256_0,shenzhen,unet_resnet34_scratch,unet_resnet34,jsrt,id_test,False,512,42,False,0.9608737585694549,0.9246939594621714,11.704699910719626,3.0319558629130396
shenzhen/CHNCXR_0256_0,shenzhen,unet_resnet34_scratch,unet_resnet34,jsrt,id_test,True,512,42,False,0.9608737585694549,0.9246939594621714,11.704699910719626,3.0319558629130396
shenzhen/CHNCXR_0545_1,shenzhen,unet_resnet34_scratch,unet_resnet34,jsrt,id_test,False,512,42,False,0.9759813285802208,0.9530893877423585,4.47213595499958,1.8688190750797886
shenzhen/CHNCXR_0545_1,shenzhen,unet_resnet34_scratch,unet_resnet34,jsrt,id_test,True,512,42,False,0.9759813285802208,0.9530893877423585,4.47213595499958,1.8688190750797886
shenzhen/CHNCXR_0503_1,shenzhen,unet_resnet34_scratch,unet_resnet34,jsrt,id_test,False,512,42,False,0.9480967985883539,0.901315631814805,12.0,4.149084968757374
shenzhen/CHNCXR_0503_1,shenzhen,unet_resnet34_scratch,unet_resnet34,jsrt,id_test,True,512,42,False,0.9480967985883539,0.901315631814805,12.0,4.149084968757374
shenzhen/CHNCXR_0439_1,shenzhen,unet_resnet34_scratch,unet_resnet34,jsrt,id_test,False,512,42,False,0.9350986333161423,0.8781082103670071,17.0,4.938844831635399
shenzhen/CHNCXR_0439_1,shenzhen,unet_resnet34_scratch,unet_resnet34,jsrt,id_test,True,512,42,False,0.9350986333161423,0.8781082103670071,17.0,4.938844831635399
shenzhen/CHNCXR_0645_1,shenzhen,unet_resnet34_scratch,unet_resnet34,jsrt,id_test,False,512,42,False,0.9656177611202207,0.9335212118162146,8.246211251235321,2.8117340805291215
shenzhen/CHNCXR_0645_1,shenzhen,unet_resnet34_scratch,unet_resnet34,jsrt,id_test,True,512,42,False,0.9656177611202207,0.9335212118162146,8.246211251235321,2.8117340805291215
shenzhen/CHNCXR_0132_0,shenzhen,unet_resnet34_scratch,unet_resnet34,jsrt,id_test,False,512,42,False,0.9777768778285124,0.9565200166392647,4.0,1.4760443985647609
shenzhen/CHNCXR_0132_0,shenzhen,unet_resnet34_scratch,unet_resnet34,jsrt,id_test,True,512,42,False,0.9777768778285124,0.9565200166392647,4.0,1.4760443985647609
shenzhen/CHNCXR_0327_1,shenzhen,unet_resnet34_scratch,unet_resnet34,jsrt,id_test,False,512,42,False,0.9338057206909666,0.8758307363045845,50.22258446164097,6.032442700169572
shenzhen/CHNCXR_0327_1,shenzhen,unet_resnet34_scratch,unet_resnet34,jsrt,id_test,True,512,42,False,0.9338397942127336,0.8758906861686647,50.635955604688654,6.142067184398467
shenzhen/CHNCXR_0067_0,shenzhen,unet_resnet34_scratch,unet_resnet34,jsrt,id_test,False,512,42,False,0.9766221634035265,0.9543124039617216,4.123105625617661,1.6598347496209729
shenzhen/CHNCXR_0067_0,shenzhen,unet_resnet34_scratch,unet_resnet34,jsrt,id_test,True,512,42,False,0.9766221634035265,0.9543124039617216,4.123105625617661,1.6598347496209729
shenzhen/CHNCXR_0278_0,shenzhen,unet_resnet34_scratch,unet_resnet34,jsrt,id_test,False,512,42,False,0.9833599544887645,0.9672646270728636,5.385164807134504,1.559853835901743
shenzhen/CHNCXR_0278_0,shenzhen,unet_resnet34_scratch,unet_resnet34,jsrt,id_test,True,512,42,False,0.9833599544887645,0.9672646270728636,5.385164807134504,1.559853835901743
shenzhen/CHNCXR_0375_1,shenzhen,unet_resnet34_scratch,unet_resnet34,jsrt,id_test,False,512,42,False,0.96986112546952,0.9414858029812402,5.0,2.4066583175656615
shenzhen/CHNCXR_0375_1,shenzhen,unet_resnet34_scratch,unet_resnet34,jsrt,id_test,True,512,42,False,0.96986112546952,0.9414858029812402,5.0,2.4066583175656615
shenzhen/CHNCXR_0315_0,shenzhen,unet_resnet34_scratch,unet_resnet34,jsrt,id_test,False,512,42,False,0.9832582329806363,0.9670678090299306,4.123105625617661,1.4503760486815893
shenzhen/CHNCXR_0315_0,shenzhen,unet_resnet34_scratch,unet_resnet34,jsrt,id_test,True,512,42,False,0.9832582329806363,0.9670678090299306,4.123105625617661,1.4503760486815893
shenzhen/CHNCXR_0384_1,shenzhen,unet_resnet34_scratch,unet_resnet34,jsrt,id_test,False,512,42,False,0.9697542823753729,0.9412844584409188,7.211102550927978,2.3249445595271228
shenzhen/CHNCXR_0384_1,shenzhen,unet_resnet34_scratch,unet_resnet34,jsrt,id_test,True,512,42,False,0.9697542823753729,0.9412844584409188,7.211102550927978,2.3249445595271228
shenzhen/CHNCXR_0051_0,shenzhen,unet_resnet34_scratch,unet_resnet34,jsrt,id_test,False,512,42,False,0.974100877998604,0.9495094177469026,5.830951894845301,1.8911453985876314
shenzhen/CHNCXR_0051_0,shenzhen,unet_resnet34_scratch,unet_resnet34,jsrt,id_test,True,512,42,False,0.9741635056072449,0.9496284358492255,5.830951894845301,1.753998176513605
shenzhen/CHNCXR_0143_0,shenzhen,unet_resnet34_scratch,unet_resnet34,jsrt,id_test,False,512,42,False,0.9786162448247898,0.9581278729628082,4.012310562561755,1.4104658650075443
shenzhen/CHNCXR_0143_0,shenzhen,unet_resnet34_scratch,unet_resnet34,jsrt,id_test,True,512,42,False,0.9786162448247898,0.9581278729628082,4.012310562561755,1.4104658650075443
shenzhen/CHNCXR_0172_0,shenzhen,unet_resnet34_scratch,unet_resnet34,jsrt,id_test,False,512,42,False,0.9774788498043168,0.955949761642831,5.385164807134504,1.9965820160619832
shenzhen/CHNCXR_0172_0,shenzhen,unet_resnet34_scratch,unet_resnet34,jsrt,id_test,True,512,42,False,0.9774788498043168,0.955949761642831,5.385164807134504,1.9965820160619832
shenzhen/CHNCXR_0047_0,shenzhen,unet_resnet34_scratch,unet_resnet34,jsrt,id_test,False,512,42,False,0.938184553189489,0.883566495484328,48.579300297741135,5.830771279160677
shenzhen/CHNCXR_0047_0,shenzhen,unet_resnet34_scratch,unet_resnet34,jsrt,id_test,True,512,42,False,0.938184553189489,0.883566495484328,48.579300297741135,5.830771279160677
shenzhen/CHNCXR_0072_0,shenzhen,unet_resnet34_scratch,unet_resnet34,jsrt,id_test,False,512,42,False,0.9723546234509056,0.9461966604823747,6.0,2.194632576461194
shenzhen/CHNCXR_0072_0,shenzhen,unet_resnet34_scratch,unet_resnet34,jsrt,id_test,True,512,42,False,0.9723546234509056,0.9461966604823747,6.0,2.194632576461194
shenzhen/CHNCXR_0274_0,shenzhen,unet_resnet34_scratch,unet_resnet34,jsrt,id_test,False,512,42,False,0.9812036312782952,0.9631008329067982,5.0,1.6405027370210854
shenzhen/CHNCXR_0274_0,shenzhen,unet_resnet34_scratch,unet_resnet34,jsrt,id_test,True,512,42,False,0.9812036312782952,0.9631008329067982,5.0,1.6405027370210854
shenzhen/CHNCXR_0270_0,shenzhen,unet_resnet34_scratch,unet_resnet34,jsrt,id_test,False,512,42,False,0.9803349257178855,0.9614283654935234,5.385164807134504,1.4062033127689912
shenzhen/CHNCXR_0270_0,shenzhen,unet_resnet34_scratch,unet_resnet34,jsrt,id_test,True,512,42,False,0.9803555116911479,0.9614679654838644,5.26961536499417,1.395709463142644
shenzhen/CHNCXR_0426_1,shenzhen,unet_resnet34_scratch,unet_resnet34,jsrt,id_test,False,512,42,False,0.9473473570592623,0.8999619802527737,18.36708554674336,4.492751185283689
shenzhen/CHNCXR_0426_1,shenzhen,unet_resnet34_scratch,unet_resnet34,jsrt,id_test,True,512,42,False,0.9473473570592623,0.8999619802527737,18.36708554674336,4.492751185283689
shenzhen/CHNCXR_0140_0,shenzhen,unet_resnet34_scratch,unet_resnet34,jsrt,id_test,False,512,42,False,0.9740700451675456,0.9494508280798,5.656854249492381,2.151595359833672
shenzhen/CHNCXR_0140_0,shenzhen,unet_resnet34_scratch,unet_resnet34,jsrt,id_test,True,512,42,False,0.9740700451675456,0.9494508280798,5.656854249492381,2.151595359833672
shenzhen/CHNCXR_0265_0,shenzhen,unet_resnet34_scratch,unet_resnet34,jsrt,id_test,False,512,42,False,0.9663803949455719,0.9349478185397658,11.0,2.2328938367531705
shenzhen/CHNCXR_0265_0,shenzhen,unet_resnet34_scratch,unet_resnet34,jsrt,id_test,True,512,42,False,0.9663803949455719,0.9349478185397658,11.0,2.2328938367531705
shenzhen/CHNCXR_0146_0,shenzhen,unet_resnet34_scratch,unet_resnet34,jsrt,id_test,False,512,42,False,0.972310844119122,0.9461137529331146,7.905124837953327,1.9463341501489835
shenzhen/CHNCXR_0146_0,shenzhen,unet_resnet34_scratch,unet_resnet34,jsrt,id_test,True,512,42,False,0.972310844119122,0.9461137529331146,7.905124837953327,1.9463341501489835
shenzhen/CHNCXR_0224_0,shenzhen,unet_resnet34_scratch,unet_resnet34,jsrt,id_test,False,512,42,False,0.9753336633385947,0.9518548901649804,5.0990195135927845,1.7402281367034427
shenzhen/CHNCXR_0224_0,shenzhen,unet_resnet34_scratch,unet_resnet34,jsrt,id_test,True,512,42,False,0.9753336633385947,0.9518548901649804,5.0990195135927845,1.7402281367034427
shenzhen/CHNCXR_0053_0,shenzhen,unet_resnet34_scratch,unet_resnet34,jsrt,id_test,False,512,42,False,0.9783528467738994,0.9576230342193106,6.0,1.583889927147289
shenzhen/CHNCXR_0053_0,shenzhen,unet_resnet34_scratch,unet_resnet34,jsrt,id_test,True,512,42,False,0.9783528467738994,0.9576230342193106,6.0,1.583889927147289
shenzhen/CHNCXR_0227_0,shenzhen,unet_resnet34_scratch,unet_resnet34,jsrt,id_test,False,512,42,False,0.9641216416653973,0.93072862649185,12.467244694190143,2.6939338894113574
shenzhen/CHNCXR_0227_0,shenzhen,unet_resnet34_scratch,unet_resnet34,jsrt,id_test,True,512,42,False,0.9641216416653973,0.93072862649185,12.467244694190143,2.6939338894113574
shenzhen/CHNCXR_0235_0,shenzhen,unet_resnet34_scratch,unet_resnet34,jsrt,id_test,False,512,42,False,0.98075575316812,0.9622382036657123,4.123105625617661,1.6692111474000724
shenzhen/CHNCXR_0235_0,shenzhen,unet_resnet34_scratch,unet_resnet34,jsrt,id_test,True,512,42,False,0.98075575316812,0.9622382036657123,4.123105625617661,1.6692111474000724
shenzhen/CHNCXR_0617_1,shenzhen,unet_resnet34_scratch,unet_resnet34,jsrt,id_test,False,512,42,False,0.9765376588085333,0.9541510415241015,6.0,1.9228853482236545
shenzhen/CHNCXR_0617_1,shenzhen,unet_resnet34_scratch,unet_resnet34,jsrt,id_test,True,512,42,False,0.9765376588085333,0.9541510415241015,6.0,1.9228853482236545
shenzhen/CHNCXR_0247_0,shenzhen,unet_resnet34_scratch,unet_resnet34,jsrt,id_test,False,512,42,False,0.9603381617609155,0.9237024255766446,6.252017483325208,2.4919533837465284
shenzhen/CHNCXR_0247_0,shenzhen,unet_resnet34_scratch,unet_resnet34,jsrt,id_test,True,512,42,False,0.9603381617609155,0.9237024255766446,6.252017483325208,2.4919533837465284
shenzhen/CHNCXR_0381_1,shenzhen,unet_resnet34_scratch,unet_resnet34,jsrt,id_test,False,512,42,False,0.9744748600482769,0.9502203525641025,6.082762530298219,1.898271595024956
shenzhen/CHNCXR_0381_1,shenzhen,unet_resnet34_scratch,unet_resnet34,jsrt,id_test,True,512,42,False,0.9767322145578091,0.9545225877854915,4.47213595499958,1.6081575657880598
shenzhen/CHNCXR_0369_1,shenzhen,unet_resnet34_scratch,unet_resnet34,jsrt,id_test,False,512,42,False,0.9726792478184552,0.9468116415958142,5.656854249492381,2.0497121595842467
shenzhen/CHNCXR_0369_1,shenzhen,unet_resnet34_scratch,unet_resnet34,jsrt,id_test,True,512,42,False,0.9726792478184552,0.9468116415958142,5.656854249492381,2.0497121595842467
shenzhen/CHNCXR_0606_1,shenzhen,unet_resnet34_scratch,unet_resnet34,jsrt,id_test,False,512,42,False,0.949292272379495,0.9034789099051538,14.03388540523729,3.171169156093989
shenzhen/CHNCXR_0606_1,shenzhen,unet_resnet34_scratch,unet_resnet34,jsrt,id_test,True,512,42,False,0.949292272379495,0.9034789099051538,14.03388540523729,3.171169156093989
shenzhen/CHNCXR_0376_1,shenzhen,unet_resnet34_scratch,unet_resnet34,jsrt,id_test,False,512,42,False,0.9667638383682033,0.9356658954341928,7.0710678118654755,2.4300112333200437
shenzhen/CHNCXR_0376_1,shenzhen,unet_resnet34_scratch,unet_resnet34,jsrt,id_test,True,512,42,False,0.9667638383682033,0.9356658954341928,7.0710678118654755,2.4300112333200437
shenzhen/CHNCXR_0127_0,shenzhen,unet_resnet34_scratch,unet_resnet34,jsrt,id_test,False,512,42,False,0.9646554518452858,0.9317240850541811,9.071801070052949,2.872035151945524
shenzhen/CHNCXR_0127_0,shenzhen,unet_resnet34_scratch,unet_resnet34,jsrt,id_test,True,512,42,False,0.9646554518452858,0.9317240850541811,9.071801070052949,2.872035151945524
shenzhen/CHNCXR_0003_0,shenzhen,unet_resnet34_scratch,unet_resnet34,jsrt,id_test,False,512,42,False,0.923879830638305,0.8585284961123887,41.48493702538308,5.688196734819058
shenzhen/CHNCXR_0003_0,shenzhen,unet_resnet34_scratch,unet_resnet34,jsrt,id_test,True,512,42,False,0.923879830638305,0.8585284961123887,41.48493702538308,5.688196734819058
shenzhen/CHNCXR_0576_1,shenzhen,unet_resnet34_scratch,unet_resnet34,jsrt,id_test,False,512,42,False,0.9742130535301441,0.9497226074895978,7.0,2.059816161647252
shenzhen/CHNCXR_0576_1,shenzhen,unet_resnet34_scratch,unet_resnet34,jsrt,id_test,True,512,42,False,0.9742130535301441,0.9497226074895978,7.0,2.059816161647252
shenzhen/CHNCXR_0052_0,shenzhen,unet_resnet34_scratch,unet_resnet34,jsrt,id_test,False,512,42,False,0.9661684298110068,0.9345510987194781,10.0,2.654877050567042
shenzhen/CHNCXR_0052_0,shenzhen,unet_resnet34_scratch,unet_resnet34,jsrt,id_test,True,512,42,False,0.9661684298110068,0.9345510987194781,10.0,2.654877050567042
shenzhen/CHNCXR_0042_0,shenzhen,unet_resnet34_scratch,unet_resnet34,jsrt,id_test,False,512,42,False,0.9805013927576601,0.9617486338797814,4.0,1.3406486396892803
shenzhen/CHNCXR_0042_0,shenzhen,unet_resnet34_scratch,unet_resnet34,jsrt,id_test,True,512,42,False,0.9805013927576601,0.9617486338797814,4.0,1.3406486396892803
shenzhen/CHNCXR_0557_1,shenzhen,unet_resnet34_scratch,unet_resnet34,jsrt,id_test,False,512,42,False,0.9531704915867766,0.9105307826406093,12.36931687685298,3.9955816900160395
shenzhen/CHNCXR_0557_1,shenzhen,unet_resnet34_scratch,unet_resnet34,jsrt,id_test,True,512,42,False,0.9531704915867766,0.9105307826406093,12.36931687685298,3.9955816900160395
shenzhen/CHNCXR_0556_1,shenzhen,unet_resnet34_scratch,unet_resnet34,jsrt,id_test,False,512,42,False,0.9609733198721617,0.924878386909109,7.3136762109388265,3.186446763741052
shenzhen/CHNCXR_0556_1,shenzhen,unet_resnet34_scratch,unet_resnet34,jsrt,id_test,True,512,42,False,0.9609733198721617,0.924878386909109,7.3136762109388265,3.186446763741052
shenzhen/CHNCXR_0259_0,shenzhen,unet_resnet34_scratch,unet_resnet34,jsrt,id_test,False,512,42,False,0.9431240339598127,0.8923696481559983,21.442422490655552,3.514378683205144
shenzhen/CHNCXR_0259_0,shenzhen,unet_resnet34_scratch,unet_resnet34,jsrt,id_test,True,512,42,False,0.9431240339598127,0.8923696481559983,21.442422490655552,3.514378683205144
shenzhen/CHNCXR_0632_1,shenzhen,unet_resnet34_scratch,unet_resnet34,jsrt,id_test,False,512,42,False,0.9710347676678528,0.9437002700927075,8.06225774829855,2.0664866494856673
shenzhen/CHNCXR_0632_1,shenzhen,unet_resnet34_scratch,unet_resnet34,jsrt,id_test,True,512,42,False,0.9710347676678528,0.9437002700927075,8.06225774829855,2.0664866494856673
shenzhen/CHNCXR_0567_1,shenzhen,unet_resnet34_scratch,unet_resnet34,jsrt,id_test,False,512,42,False,0.9735053577137671,0.9483784109633083,5.0,1.8069281308855143
shenzhen/CHNCXR_0567_1,shenzhen,unet_resnet34_scratch,unet_resnet34,jsrt,id_test,True,512,42,False,0.9735053577137671,0.9483784109633083,5.0,1.8069281308855143
shenzhen/CHNCXR_0648_1,shenzhen,unet_resnet34_scratch,unet_resnet34,jsrt,id_test,False,512,42,False,0.9546812432466789,0.9132919858932264,11.045361017187261,3.685850390421179
shenzhen/CHNCXR_0648_1,shenzhen,unet_resnet34_scratch,unet_resnet34,jsrt,id_test,True,512,42,False,0.9546879855363146,0.9133043266762154,11.045361017187261,3.6839123457282446
shenzhen/CHNCXR_0339_1,shenzhen,unet_resnet34_scratch,unet_resnet34,jsrt,id_test,False,512,42,False,0.8255710960512493,0.7029553626238709,92.73491683695737,16.32935968203581
shenzhen/CHNCXR_0339_1,shenzhen,unet_resnet34_scratch,unet_resnet34,jsrt,id_test,True,512,42,False,0.8255710960512493,0.7029553626238709,92.73491683695737,16.32935968203581
shenzhen/CHNCXR_0118_0,shenzhen,unet_resnet34_scratch,unet_resnet34,jsrt,id_test,False,512,42,False,0.9817832426607113,0.96421831165519,3.605551275463989,1.1291504715535174
shenzhen/CHNCXR_0118_0,shenzhen,unet_resnet34_scratch,unet_resnet34,jsrt,id_test,True,512,42,False,0.9817832426607113,0.96421831165519,3.605551275463989,1.1291504715535174
shenzhen/CHNCXR_0266_0,shenzhen,unet_resnet34_scratch,unet_resnet34,jsrt,id_test,False,512,42,False,0.9761245635642535,0.9533626150484472,5.425918223488148,1.534453559980609
shenzhen/CHNCXR_0266_0,shenzhen,unet_resnet34_scratch,unet_resnet34,jsrt,id_test,True,512,42,False,0.9761245635642535,0.9533626150484472,5.425918223488148,1.534453559980609
jsrt/JPCLN001,jsrt,unet_resnet34_scratch,unet_resnet34,jsrt,ood_test,False,512,42,False,0.9691816969204895,0.9402061391664416,7.615773105863909,2.5492949658376434
jsrt/JPCLN001,jsrt,unet_resnet34_scratch,unet_resnet34,jsrt,ood_test,True,512,42,False,0.9691816969204895,0.9402061391664416,7.615773105863909,2.5492949658376434
jsrt/JPCLN002,jsrt,unet_resnet34_scratch,unet_resnet34,jsrt,ood_test,False,512,42,False,0.9312266801787277,0.871304197913973,18.463334192354115,3.7355399840311043
jsrt/JPCLN002,jsrt,unet_resnet34_scratch,unet_resnet34,jsrt,ood_test,True,512,42,False,0.9223845345582697,0.8559496073863146,76.442669881268,7.453271402713146
jsrt/JPCLN003,jsrt,unet_resnet34_scratch,unet_resnet34,jsrt,ood_test,False,512,42,False,0.9557184091812573,0.9151922408513878,10.816653826391969,3.0841929759529045
jsrt/JPCLN003,jsrt,unet_resnet34_scratch,unet_resnet34,jsrt,ood_test,True,512,42,False,0.9557184091812573,0.9151922408513878,10.816653826391969,3.0841929759529045
jsrt/JPCLN004,jsrt,unet_resnet34_scratch,unet_resnet34,jsrt,ood_test,False,512,42,False,0.9696870904431854,0.9411578574321587,6.0,2.285759595308683
jsrt/JPCLN004,jsrt,unet_resnet34_scratch,unet_resnet34,jsrt,ood_test,True,512,42,False,0.9696870904431854,0.9411578574321587,6.0,2.285759595308683
jsrt/JPCLN005,jsrt,unet_resnet34_scratch,unet_resnet34,jsrt,ood_test,False,512,42,False,0.9158254304251141,0.8447213724854449,68.2708950503789,7.217588001802918
jsrt/JPCLN005,jsrt,unet_resnet34_scratch,unet_resnet34,jsrt,ood_test,True,512,42,False,0.9158254304251141,0.8447213724854449,68.2708950503789,7.217588001802918
jsrt/JPCLN006,jsrt,unet_resnet34_scratch,unet_resnet34,jsrt,ood_test,False,512,42,False,0.9722432314848901,0.9459857247056371,6.0,2.1723703549769215
jsrt/JPCLN006,jsrt,unet_resnet34_scratch,unet_resnet34,jsrt,ood_test,True,512,42,False,0.9722432314848901,0.9459857247056371,6.0,2.1723703549769215
jsrt/JPCLN007,jsrt,unet_resnet34_scratch,unet_resnet34,jsrt,ood_test,False,512,42,False,0.975614023831882,0.9523890862712945,5.957737973711325,2.008654687577991
jsrt/JPCLN007,jsrt,unet_resnet34_scratch,unet_resnet34,jsrt,ood_test,True,512,42,False,0.975614023831882,0.9523890862712945,5.957737973711325,2.008654687577991
jsrt/JPCLN008,jsrt,unet_resnet34_scratch,unet_resnet34,jsrt,ood_test,False,512,42,False,0.9798446076268204,0.9604856426307911,5.0,1.83187277597963
jsrt/JPCLN008,jsrt,unet_resnet34_scratch,unet_resnet34,jsrt,ood_test,True,512,42,False,0.9798446076268204,0.9604856426307911,5.0,1.83187277597963
jsrt/JPCLN009,jsrt,unet_resnet34_scratch,unet_resnet34,jsrt,ood_test,False,512,42,False,0.9669008436788247,0.9359225953895072,10.0,2.7098648150459694
jsrt/JPCLN009,jsrt,unet_resnet34_scratch,unet_resnet34,jsrt,ood_test,True,512,42,False,0.9669876997901842,0.9360853685805859,9.208567234428203,2.648827883596001
jsrt/JPCLN010,jsrt,unet_resnet34_scratch,unet_resnet34,jsrt,ood_test,False,512,42,False,0.9354696271998991,0.8787627399857786,24.166091947189145,4.092383751276348
jsrt/JPCLN010,jsrt,unet_resnet34_scratch,unet_resnet34,jsrt,ood_test,True,512,42,False,0.9354696271998991,0.8787627399857786,24.166091947189145,4.092383751276348
jsrt/JPCLN011,jsrt,unet_resnet34_scratch,unet_resnet34,jsrt,ood_test,False,512,42,False,0.9710849244104787,0.9437950200643055,6.0,2.3604566048276174
jsrt/JPCLN011,jsrt,unet_resnet34_scratch,unet_resnet34,jsrt,ood_test,True,512,42,False,0.9717952008212498,0.9451377795527156,5.385164807134504,2.198599959672786
jsrt/JPCLN012,jsrt,unet_resnet34_scratch,unet_resnet34,jsrt,ood_test,False,512,42,False,0.9621083418899157,0.9269834036838066,9.848857801796104,2.7831283154325117
jsrt/JPCLN012,jsrt,unet_resnet34_scratch,unet_resnet34,jsrt,ood_test,True,512,42,False,0.9580844310030243,0.9195413328215708,26.159171388521486,3.811836252493706
jsrt/JPCLN013,jsrt,unet_resnet34_scratch,unet_resnet34,jsrt,ood_test,False,512,42,False,0.9643784734828386,0.9312074428638846,10.0,2.7031767457783076
jsrt/JPCLN013,jsrt,unet_resnet34_scratch,unet_resnet34,jsrt,ood_test,True,512,42,False,0.9643784734828386,0.9312074428638846,10.0,2.7031767457783076
jsrt/JPCLN014,jsrt,unet_resnet34_scratch,unet_resnet34,jsrt,ood_test,False,512,42,False,0.9787750309829757,0.9584323343808283,5.385164807134504,1.6825865988788145
jsrt/JPCLN014,jsrt,unet_resnet34_scratch,unet_resnet34,jsrt,ood_test,True,512,42,False,0.9787750309829757,0.9584323343808283,5.385164807134504,1.6825865988788145
jsrt/JPCLN015,jsrt,unet_resnet34_scratch,unet_resnet34,jsrt,ood_test,False,512,42,False,0.9635675435824689,0.9296964193046185,21.439548733955498,3.90953168121195
jsrt/JPCLN015,jsrt,unet_resnet34_scratch,unet_resnet34,jsrt,ood_test,True,512,42,False,0.9635675435824689,0.9296964193046185,21.439548733955498,3.90953168121195
jsrt/JPCLN016,jsrt,unet_resnet34_scratch,unet_resnet34,jsrt,ood_test,False,512,42,False,0.9213060445267975,0.8540940086408828,80.93417257495022,7.631815250421696
jsrt/JPCLN016,jsrt,unet_resnet34_scratch,unet_resnet34,jsrt,ood_test,True,512,42,False,0.9213060445267975,0.8540940086408828,80.93417257495022,7.631815250421696
jsrt/JPCLN017,jsrt,unet_resnet34_scratch,unet_resnet34,jsrt,ood_test,False,512,42,False,0.959753842971467,0.9226218587656285,8.94427190999916,3.0791902388878776
jsrt/JPCLN017,jsrt,unet_resnet34_scratch,unet_resnet34,jsrt,ood_test,True,512,42,False,0.959753842971467,0.9226218587656285,8.94427190999916,3.0791902388878776
jsrt/JPCLN018,jsrt,unet_resnet34_scratch,unet_resnet34,jsrt,ood_test,False,512,42,False,0.9783850477539643,0.9576847378779746,6.0,2.1396796871619377
jsrt/JPCLN018,jsrt,unet_resnet34_scratch,unet_resnet34,jsrt,ood_test,True,512,42,False,0.9783850477539643,0.9576847378779746,6.0,2.1396796871619377
jsrt/JPCLN019,jsrt,unet_resnet34_scratch,unet_resnet34,jsrt,ood_test,False,512,42,False,0.9789444802328633,0.9587573459826384,5.0,1.7774955144940732
jsrt/JPCLN019,jsrt,unet_resnet34_scratch,unet_resnet34,jsrt,ood_test,True,512,42,False,0.9789444802328633,0.9587573459826384,5.0,1.7774955144940732
jsrt/JPCLN020,jsrt,unet_resnet34_scratch,unet_resnet34,jsrt,ood_test,False,512,42,False,0.9738380590470622,0.9490101125195841,9.219544457292887,2.117471309226335
jsrt/JPCLN020,jsrt,unet_resnet34_scratch,unet_resnet34,jsrt,ood_test,True,512,42,False,0.9738380590470622,0.9490101125195841,9.219544457292887,2.117471309226335
jsrt/JPCLN021,jsrt,unet_resnet34_scratch,unet_resnet34,jsrt,ood_test,False,512,42,False,0.9735529266950331,0.9484687053180204,5.830951894845301,2.215374504405386
jsrt/JPCLN021,jsrt,unet_resnet34_scratch,unet_resnet34,jsrt,ood_test,True,512,42,False,0.9735529266950331,0.9484687053180204,5.830951894845301,2.215374504405386
jsrt/JPCLN022,jsrt,unet_resnet34_scratch,unet_resnet34,jsrt,ood_test,False,512,42,False,0.9797750833547868,0.9603520433284096,5.0,1.669419831680824
jsrt/JPCLN022,jsrt,unet_resnet34_scratch,unet_resnet34,jsrt,ood_test,True,512,42,False,0.9797750833547868,0.9603520433284096,5.0,1.669419831680824
jsrt/JPCLN023,jsrt,unet_resnet34_scratch,unet_resnet34,jsrt,ood_test,False,512,42,False,0.9716713547612602,0.9449035182090783,9.0,2.491844037172913
jsrt/JPCLN023,jsrt,unet_resnet34_scratch,unet_resnet34,jsrt,ood_test,True,512,42,False,0.9716713547612602,0.9449035182090783,9.0,2.491844037172913
jsrt/JPCLN024,jsrt,unet_resnet34_scratch,unet_resnet34,jsrt,ood_test,False,512,42,False,0.9681332367034189,0.9382347325641655,8.424886747684619,2.381597028759256
jsrt/JPCLN024,jsrt,unet_resnet34_scratch,unet_resnet34,jsrt,ood_test,True,512,42,False,0.9681332367034189,0.9382347325641655,8.424886747684619,2.381597028759256
jsrt/JPCLN025,jsrt,unet_resnet34_scratch,unet_resnet34,jsrt,ood_test,False,512,42,False,0.9562216001759936,0.9161155282933849,16.785990186255894,3.188229707179722
jsrt/JPCLN025,jsrt,unet_resnet34_scratch,unet_resnet34,jsrt,ood_test,True,512,42,False,0.9562216001759936,0.9161155282933849,16.785990186255894,3.188229707179722
jsrt/JPCLN026,jsrt,unet_resnet34_scratch,unet_resnet34,jsrt,ood_test,False,512,42,False,0.9754574457836788,0.9520907079646018,7.615773105863909,2.0518672779314766
jsrt/JPCLN026,jsrt,unet_resnet34_scratch,unet_resnet34,jsrt,ood_test,True,512,42,False,0.9754574457836788,0.9520907079646018,7.615773105863909,2.0518672779314766
jsrt/JPCLN027,jsrt,unet_resnet34_scratch,unet_resnet34,jsrt,ood_test,False,512,42,False,0.9771267471496367,0.955276466978437,5.665559131759979,2.006121355746979
jsrt/JPCLN027,jsrt,unet_resnet34_scratch,unet_resnet34,jsrt,ood_test,True,512,42,False,0.9771267471496367,0.955276466978437,5.665559131759979,2.006121355746979
jsrt/JPCLN028,jsrt,unet_resnet34_scratch,unet_resnet34,jsrt,ood_test,False,512,42,False,0.9718242808836015,0.945192794203286,10.459290439292943,2.560707892511247
jsrt/JPCLN028,jsrt,unet_resnet34_scratch,unet_resnet34,jsrt,ood_test,True,512,42,False,0.9718242808836015,0.945192794203286,10.459290439292943,2.560707892511247
jsrt/JPCLN029,jsrt,unet_resnet34_scratch,unet_resnet34,jsrt,ood_test,False,512,42,False,0.873401484209615,0.7752553123122704,83.19011518106667,10.13558224404503
jsrt/JPCLN029,jsrt,unet_resnet34_scratch,unet_resnet34,jsrt,ood_test,True,512,42,False,0.8734083575981743,0.7752661432283663,83.19732945328957,10.122797511385178
jsrt/JPCLN030,jsrt,unet_resnet34_scratch,unet_resnet34,jsrt,ood_test,False,512,42,False,0.9486544768719795,0.902324170316045,20.59717455824965,4.410835814204897
jsrt/JPCLN030,jsrt,unet_resnet34_scratch,unet_resnet34,jsrt,ood_test,True,512,42,False,0.9539993445412137,0.912044690949816,14.7648230602334,3.5461940161184677
jsrt/JPCLN031,jsrt,unet_resnet34_scratch,unet_resnet34,jsrt,ood_test,False,512,42,False,0.9715721865400726,0.9447159769740415,6.0,2.214164244535113
jsrt/JPCLN031,jsrt,unet_resnet34_scratch,unet_resnet34,jsrt,ood_test,True,512,42,False,0.9715721865400726,0.9447159769740415,6.0,2.214164244535113
jsrt/JPCLN032,jsrt,unet_resnet34_scratch,unet_resnet34,jsrt,ood_test,False,512,42,False,0.9655733415247392,0.9334381839578545,13.0,2.981563658291592
jsrt/JPCLN032,jsrt,unet_resnet34_scratch,unet_resnet34,jsrt,ood_test,True,512,42,False,0.9655733415247392,0.9334381839578545,13.0,2.981563658291592
jsrt/JPCLN033,jsrt,unet_resnet34_scratch,unet_resnet34,jsrt,ood_test,False,512,42,False,0.9670922637607904,0.9362813636016981,10.0,2.6087405790526628
jsrt/JPCLN033,jsrt,unet_resnet34_scratch,unet_resnet34,jsrt,ood_test,True,512,42,False,0.9670922637607904,0.9362813636016981,10.0,2.6087405790526628
jsrt/JPCLN034,jsrt,unet_resnet34_scratch,unet_resnet34,jsrt,ood_test,False,512,42,False,0.9662745098039216,0.9347496206373292,10.0,2.5683658630856776
jsrt/JPCLN034,jsrt,unet_resnet34_scratch,unet_resnet34,jsrt,ood_test,True,512,42,False,0.9662745098039216,0.9347496206373292,10.0,2.5683658630856776
jsrt/JPCLN035,jsrt,unet_resnet34_scratch,unet_resnet34,jsrt,ood_test,False,512,42,False,0.9804953211319478,0.9617369507519906,4.47213595499958,1.7126704601349947
jsrt/JPCLN035,jsrt,unet_resnet34_scratch,unet_resnet34,jsrt,ood_test,True,512,42,False,0.9804953211319478,0.9617369507519906,4.47213595499958,1.7126704601349947
jsrt/JPCLN036,jsrt,unet_resnet34_scratch,unet_resnet34,jsrt,ood_test,False,512,42,False,0.9622916382485336,0.9273237777754408,16.0,3.4770544275809776
jsrt/JPCLN036,jsrt,unet_resnet34_scratch,unet_resnet34,jsrt,ood_test,True,512,42,False,0.9622916382485336,0.9273237777754408,16.0,3.4770544275809776
jsrt/JPCLN037,jsrt,unet_resnet34_scratch,unet_resnet34,jsrt,ood_test,False,512,42,False,0.9753446049430914,0.9518757327080891,5.0,1.76342915805395
jsrt/JPCLN037,jsrt,unet_resnet34_scratch,unet_resnet34,jsrt,ood_test,True,512,42,False,0.9753446049430914,0.9518757327080891,5.0,1.76342915805395
jsrt/JPCLN038,jsrt,unet_resnet34_scratch,unet_resnet34,jsrt,ood_test,False,512,42,False,0.9757101996196295,0.9525724060293279,5.0,1.72053127081931
jsrt/JPCLN038,jsrt,unet_resnet34_scratch,unet_resnet34,jsrt,ood_test,True,512,42,False,0.9757101996196295,0.9525724060293279,5.0,1.72053127081931
jsrt/JPCLN039,jsrt,unet_resnet34_scratch,unet_resnet34,jsrt,ood_test,False,512,42,False,0.9736894373750348,0.9487278732517934,7.615773105863909,2.1189592848114134
jsrt/JPCLN039,jsrt,unet_resnet34_scratch,unet_resnet34,jsrt,ood_test,True,512,42,False,0.9736894373750348,0.9487278732517934,7.615773105863909,2.1189592848114134
jsrt/JPCLN040,jsrt,unet_resnet34_scratch,unet_resnet34,jsrt,ood_test,False,512,42,False,0.9762975454375117,0.9536926878374669,6.324555320336759,2.0407917719077537
jsrt/JPCLN040,jsrt,unet_resnet34_scratch,unet_resnet34,jsrt,ood_test,True,512,42,False,0.9762975454375117,0.9536926878374669,6.324555320336759,2.0407917719077537
jsrt/JPCLN041,jsrt,unet_resnet34_scratch,unet_resnet34,jsrt,ood_test,False,512,42,False,0.9678817757917233,0.9377625092650329,13.30829731423971,2.8990643702856116
jsrt/JPCLN041,jsrt,unet_resnet34_scratch,unet_resnet34,jsrt,ood_test,True,512,42,False,0.9678817757917233,0.9377625092650329,13.30829731423971,2.8990643702856116
jsrt/JPCLN042,jsrt,unet_resnet34_scratch,unet_resnet34,jsrt,ood_test,False,512,42,False,0.9245529873528129,0.8596918085969181,30.479501308256342,5.0368061532864
jsrt/JPCLN042,jsrt,unet_resnet34_scratch,unet_resnet34,jsrt,ood_test,True,512,42,False,0.9269299380880759,0.8638112002086186,21.93171219946131,4.482016985837947
jsrt/JPCLN043,jsrt,unet_resnet34_scratch,unet_resnet34,jsrt,ood_test,False,512,42,False,0.9686742340753802,0.9392514626132022,10.63014581273465,2.698426598385511
jsrt/JPCLN043,jsrt,unet_resnet34_scratch,unet_resnet34,jsrt,ood_test,True,512,42,False,0.9686742340753802,0.9392514626132022,10.63014581273465,2.698426598385511
jsrt/JPCLN044,jsrt,unet_resnet34_scratch,unet_resnet34,jsrt,ood_test,False,512,42,False,0.969619494656946,0.9410305121544605,6.708203932499369,2.337171227527383
jsrt/JPCLN044,jsrt,unet_resnet34_scratch,unet_resnet34,jsrt,ood_test,True,512,42,False,0.969619494656946,0.9410305121544605,6.708203932499369,2.337171227527383
jsrt/JPCLN045,jsrt,unet_resnet34_scratch,unet_resnet34,jsrt,ood_test,False,512,42,False,0.969822753654174,0.9414134869453415,7.0,2.606559657601854
jsrt/JPCLN045,jsrt,unet_resnet34_scratch,unet_resnet34,jsrt,ood_test,True,512,42,False,0.969822753654174,0.9414134869453415,7.0,2.606559657601854
jsrt/JPCLN046,jsrt,unet_resnet34_scratch,unet_resnet34,jsrt,ood_test,False,512,42,False,0.96331681711146,0.9292297135826423,10.714256093655251,2.8261831330751095
jsrt/JPCLN046,jsrt,unet_resnet34_scratch,unet_resnet34,jsrt,ood_test,True,512,42,False,0.96331681711146,0.9292297135826423,10.714256093655251,2.8261831330751095
jsrt/JPCLN047,jsrt,unet_resnet34_scratch,unet_resnet34,jsrt,ood_test,False,512,42,False,0.9485695796370696,0.9021705680815707,20.615528128088304,4.3177424586763715
jsrt/JPCLN047,jsrt,unet_resnet34_scratch,unet_resnet34,jsrt,ood_test,True,512,42,False,0.9472893925236169,0.89985736421381,21.02379604162864,4.68168105638912
jsrt/JPCLN048,jsrt,unet_resnet34_scratch,unet_resnet34,jsrt,ood_test,False,512,42,False,0.8841388240928805,0.7923376520149432,46.65671020329525,5.574207407442797
jsrt/JPCLN048,jsrt,unet_resnet34_scratch,unet_resnet34,jsrt,ood_test,True,512,42,False,0.8841388240928805,0.7923376520149432,46.65671020329525,5.574207407442797
jsrt/JPCLN049,jsrt,unet_resnet34_scratch,unet_resnet34,jsrt,ood_test,False,512,42,False,0.9773082764717883,0.9556235314979828,5.656854249492381,1.9995608358095829
jsrt/JPCLN049,jsrt,unet_resnet34_scratch,unet_resnet34,jsrt,ood_test,True,512,42,False,0.9773082764717883,0.9556235314979828,5.656854249492381,1.9995608358095829
jsrt/JPCLN050,jsrt,unet_resnet34_scratch,unet_resnet34,jsrt,ood_test,False,512,42,False,0.9752395138630285,0.9516755642475818,5.0,1.9375804150898444
jsrt/JPCLN050,jsrt,unet_resnet34_scratch,unet_resnet34,jsrt,ood_test,True,512,42,False,0.9752395138630285,0.9516755642475818,5.0,1.9375804150898444
jsrt/JPCLN051,jsrt,unet_resnet34_scratch,unet_resnet34,jsrt,ood_test,False,512,42,False,0.9802728796824577,0.9613090209635704,4.0,1.4852871918571589
jsrt/JPCLN051,jsrt,unet_resnet34_scratch,unet_resnet34,jsrt,ood_test,True,512,42,False,0.9802728796824577,0.9613090209635704,4.0,1.4852871918571589
jsrt/JPCLN052,jsrt,unet_resnet34_scratch,unet_resnet34,jsrt,ood_test,False,512,42,False,0.9628266025274954,0.9283178732445457,13.92838827718412,3.02750018924468
jsrt/JPCLN052,jsrt,unet_resnet34_scratch,unet_resnet34,jsrt,ood_test,True,512,42,False,0.9628266025274954,0.9283178732445457,13.92838827718412,3.02750018924468
jsrt/JPCLN053,jsrt,unet_resnet34_scratch,unet_resnet34,jsrt,ood_test,False,512,42,False,0.9633007667573584,0.9291998449196266,14.0,3.5000356979276934
jsrt/JPCLN053,jsrt,unet_resnet34_scratch,unet_resnet34,jsrt,ood_test,True,512,42,False,0.9634695665618719,0.9295140166469436,12.037435120913061,3.3983090632078268
jsrt/JPCLN054,jsrt,unet_resnet34_scratch,unet_resnet34,jsrt,ood_test,False,512,42,False,0.9736419072418329,0.9486376286324509,7.615773105863909,2.0280101930328205
jsrt/JPCLN054,jsrt,unet_resnet34_scratch,unet_resnet34,jsrt,ood_test,True,512,42,False,0.9736419072418329,0.9486376286324509,7.615773105863909,2.0280101930328205
jsrt/JPCLN055,jsrt,unet_resnet34_scratch,unet_resnet34,jsrt,ood_test,False,512,42,False,0.9610305111024974,0.9249843439794273,11.0,3.0562673256750097
jsrt/JPCLN055,jsrt,unet_resnet34_scratch,unet_resnet34,jsrt,ood_test,True,512,42,False,0.9610305111024974,0.9249843439794273,11.0,3.0562673256750097
jsrt/JPCLN056,jsrt,unet_resnet34_scratch,unet_resnet34,jsrt,ood_test,False,512,42,False,0.9677683258466969,0.9375495347403646,7.615773105863909,2.457135236409759
jsrt/JPCLN056,jsrt,unet_resnet34_scratch,unet_resnet34,jsrt,ood_test,True,512,42,False,0.9677683258466969,0.9375495347403646,7.615773105863909,2.457135236409759
jsrt/JPCLN057,jsrt,unet_resnet34_scratch,unet_resnet34,jsrt,ood_test,False,512,42,False,0.9768326715674902,0.954714487476839,5.213477631009433,1.7357899685907752
jsrt/JPCLN057,jsrt,unet_resnet34_scratch,unet_resnet34,jsrt,ood_test,True,512,42,False,0.9768326715674902,0.954714487476839,5.213477631009433,1.7357899685907752
jsrt/JPCLN058,jsrt,unet_resnet34_scratch,unet_resnet34,jsrt,ood_test,False,512,42,False,0.978578999480941,0.9580564713116855,5.024754878398197,2.086297000363678
jsrt/JPCLN058,jsrt,unet_resnet34_scratch,unet_resnet34,jsrt,ood_test,True,512,42,False,0.978578999480941,0.9580564713116855,5.024754878398197,2.086297000363678
jsrt/JPCLN059,jsrt,unet_resnet34_scratch,unet_resnet34,jsrt,ood_test,False,512,42,False,0.9515255288057036,0.9075333305176613,43.68212144225311,4.631340999173639
jsrt/JPCLN059,jsrt,unet_resnet34_scratch,unet_resnet34,jsrt,ood_test,True,512,42,False,0.9515255288057036,0.9075333305176613,43.68212144225311,4.631340999173639
jsrt/JPCLN060,jsrt,unet_resnet34_scratch,unet_resnet34,jsrt,ood_test,False,512,42,False,0.9678769488333159,0.9377534468775345,7.0,2.467203188728258
jsrt/JPCLN060,jsrt,unet_resnet34_scratch,unet_resnet34,jsrt,ood_test,True,512,42,False,0.9678769488333159,0.9377534468775345,7.0,2.467203188728258
jsrt/JPCLN061,jsrt,unet_resnet34_scratch,unet_resnet34,jsrt,ood_test,False,512,42,False,0.962625396682158,0.9279438629048627,8.875882581407836,3.387857914101924
jsrt/JPCLN061,jsrt,unet_resnet34_scratch,unet_resnet34,jsrt,ood_test,True,512,42,False,0.9638866299207856,0.9302906976744186,7.0,2.697352171187701
jsrt/JPCLN062,jsrt,unet_resnet34_scratch,unet_resnet34,jsrt,ood_test,False,512,42,False,0.9758095465784192,0.9527618064769767,6.324555320336759,1.9807605579554233
jsrt/JPCLN062,jsrt,unet_resnet34_scratch,unet_resnet34,jsrt,ood_test,True,512,42,False,0.9758095465784192,0.9527618064769767,6.324555320336759,1.9807605579554233
jsrt/JPCLN063,jsrt,unet_resnet34_scratch,unet_resnet34,jsrt,ood_test,False,512,42,False,0.9750158061116965,0.9512496016284401,7.0710678118654755,2.0982893451039413
jsrt/JPCLN063,jsrt,unet_resnet34_scratch,unet_resnet34,jsrt,ood_test,True,512,42,False,0.9750158061116965,0.9512496016284401,7.0710678118654755,2.0982893451039413
jsrt/JPCLN064,jsrt,unet_resnet34_scratch,unet_resnet34,jsrt,ood_test,False,512,42,False,0.9760823168273185,0.9532820195104535,6.264107122827124,2.102502015244832
jsrt/JPCLN064,jsrt,unet_resnet34_scratch,unet_resnet34,jsrt,ood_test,True,512,42,False,0.9760823168273185,0.9532820195104535,6.264107122827124,2.102502015244832
jsrt/JPCLN065,jsrt,unet_resnet34_scratch,unet_resnet34,jsrt,ood_test,False,512,42,False,0.951659295037039,0.9077767280539414,32.430224123560095,4.367230376805212
jsrt/JPCLN065,jsrt,unet_resnet34_scratch,unet_resnet34,jsrt,ood_test,True,512,42,False,0.951659295037039,0.9077767280539414,32.430224123560095,4.367230376805212
jsrt/JPCLN066,jsrt,unet_resnet34_scratch,unet_resnet34,jsrt,ood_test,False,512,42,False,0.9758454581687029,0.9528302793285354,9.0,2.269263666520177
jsrt/JPCLN066,jsrt,unet_resnet34_scratch,unet_resnet34,jsrt,ood_test,True,512,42,False,0.9758454581687029,0.9528302793285354,9.0,2.269263666520177
jsrt/JPCLN067,jsrt,unet_resnet34_scratch,unet_resnet34,jsrt,ood_test,False,512,42,False,0.9665991107759501,0.9353573437523754,7.280109889280518,2.497116033069033
jsrt/JPCLN067,jsrt,unet_resnet34_scratch,unet_resnet34,jsrt,ood_test,True,512,42,False,0.9665991107759501,0.9353573437523754,7.280109889280518,2.497116033069033
jsrt/JPCLN068,jsrt,unet_resnet34_scratch,unet_resnet34,jsrt,ood_test,False,512,42,False,0.9784268804887362,0.9577649037563072,5.385164807134504,1.7961832027696512
jsrt/JPCLN068,jsrt,unet_resnet34_scratch,unet_resnet34,jsrt,ood_test,True,512,42,False,0.9784268804887362,0.9577649037563072,5.385164807134504,1.7961832027696512
jsrt/JPCLN069,jsrt,unet_resnet34_scratch,unet_resnet34,jsrt,ood_test,False,512,42,False,0.9658517458957473,0.9339586873183268,10.18322268657908,2.5583524279165024
jsrt/JPCLN069,jsrt,unet_resnet34_scratch,unet_resnet34,jsrt,ood_test,True,512,42,False,0.9658517458957473,0.9339586873183268,10.18322268657908,2.5583524279165024
jsrt/JPCLN070,jsrt,unet_resnet34_scratch,unet_resnet34,jsrt,ood_test,False,512,42,False,0.9171476172334776,0.8469738182505593,125.66801260180516,15.342359106184704
jsrt/JPCLN070,jsrt,unet_resnet34_scratch,unet_resnet34,jsrt,ood_test,True,512,42,False,0.9171476172334776,0.8469738182505593,125.66801260180516,15.342359106184704
jsrt/JPCLN071,jsrt,unet_resnet34_scratch,unet_resnet34,jsrt,ood_test,False,512,42,False,0.9744132076025969,0.9501031164069661,7.0,1.870527151177299
jsrt/JPCLN071,jsrt,unet_resnet34_scratch,unet_resnet34,jsrt,ood_test,True,512,42,False,0.9744132076025969,0.9501031164069661,7.0,1.870527151177299
jsrt/JPCLN072,jsrt,unet_resnet34_scratch,unet_resnet34,jsrt,ood_test,False,512,42,False,0.9407618949733139,0.8881495959301923,42.05948168962618,4.853580473733014
jsrt/JPCLN072,jsrt,unet_resnet34_scratch,unet_resnet34,jsrt,ood_test,True,512,42,False,0.9407618949733139,0.8881495959301923,42.05948168962618,4.853580473733014
jsrt/JPCLN073,jsrt,unet_resnet34_scratch,unet_resnet34,jsrt,ood_test,False,512,42,False,0.9718531728340021,0.9452474560592045,6.324555320336759,2.2933429157133625
jsrt/JPCLN073,jsrt,unet_resnet34_scratch,unet_resnet34,jsrt,ood_test,True,512,42,False,0.9718531728340021,0.9452474560592045,6.324555320336759,2.2933429157133625
jsrt/JPCLN074,jsrt,unet_resnet34_scratch,unet_resnet34,jsrt,ood_test,False,512,42,False,0.97212175460691,0.9457557438966352,8.06225774829855,2.60113728847089
jsrt/JPCLN074,jsrt,unet_resnet34_scratch,unet_resnet34,jsrt,ood_test,True,512,42,False,0.97212175460691,0.9457557438966352,8.06225774829855,2.60113728847089
jsrt/JPCLN075,jsrt,unet_resnet34_scratch,unet_resnet34,jsrt,ood_test,False,512,42,False,0.9673364099438373,0.9367391464738556,15.038268856975314,3.4097622180346563
jsrt/JPCLN075,jsrt,unet_resnet34_scratch,unet_resnet34,jsrt,ood_test,True,512,42,False,0.9673364099438373,0.9367391464738556,15.038268856975314,3.4097622180346563
jsrt/JPCLN076,jsrt,unet_resnet34_scratch,unet_resnet34,jsrt,ood_test,False,512,42,False,0.9632688233815662,0.9291404031308443,13.0,2.8374470417698614
jsrt/JPCLN076,jsrt,unet_resnet34_scratch,unet_resnet34,jsrt,ood_test,True,512,42,False,0.9632374066270829,0.9290819448774349,13.0,2.887939243537169
jsrt/JPCLN077,jsrt,unet_resnet34_scratch,unet_resnet34,jsrt,ood_test,False,512,42,False,0.9758076001411791,0.9527580953302217,6.324555320336759,2.0163073140144845
jsrt/JPCLN077,jsrt,unet_resnet34_scratch,unet_resnet34,jsrt,ood_test,True,512,42,False,0.9758076001411791,0.9527580953302217,6.324555320336759,2.0163073140144845
jsrt/JPCLN078,jsrt,unet_resnet34_scratch,unet_resnet34,jsrt,ood_test,False,512,42,False,0.9731143505519443,0.9476365270806802,10.0,2.73726136504246
jsrt/JPCLN078,jsrt,unet_resnet34_scratch,unet_resnet34,jsrt,ood_test,True,512,42,False,0.9731143505519443,0.9476365270806802,10.0,2.73726136504246
jsrt/JPCLN079,jsrt,unet_resnet34_scratch,unet_resnet34,jsrt,ood_test,False,512,42,False,0.9762534244117189,0.9536084883612228,6.0,2.059903805165179
jsrt/JPCLN079,jsrt,unet_resnet34_scratch,unet_resnet34,jsrt,ood_test,True,512,42,False,0.9762534244117189,0.9536084883612228,6.0,2.059903805165179
jsrt/JPCLN080,jsrt,unet_resnet34_scratch,unet_resnet34,jsrt,ood_test,False,512,42,False,0.9757785467128027,0.9527027027027027,6.324555320336759,1.9773993362852855
jsrt/JPCLN080,jsrt,unet_resnet34_scratch,unet_resnet34,jsrt,ood_test,True,512,42,False,0.9757785467128027,0.9527027027027027,6.324555320336759,1.9773993362852855
jsrt/JPCLN081,jsrt,unet_resnet34_scratch,unet_resnet34,jsrt,ood_test,False,512,42,False,0.9729440305660403,0.9473135442679504,6.708203932499369,2.1921625160038207
jsrt/JPCLN081,jsrt,unet_resnet34_scratch,unet_resnet34,jsrt,ood_test,True,512,42,False,0.9729440305660403,0.9473135442679504,6.708203932499369,2.1921625160038207
jsrt/JPCLN082,jsrt,unet_resnet34_scratch,unet_resnet34,jsrt,ood_test,False,512,42,False,0.9733361705969216,0.9480573316416898,8.0,2.1196045544569295
jsrt/JPCLN082,jsrt,unet_resnet34_scratch,unet_resnet34,jsrt,ood_test,True,512,42,False,0.9733361705969216,0.9480573316416898,8.0,2.1196045544569295
jsrt/JPCLN083,jsrt,unet_resnet34_scratch,unet_resnet34,jsrt,ood_test,False,512,42,False,0.9767575440539931,0.9545709703287891,5.656854249492381,1.9928992020161482
jsrt/JPCLN083,jsrt,unet_resnet34_scratch,unet_resnet34,jsrt,ood_test,True,512,42,False,0.9767575440539931,0.9545709703287891,5.656854249492381,1.9928992020161482
jsrt/JPCLN084,jsrt,unet_resnet34_scratch,unet_resnet34,jsrt,ood_test,False,512,42,False,0.9759098717590188,0.9529531091519077,6.708203932499369,1.9383178028405845
jsrt/JPCLN084,jsrt,unet_resnet34_scratch,unet_resnet34,jsrt,ood_test,True,512,42,False,0.9759098717590188,0.9529531091519077,6.708203932499369,1.9383178028405845
jsrt/JPCLN085,jsrt,unet_resnet34_scratch,unet_resnet34,jsrt,ood_test,False,512,42,False,0.9269993969294262,0.8639318508085267,35.84048871058082,4.796506005943417
jsrt/JPCLN085,jsrt,unet_resnet34_scratch,unet_resnet34,jsrt,ood_test,True,512,42,False,0.9270128681145415,0.8639552521805082,35.89365914038726,4.792218107944198
jsrt/JPCLN086,jsrt,unet_resnet34_scratch,unet_resnet34,jsrt,ood_test,False,512,42,False,0.9721115537848606,0.9457364341085271,9.848857801796104,2.4773356405841014
jsrt/JPCLN086,jsrt,unet_resnet34_scratch,unet_resnet34,jsrt,ood_test,True,512,42,False,0.9721115537848606,0.9457364341085271,9.848857801796104,2.4773356405841014
jsrt/JPCLN087,jsrt,unet_resnet34_scratch,unet_resnet34,jsrt,ood_test,False,512,42,False,0.9709572111460884,0.9435537779993428,8.602325267042627,2.4709703462842225
jsrt/JPCLN087,jsrt,unet_resnet34_scratch,unet_resnet34,jsrt,ood_test,True,512,42,False,0.9709572111460884,0.9435537779993428,8.602325267042627,2.4709703462842225
jsrt/JPCLN088,jsrt,unet_resnet34_scratch,unet_resnet34,jsrt,ood_test,False,512,42,False,0.9686673410277514,0.9392385013706975,8.54400374531753,2.6616116839789012
jsrt/JPCLN088,jsrt,unet_resnet34_scratch,unet_resnet34,jsrt,ood_test,True,512,42,False,0.9686673410277514,0.9392385013706975,8.54400374531753,2.6616116839789012
jsrt/JPCLN089,jsrt,unet_resnet34_scratch,unet_resnet34,jsrt,ood_test,False,512,42,False,0.9773147614227075,0.9556359323053277,7.0,2.2047938938704053
jsrt/JPCLN089,jsrt,unet_resnet34_scratch,unet_resnet34,jsrt,ood_test,True,512,42,False,0.9773147614227075,0.9556359323053277,7.0,2.2047938938704053
jsrt/JPCLN090,jsrt,unet_resnet34_scratch,unet_resnet34,jsrt,ood_test,False,512,42,False,0.9728534653709247,0.9471418464379504,8.54400374531753,2.246109136792177
jsrt/JPCLN090,jsrt,unet_resnet34_scratch,unet_resnet34,jsrt,ood_test,True,512,42,False,0.9728534653709247,0.9471418464379504,8.54400374531753,2.246109136792177
jsrt/JPCLN091,jsrt,unet_resnet34_scratch,unet_resnet34,jsrt,ood_test,False,512,42,False,0.9649435456955561,0.9322617541127227,9.011077027627474,2.7759185988597177
jsrt/JPCLN091,jsrt,unet_resnet34_scratch,unet_resnet34,jsrt,ood_test,True,512,42,False,0.9649435456955561,0.9322617541127227,9.011077027627474,2.7759185988597177
jsrt/JPCLN092,jsrt,unet_resnet34_scratch,unet_resnet34,jsrt,ood_test,False,512,42,False,0.9790027023295264,0.9588690435941771,6.3284837661915425,2.0207659779088276
jsrt/JPCLN092,jsrt,unet_resnet34_scratch,unet_resnet34,jsrt,ood_test,True,512,42,False,0.9790027023295264,0.9588690435941771,6.3284837661915425,2.0207659779088276
jsrt/JPCLN093,jsrt,unet_resnet34_scratch,unet_resnet34,jsrt,ood_test,False,512,42,False,0.9642555161861813,0.9309781816414792,12.047812288012631,3.0918608613501326
jsrt/JPCLN093,jsrt,unet_resnet34_scratch,unet_resnet34,jsrt,ood_test,True,512,42,False,0.9642555161861813,0.9309781816414792,12.047812288012631,3.0918608613501326
jsrt/JPCLN094,jsrt,unet_resnet34_scratch,unet_resnet34,jsrt,ood_test,False,512,42,False,0.9751731065906074,0.9515490985471731,6.324555320336759,2.1260408253204006
jsrt/JPCLN094,jsrt,unet_resnet34_scratch,unet_resnet34,jsrt,ood_test,True,512,42,False,0.9751731065906074,0.9515490985471731,6.324555320336759,2.1260408253204006
jsrt/JPCLN095,jsrt,unet_resnet34_scratch,unet_resnet34,jsrt,ood_test,False,512,42,False,0.9529293083101755,0.9100907091309011,8.54400374531753,3.0052211036436662
jsrt/JPCLN095,jsrt,unet_resnet34_scratch,unet_resnet34,jsrt,ood_test,True,512,42,False,0.9529293083101755,0.9100907091309011,8.54400374531753,3.0052211036436662
jsrt/JPCLN096,jsrt,unet_resnet34_scratch,unet_resnet34,jsrt,ood_test,False,512,42,False,0.9762356028575594,0.9535744802050697,6.0,1.9865050435719063
jsrt/JPCLN096,jsrt,unet_resnet34_scratch,unet_resnet34,jsrt,ood_test,True,512,42,False,0.9762356028575594,0.9535744802050697,6.0,1.9865050435719063
jsrt/JPCLN097,jsrt,unet_resnet34_scratch,unet_resnet34,jsrt,ood_test,False,512,42,False,0.9623380145506857,0.9274099157964114,8.94427190999916,2.9882142044615962
jsrt/JPCLN097,jsrt,unet_resnet34_scratch,unet_resnet34,jsrt,ood_test,True,512,42,False,0.9623380145506857,0.9274099157964114,8.94427190999916,2.9882142044615962
jsrt/JPCLN098,jsrt,unet_resnet34_scratch,unet_resnet34,jsrt,ood_test,False,512,42,False,0.97185120633697,0.9452437354660639,7.810249675906654,2.4576272431538015
jsrt/JPCLN098,jsrt,unet_resnet34_scratch,unet_resnet34,jsrt,ood_test,True,512,42,False,0.97185120633697,0.9452437354660639,7.810249675906654,2.4576272431538015
jsrt/JPCLN099,jsrt,unet_resnet34_scratch,unet_resnet34,jsrt,ood_test,False,512,42,False,0.9640962934658005,0.9306813822409774,7.280109889280518,2.6162984549937995
jsrt/JPCLN099,jsrt,unet_resnet34_scratch,unet_resnet34,jsrt,ood_test,True,512,42,False,0.9640962934658005,0.9306813822409774,7.280109889280518,2.6162984549937995
jsrt/JPCLN100,jsrt,unet_resnet34_scratch,unet_resnet34,jsrt,ood_test,False,512,42,False,0.9517732642088037,0.9079841523889487,48.784090764797064,5.715333629877462
jsrt/JPCLN100,jsrt,unet_resnet34_scratch,unet_resnet34,jsrt,ood_test,True,512,42,False,0.9517732642088037,0.9079841523889487,48.784090764797064,5.715333629877462
jsrt/JPCLN101,jsrt,unet_resnet34_scratch,unet_resnet34,jsrt,ood_test,False,512,42,False,0.9733290016977217,0.9480437290107894,6.708203932499369,2.4261991180059184
jsrt/JPCLN101,jsrt,unet_resnet34_scratch,unet_resnet34,jsrt,ood_test,True,512,42,False,0.9733290016977217,0.9480437290107894,6.708203932499369,2.4261991180059184
jsrt/JPCLN102,jsrt,unet_resnet34_scratch,unet_resnet34,jsrt,ood_test,False,512,42,False,0.9767276044479163,0.9545137821498104,5.830951894845301,2.0906740457274675
jsrt/JPCLN102,jsrt,unet_resnet34_scratch,unet_resnet34,jsrt,ood_test,True,512,42,False,0.9767276044479163,0.9545137821498104,5.830951894845301,2.0906740457274675
jsrt/JPCLN103,jsrt,unet_resnet34_scratch,unet_resnet34,jsrt,ood_test,False,512,42,False,0.9763565640793473,0.953805328904614,8.581912734438834,2.25257454709406
jsrt/JPCLN103,jsrt,unet_resnet34_scratch,unet_resnet34,jsrt,ood_test,True,512,42,False,0.9763565640793473,0.953805328904614,8.581912734438834,2.25257454709406
jsrt/JPCLN104,jsrt,unet_resnet34_scratch,unet_resnet34,jsrt,ood_test,False,512,42,False,0.9753010531738644,0.9517927740579081,5.0,1.978511554094363
jsrt/JPCLN104,jsrt,unet_resnet34_scratch,unet_resnet34,jsrt,ood_test,True,512,42,False,0.9753010531738644,0.9517927740579081,5.0,1.978511554094363
jsrt/JPCLN105,jsrt,unet_resnet34_scratch,unet_resnet34,jsrt,ood_test,False,512,42,False,0.9764797035539835,0.9540403907422523,6.4031242374328485,1.8132571629951424
jsrt/JPCLN105,jsrt,unet_resnet34_scratch,unet_resnet34,jsrt,ood_test,True,512,42,False,0.9764797035539835,0.9540403907422523,6.4031242374328485,1.8132571629951424
jsrt/JPCLN106,jsrt,unet_resnet34_scratch,unet_resnet34,jsrt,ood_test,False,512,42,False,0.9773457765586332,0.9556952429822617,5.0,1.812930686172714
jsrt/JPCLN106,jsrt,unet_resnet34_scratch,unet_resnet34,jsrt,ood_test,True,512,42,False,0.9773457765586332,0.9556952429822617,5.0,1.812930686172714
jsrt/JPCLN107,jsrt,unet_resnet34_scratch,unet_resnet34,jsrt,ood_test,False,512,42,False,0.9791555671197347,0.959162371446835,8.0,2.10829457321904
jsrt/JPCLN107,jsrt,unet_resnet34_scratch,unet_resnet34,jsrt,ood_test,True,512,42,False,0.9791555671197347,0.959162371446835,8.0,2.10829457321904
jsrt/JPCLN108,jsrt,unet_resnet34_scratch,unet_resnet34,jsrt,ood_test,False,512,42,False,0.9719319946311551,0.9453965978470951,8.246211251235321,2.268892689534322
jsrt/JPCLN108,jsrt,unet_resnet34_scratch,unet_resnet34,jsrt,ood_test,True,512,42,False,0.9719319946311551,0.9453965978470951,8.246211251235321,2.268892689534322
jsrt/JPCLN109,jsrt,unet_resnet34_scratch,unet_resnet34,jsrt,ood_test,False,512,42,False,0.9662372897779231,0.9346799611008917,11.0,2.751384443301863
jsrt/JPCLN109,jsrt,unet_resnet34_scratch,unet_resnet34,jsrt,ood_test,True,512,42,False,0.9662372897779231,0.9346799611008917,11.0,2.751384443301863
jsrt/JPCLN110,jsrt,unet_resnet34_scratch,unet_resnet34,jsrt,ood_test,False,512,42,False,0.9761207936640666,0.9533554228112749,5.385164807134504,2.012855516096312
jsrt/JPCLN110,jsrt,unet_resnet34_scratch,unet_resnet34,jsrt,ood_test,True,512,42,False,0.9761207936640666,0.9533554228112749,5.385164807134504,2.012855516096312
jsrt/JPCLN111,jsrt,unet_resnet34_scratch,unet_resnet34,jsrt,ood_test,False,512,42,False,0.9738199355067124,0.9489756907210727,9.0,2.487530843152179
jsrt/JPCLN111,jsrt,unet_resnet34_scratch,unet_resnet34,jsrt,ood_test,True,512,42,False,0.9738199355067124,0.9489756907210727,9.0,2.487530843152179
jsrt/JPCLN112,jsrt,unet_resnet34_scratch,unet_resnet34,jsrt,ood_test,False,512,42,False,0.9691295352142821,0.9401079653744184,9.848857801796104,2.731583756324234
jsrt/JPCLN112,jsrt,unet_resnet34_scratch,unet_resnet34,jsrt,ood_test,True,512,42,False,0.9691295352142821,0.9401079653744184,9.848857801796104,2.731583756324234
jsrt/JPCLN113,jsrt,unet_resnet34_scratch,unet_resnet34,jsrt,ood_test,False,512,42,False,0.9748007585911561,0.9508403042237629,8.06225774829855,2.313415579915212
jsrt/JPCLN113,jsrt,unet_resnet34_scratch,unet_resnet34,jsrt,ood_test,True,512,42,False,0.9748007585911561,0.9508403042237629,8.06225774829855,2.313415579915212
jsrt/JPCLN114,jsrt,unet_resnet34_scratch,unet_resnet34,jsrt,ood_test,False,512,42,False,0.9702335876973263,0.942188030320172,7.981024967590639,2.1169726700894747
jsrt/JPCLN114,jsrt,unet_resnet34_scratch,unet_resnet34,jsrt,ood_test,True,512,42,False,0.9702335876973263,0.942188030320172,7.981024967590639,2.1169726700894747
jsrt/JPCLN115,jsrt,unet_resnet34_scratch,unet_resnet34,jsrt,ood_test,False,512,42,False,0.9788007956805911,0.9584817453250223,6.0,1.9974574381436625
jsrt/JPCLN115,jsrt,unet_resnet34_scratch,unet_resnet34,jsrt,ood_test,True,512,42,False,0.9788007956805911,0.9584817453250223,6.0,1.9974574381436625
jsrt/JPCLN116,jsrt,unet_resnet34_scratch,unet_resnet34,jsrt,ood_test,False,512,42,False,0.9698750595390759,0.9415120646483042,8.0,2.2697049420101596
jsrt/JPCLN116,jsrt,unet_resnet34_scratch,unet_resnet34,jsrt,ood_test,True,512,42,False,0.9698750595390759,0.9415120646483042,8.0,2.2697049420101596
jsrt/JPCLN117,jsrt,unet_resnet34_scratch,unet_resnet34,jsrt,ood_test,False,512,42,False,0.9740518962075848,0.9494163424124513,6.0,1.9072885458592448
jsrt/JPCLN117,jsrt,unet_resnet34_scratch,unet_resnet34,jsrt,ood_test,True,512,42,False,0.9740518962075848,0.9494163424124513,6.0,1.9072885458592448
jsrt/JPCLN118,jsrt,unet_resnet34_scratch,unet_resnet34,jsrt,ood_test,False,512,42,False,0.9656173263244217,0.9335203990735792,10.0,3.1693101745954726
jsrt/JPCLN118,jsrt,unet_resnet34_scratch,unet_resnet34,jsrt,ood_test,True,512,42,False,0.9656173263244217,0.9335203990735792,10.0,3.1693101745954726
jsrt/JPCLN119,jsrt,unet_resnet34_scratch,unet_resnet34,jsrt,ood_test,False,512,42,False,0.9435230950648569,0.8930844495107818,17.027917047630083,3.9970452326961716
jsrt/JPCLN119,jsrt,unet_resnet34_scratch,unet_resnet34,jsrt,ood_test,True,512,42,False,0.9435230950648569,0.8930844495107818,17.027917047630083,3.9970452326961716
jsrt/JPCLN120,jsrt,unet_resnet34_scratch,unet_resnet34,jsrt,ood_test,False,512,42,False,0.9650251608542173,0.9324141267537494,10.241955028396196,3.1311351431277736
jsrt/JPCLN120,jsrt,unet_resnet34_scratch,unet_resnet34,jsrt,ood_test,True,512,42,False,0.9650251608542173,0.9324141267537494,10.241955028396196,3.1311351431277736
jsrt/JPCLN121,jsrt,unet_resnet34_scratch,unet_resnet34,jsrt,ood_test,False,512,42,False,0.9644897984290134,0.9314150618369311,8.980116263352059,2.708945222602004
jsrt/JPCLN121,jsrt,unet_resnet34_scratch,unet_resnet34,jsrt,ood_test,True,512,42,False,0.9644897984290134,0.9314150618369311,8.980116263352059,2.708945222602004
jsrt/JPCLN122,jsrt,unet_resnet34_scratch,unet_resnet34,jsrt,ood_test,False,512,42,False,0.9749145821162392,0.9510569218016026,7.0,2.0630548187545696
jsrt/JPCLN122,jsrt,unet_resnet34_scratch,unet_resnet34,jsrt,ood_test,True,512,42,False,0.9749145821162392,0.9510569218016026,7.0,2.0630548187545696
jsrt/JPCLN123,jsrt,unet_resnet34_scratch,unet_resnet34,jsrt,ood_test,False,512,42,False,0.9687179033717189,0.9393335795694386,7.211102550927978,2.3514715407393965
jsrt/JPCLN123,jsrt,unet_resnet34_scratch,unet_resnet34,jsrt,ood_test,True,512,42,False,0.9687179033717189,0.9393335795694386,7.211102550927978,2.3514715407393965
jsrt/JPCLN124,jsrt,unet_resnet34_scratch,unet_resnet34,jsrt,ood_test,False,512,42,False,0.9779229311917534,0.9567996005741746,5.0,1.77942525286272
jsrt/JPCLN124,jsrt,unet_resnet34_scratch,unet_resnet34,jsrt,ood_test,True,512,42,False,0.9779229311917534,0.9567996005741746,5.0,1.77942525286272
jsrt/JPCLN125,jsrt,unet_resnet34_scratch,unet_resnet34,jsrt,ood_test,False,512,42,False,0.9750647528931162,0.9513427854544582,5.830951894845301,1.961719347926865
jsrt/JPCLN125,jsrt,unet_resnet34_scratch,unet_resnet34,jsrt,ood_test,True,512,42,False,0.9750647528931162,0.9513427854544582,5.830951894845301,1.961719347926865
jsrt/JPCLN126,jsrt,unet_resnet34_scratch,unet_resnet34,jsrt,ood_test,False,512,42,False,0.9670853962153412,0.9362684898363179,10.0,3.017094605393422
jsrt/JPCLN126,jsrt,unet_resnet34_scratch,unet_resnet34,jsrt,ood_test,True,512,42,False,0.9670853962153412,0.9362684898363179,10.0,3.017094605393422
jsrt/JPCLN127,jsrt,unet_resnet34_scratch,unet_resnet34,jsrt,ood_test,False,512,42,False,0.9672436323285711,0.9365651596120678,8.199999999999818,2.415700020240992
jsrt/JPCLN127,jsrt,unet_resnet34_scratch,unet_resnet34,jsrt,ood_test,True,512,42,False,0.9672436323285711,0.9365651596120678,8.199999999999818,2.415700020240992
jsrt/JPCLN128,jsrt,unet_resnet34_scratch,unet_resnet34,jsrt,ood_test,False,512,42,False,0.9702783528870486,0.9422724632500782,5.0,2.155742209948625
jsrt/JPCLN128,jsrt,unet_resnet34_scratch,unet_resnet34,jsrt,ood_test,True,512,42,False,0.9702783528870486,0.9422724632500782,5.0,2.155742209948625
jsrt/JPCLN129,jsrt,unet_resnet34_scratch,unet_resnet34,jsrt,ood_test,False,512,42,False,0.9764064709737504,0.9539005897219882,8.602325267042627,2.3130013142600516
jsrt/JPCLN129,jsrt,unet_resnet34_scratch,unet_resnet34,jsrt,ood_test,True,512,42,False,0.9764064709737504,0.9539005897219882,8.602325267042627,2.3130013142600516
jsrt/JPCLN130,jsrt,unet_resnet34_scratch,unet_resnet34,jsrt,ood_test,False,512,42,False,0.9677516268393951,0.937518190390817,7.933587386567303,2.583980878825954
jsrt/JPCLN130,jsrt,unet_resnet34_scratch,unet_resnet34,jsrt,ood_test,True,512,42,False,0.9677516268393951,0.937518190390817,7.933587386567303,2.583980878825954
jsrt/JPCLN131,jsrt,unet_resnet34_scratch,unet_resnet34,jsrt,ood_test,False,512,42,False,0.9562577329399448,0.9161818612879106,10.0,2.8620752055315237
jsrt/JPCLN131,jsrt,unet_resnet34_scratch,unet_resnet34,jsrt,ood_test,True,512,42,False,0.9562577329399448,0.9161818612879106,10.0,2.8620752055315237
jsrt/JPCLN132,jsrt,unet_resnet34_scratch,unet_resnet34,jsrt,ood_test,False,512,42,False,0.967671615421879,0.9373680215306052,11.0,2.599204310490833
jsrt/JPCLN132,jsrt,unet_resnet34_scratch,unet_resnet34,jsrt,ood_test,True,512,42,False,0.967671615421879,0.9373680215306052,11.0,2.599204310490833
jsrt/JPCLN133,jsrt,unet_resnet34_scratch,unet_resnet34,jsrt,ood_test,False,512,42,False,0.960442577263841,0.9238956466069143,14.703442075731655,3.2422717482279197
jsrt/JPCLN133,jsrt,unet_resnet34_scratch,unet_resnet34,jsrt,ood_test,True,512,42,False,0.9604596990801264,0.9239273342555648,14.406547496069006,3.1968823927983814
jsrt/JPCLN134,jsrt,unet_resnet34_scratch,unet_resnet34,jsrt,ood_test,False,512,42,False,0.9752108120596049,0.9516209026556652,5.0,1.782014973574523
jsrt/JPCLN134,jsrt,unet_resnet34_scratch,unet_resnet34,jsrt,ood_test,True,512,42,False,0.9752108120596049,0.9516209026556652,5.0,1.782014973574523
jsrt/JPCLN135,jsrt,unet_resnet34_scratch,unet_resnet34,jsrt,ood_test,False,512,42,False,0.971622177395664,0.9448105122833746,9.0,2.252828012823206
jsrt/JPCLN135,jsrt,unet_resnet34_scratch,unet_resnet34,jsrt,ood_test,True,512,42,False,0.971622177395664,0.9448105122833746,9.0,2.252828012823206
jsrt/JPCLN136,jsrt,unet_resnet34_scratch,unet_resnet34,jsrt,ood_test,False,512,42,False,0.9750148769492879,0.9512478327951773,6.020690632574555,1.7608331575352418
jsrt/JPCLN136,jsrt,unet_resnet34_scratch,unet_resnet34,jsrt,ood_test,True,512,42,False,0.9750148769492879,0.9512478327951773,6.020690632574555,1.7608331575352418
jsrt/JPCLN137,jsrt,unet_resnet34_scratch,unet_resnet34,jsrt,ood_test,False,512,42,False,0.9579342119361406,0.9192646212058896,26.37208478474207,3.560217501438525
jsrt/JPCLN137,jsrt,unet_resnet34_scratch,unet_resnet34,jsrt,ood_test,True,512,42,False,0.9579342119361406,0.9192646212058896,26.37208478474207,3.560217501438525
jsrt/JPCLN138,jsrt,unet_resnet34_scratch,unet_resnet34,jsrt,ood_test,False,512,42,False,0.9730149962151435,0.9474481055022113,7.106076496631101,2.054914453968717
jsrt/JPCLN138,jsrt,unet_resnet34_scratch,unet_resnet34,jsrt,ood_test,True,512,42,False,0.9730149962151435,0.9474481055022113,7.106076496631101,2.054914453968717
jsrt/JPCLN139,jsrt,unet_resnet34_scratch,unet_resnet34,jsrt,ood_test,False,512,42,False,0.9701562983176637,0.9420422698442801,8.06225774829855,2.6375688897406766
jsrt/JPCLN139,jsrt,unet_resnet34_scratch,unet_resnet34,jsrt,ood_test,True,512,42,False,0.9701562983176637,0.9420422698442801,8.06225774829855,2.6375688897406766
jsrt/JPCLN140,jsrt,unet_resnet34_scratch,unet_resnet34,jsrt,ood_test,False,512,42,False,0.9679273425105215,0.9378480628146948,12.0,3.0359268824260077
jsrt/JPCLN140,jsrt,unet_resnet34_scratch,unet_resnet34,jsrt,ood_test,True,512,42,False,0.9679273425105215,0.9378480628146948,12.0,3.0359268824260077
jsrt/JPCLN141,jsrt,unet_resnet34_scratch,unet_resnet34,jsrt,ood_test,False,512,42,False,0.9658681514059795,0.9339893677185839,8.0,2.8686307939389026
jsrt/JPCLN141,jsrt,unet_resnet34_scratch,unet_resnet34,jsrt,ood_test,True,512,42,False,0.9658681514059795,0.9339893677185839,8.0,2.8686307939389026
jsrt/JPCLN142,jsrt,unet_resnet34_scratch,unet_resnet34,jsrt,ood_test,False,512,42,False,0.9703982152134715,0.9424985752279635,7.280109889280518,2.3414510194272538
jsrt/JPCLN142,jsrt,unet_resnet34_scratch,unet_resnet34,jsrt,ood_test,True,512,42,False,0.9703982152134715,0.9424985752279635,7.280109889280518,2.3414510194272538
jsrt/JPCLN143,jsrt,unet_resnet34_scratch,unet_resnet34,jsrt,ood_test,False,512,42,False,0.9816184324296832,0.9639004315167012,5.0,1.565231697737917
jsrt/JPCLN143,jsrt,unet_resnet34_scratch,unet_resnet34,jsrt,ood_test,True,512,42,False,0.9816184324296832,0.9639004315167012,5.0,1.565231697737917
jsrt/JPCLN144,jsrt,unet_resnet34_scratch,unet_resnet34,jsrt,ood_test,False,512,42,False,0.9693746089005043,0.9405693060466446,9.441908909323876,2.4324928616757884
jsrt/JPCLN144,jsrt,unet_resnet34_scratch,unet_resnet34,jsrt,ood_test,True,512,42,False,0.9693746089005043,0.9405693060466446,9.441908909323876,2.4324928616757884
jsrt/JPCLN145,jsrt,unet_resnet34_scratch,unet_resnet34,jsrt,ood_test,False,512,42,False,0.9744666308646195,0.9502047034180711,6.082762530298219,2.1818992685514296
jsrt/JPCLN145,jsrt,unet_resnet34_scratch,unet_resnet34,jsrt,ood_test,True,512,42,False,0.9744666308646195,0.9502047034180711,6.082762530298219,2.1818992685514296
jsrt/JPCLN146,jsrt,unet_resnet34_scratch,unet_resnet34,jsrt,ood_test,False,512,42,False,0.9687728318224869,0.939436878427668,12.0,2.9852497179358726
jsrt/JPCLN146,jsrt,unet_resnet34_scratch,unet_resnet34,jsrt,ood_test,True,512,42,False,0.9687728318224869,0.939436878427668,12.0,2.9852497179358726
jsrt/JPCLN147,jsrt,unet_resnet34_scratch,unet_resnet34,jsrt,ood_test,False,512,42,False,0.974434963099631,0.9501444842978738,7.211102550927978,2.2235067818552388
jsrt/JPCLN147,jsrt,unet_resnet34_scratch,unet_resnet34,jsrt,ood_test,True,512,42,False,0.974434963099631,0.9501444842978738,7.211102550927978,2.2235067818552388
jsrt/JPCLN148,jsrt,unet_resnet34_scratch,unet_resnet34,jsrt,ood_test,False,512,42,False,0.9596585401799126,0.922445732717287,12.0,3.352576497978575
jsrt/JPCLN148,jsrt,unet_resnet34_scratch,unet_resnet34,jsrt,ood_test,True,512,42,False,0.9596585401799126,0.922445732717287,12.0,3.352576497978575
jsrt/JPCLN149,jsrt,unet_resnet34_scratch,unet_resnet34,jsrt,ood_test,False,512,42,False,0.9658534433317157,0.9339618616953201,21.161241003210645,4.143010446318546
jsrt/JPCLN149,jsrt,unet_resnet34_scratch,unet_resnet34,jsrt,ood_test,True,512,42,False,0.9685668148738027,0.9390494981556147,10.816653826391969,2.4604436995211354
jsrt/JPCLN150,jsrt,unet_resnet34_scratch,unet_resnet34,jsrt,ood_test,False,512,42,False,0.9718392880911183,0.94522118656606,9.486832980505138,2.313089354905325
jsrt/JPCLN150,jsrt,unet_resnet34_scratch,unet_resnet34,jsrt,ood_test,True,512,42,False,0.9718392880911183,0.94522118656606,9.486832980505138,2.313089354905325
jsrt/JPCLN151,jsrt,unet_resnet34_scratch,unet_resnet34,jsrt,ood_test,False,512,42,False,0.9704532518714382,0.9426024157091072,7.0710678118654755,2.268424652939802
jsrt/JPCLN151,jsrt,unet_resnet34_scratch,unet_resnet34,jsrt,ood_test,True,512,42,False,0.9704532518714382,0.9426024157091072,7.0710678118654755,2.268424652939802
jsrt/JPCLN152,jsrt,unet_resnet34_scratch,unet_resnet34,jsrt,ood_test,False,512,42,False,0.974962884678292,0.951148860958366,4.47213595499958,1.9784576238202376
jsrt/JPCLN152,jsrt,unet_resnet34_scratch,unet_resnet34,jsrt,ood_test,True,512,42,False,0.974962884678292,0.951148860958366,4.47213595499958,1.9784576238202376
jsrt/JPCLN153,jsrt,unet_resnet34_scratch,unet_resnet34,jsrt,ood_test,False,512,42,False,0.9668720090949952,0.9358685638243424,10.651173382964785,2.8047652700725845
jsrt/JPCLN153,jsrt,unet_resnet34_scratch,unet_resnet34,jsrt,ood_test,True,512,42,False,0.9668720090949952,0.9358685638243424,10.651173382964785,2.8047652700725845
jsrt/JPCLN154,jsrt,unet_resnet34_scratch,unet_resnet34,jsrt,ood_test,False,512,42,False,0.9499742915040983,0.9047152691764841,12.0,3.984912090782206
jsrt/JPCLN154,jsrt,unet_resnet34_scratch,unet_resnet34,jsrt,ood_test,True,512,42,False,0.9507506962101949,0.9061246862648934,11.704699910719626,3.358557677721693
jsrt/JPCNN001,jsrt,unet_resnet34_scratch,unet_resnet34,jsrt,ood_test,False,512,42,False,0.9794045565492318,0.9596403382301367,6.0,1.8862183587451644
jsrt/JPCNN001,jsrt,unet_resnet34_scratch,unet_resnet34,jsrt,ood_test,True,512,42,False,0.9794045565492318,0.9596403382301367,6.0,1.8862183587451644
jsrt/JPCNN002,jsrt,unet_resnet34_scratch,unet_resnet34,jsrt,ood_test,False,512,42,False,0.9727258326186587,0.9468999255556737,8.0,2.365501896608285
jsrt/JPCNN002,jsrt,unet_resnet34_scratch,unet_resnet34,jsrt,ood_test,True,512,42,False,0.9727258326186587,0.9468999255556737,8.0,2.365501896608285
jsrt/JPCNN003,jsrt,unet_resnet34_scratch,unet_resnet34,jsrt,ood_test,False,512,42,False,0.9282675687023203,0.8661374253444504,25.043863451354408,4.577211549587929
jsrt/JPCNN003,jsrt,unet_resnet34_scratch,unet_resnet34,jsrt,ood_test,True,512,42,False,0.9282675687023203,0.8661374253444504,25.043863451354408,4.577211549587929
jsrt/JPCNN004,jsrt,unet_resnet34_scratch,unet_resnet34,jsrt,ood_test,False,512,42,False,0.9750575883305878,0.9513291451589239,7.0,1.8501519736016219
jsrt/JPCNN004,jsrt,unet_resnet34_scratch,unet_resnet34,jsrt,ood_test,True,512,42,False,0.9750575883305878,0.9513291451589239,7.0,1.8501519736016219
jsrt/JPCNN005,jsrt,unet_resnet34_scratch,unet_resnet34,jsrt,ood_test,False,512,42,False,0.9773378381048348,0.9556800618238022,5.830951894845301,2.043777137509655
jsrt/JPCNN005,jsrt,unet_resnet34_scratch,unet_resnet34,jsrt,ood_test,True,512,42,False,0.9773378381048348,0.9556800618238022,5.830951894845301,2.043777137509655
jsrt/JPCNN006,jsrt,unet_resnet34_scratch,unet_resnet34,jsrt,ood_test,False,512,42,False,0.9738648363252376,0.9490609724723437,9.848857801796104,2.177794965333019
jsrt/JPCNN006,jsrt,unet_resnet34_scratch,unet_resnet34,jsrt,ood_test,True,512,42,False,0.9738648363252376,0.9490609724723437,9.848857801796104,2.177794965333019
jsrt/JPCNN007,jsrt,unet_resnet34_scratch,unet_resnet34,jsrt,ood_test,False,512,42,False,0.9442618394079427,0.8944091202295854,17.697440403044663,4.677844504954031
jsrt/JPCNN007,jsrt,unet_resnet34_scratch,unet_resnet34,jsrt,ood_test,True,512,42,False,0.9442618394079427,0.8944091202295854,17.697440403044663,4.677844504954031
jsrt/JPCNN008,jsrt,unet_resnet34_scratch,unet_resnet34,jsrt,ood_test,False,512,42,False,0.97212292823336,0.9457579655537468,8.54106762676357,2.2793812765214887
jsrt/JPCNN008,jsrt,unet_resnet34_scratch,unet_resnet34,jsrt,ood_test,True,512,42,False,0.97212292823336,0.9457579655537468,8.54106762676357,2.2793812765214887
jsrt/JPCNN009,jsrt,unet_resnet34_scratch,unet_resnet34,jsrt,ood_test,False,512,42,False,0.9684950481757882,0.9389145892736717,9.0,2.4601185457394616
jsrt/JPCNN009,jsrt,unet_resnet34_scratch,unet_resnet34,jsrt,ood_test,True,512,42,False,0.9684950481757882,0.9389145892736717,9.0,2.4601185457394616
jsrt/JPCNN010,jsrt,unet_resnet34_scratch,unet_resnet34,jsrt,ood_test,False,512,42,False,0.9693420745549827,0.9405080489110297,10.04987562112089,2.84898154429565
jsrt/JPCNN010,jsrt,unet_resnet34_scratch,unet_resnet34,jsrt,ood_test,True,512,42,False,0.9693420745549827,0.9405080489110297,10.04987562112089,2.84898154429565
jsrt/JPCNN011,jsrt,unet_resnet34_scratch,unet_resnet34,jsrt,ood_test,False,512,42,False,0.9613363415967152,0.9255511481691358,16.023712267640317,3.006519854998955
jsrt/JPCNN011,jsrt,unet_resnet34_scratch,unet_resnet34,jsrt,ood_test,True,512,42,False,0.9613363415967152,0.9255511481691358,16.023712267640317,3.006519854998955
jsrt/JPCNN012,jsrt,unet_resnet34_scratch,unet_resnet34,jsrt,ood_test,False,512,42,False,0.9760314082578644,0.9531849083352129,7.280109889280518,2.057245843646148
jsrt/JPCNN012,jsrt,unet_resnet34_scratch,unet_resnet34,jsrt,ood_test,True,512,42,False,0.9760314082578644,0.9531849083352129,7.280109889280518,2.057245843646148
jsrt/JPCNN013,jsrt,unet_resnet34_scratch,unet_resnet34,jsrt,ood_test,False,512,42,False,0.9706591012440867,0.9429909006989318,8.0,2.246897488922257
jsrt/JPCNN013,jsrt,unet_resnet34_scratch,unet_resnet34,jsrt,ood_test,True,512,42,False,0.9706591012440867,0.9429909006989318,8.0,2.246897488922257
jsrt/JPCNN014,jsrt,unet_resnet34_scratch,unet_resnet34,jsrt,ood_test,False,512,42,False,0.9663923136806105,0.9349701308064682,8.48528137423857,2.4089673677404275
jsrt/JPCNN014,jsrt,unet_resnet34_scratch,unet_resnet34,jsrt,ood_test,True,512,42,False,0.9663923136806105,0.9349701308064682,8.48528137423857,2.4089673677404275
jsrt/JPCNN015,jsrt,unet_resnet34_scratch,unet_resnet34,jsrt,ood_test,False,512,42,False,0.9570063337884112,0.9175571863868504,14.682981747564437,3.08226855957533
jsrt/JPCNN015,jsrt,unet_resnet34_scratch,unet_resnet34,jsrt,ood_test,True,512,42,False,0.9570063337884112,0.9175571863868504,14.682981747564437,3.08226855957533
jsrt/JPCNN016,jsrt,unet_resnet34_scratch,unet_resnet34,jsrt,ood_test,False,512,42,False,0.9704967011079297,0.9426844014510278,9.0,2.4845507324824925
jsrt/JPCNN016,jsrt,unet_resnet34_scratch,unet_resnet34,jsrt,ood_test,True,512,42,False,0.9704967011079297,0.9426844014510278,9.0,2.4845507324824925
jsrt/JPCNN017,jsrt,unet_resnet34_scratch,unet_resnet34,jsrt,ood_test,False,512,42,False,0.9627794229232557,0.9282301606826098,9.0,2.7251401205026076
jsrt/JPCNN017,jsrt,unet_resnet34_scratch,unet_resnet34,jsrt,ood_test,True,512,42,False,0.9627794229232557,0.9282301606826098,9.0,2.7251401205026076
jsrt/JPCNN018,jsrt,unet_resnet34_scratch,unet_resnet34,jsrt,ood_test,False,512,42,False,0.9728265887059547,0.9470908981964168,8.0,2.4407247131937253
jsrt/JPCNN018,jsrt,unet_resnet34_scratch,unet_resnet34,jsrt,ood_test,True,512,42,False,0.9728265887059547,0.9470908981964168,8.0,2.4407247131937253
jsrt/JPCNN019,jsrt,unet_resnet34_scratch,unet_resnet34,jsrt,ood_test,False,512,42,False,0.9676753878535287,0.9373751012692412,8.06225774829855,2.4562329791027193
jsrt/JPCNN019,jsrt,unet_resnet34_scratch,unet_resnet34,jsrt,ood_test,True,512,42,False,0.9676753878535287,0.9373751012692412,8.06225774829855,2.4562329791027193
jsrt/JPCNN020,jsrt,unet_resnet34_scratch,unet_resnet34,jsrt,ood_test,False,512,42,False,0.9782252357144487,0.95737854359561,5.907023542164884,2.0658648383400666
jsrt/JPCNN020,jsrt,unet_resnet34_scratch,unet_resnet34,jsrt,ood_test,True,512,42,False,0.9782252357144487,0.95737854359561,5.907023542164884,2.0658648383400666
jsrt/JPCNN021,jsrt,unet_resnet34_scratch,unet_resnet34,jsrt,ood_test,False,512,42,False,0.972340779335957,0.9461704422869471,8.06225774829855,2.170971241695805
jsrt/JPCNN021,jsrt,unet_resnet34_scratch,unet_resnet34,jsrt,ood_test,True,512,42,False,0.972340779335957,0.9461704422869471,8.06225774829855,2.170971241695805
jsrt/JPCNN022,jsrt,unet_resnet34_scratch,unet_resnet34,jsrt,ood_test,False,512,42,False,0.9706954462859975,0.9430595082703871,7.810249675906654,2.4920170366038197
jsrt/JPCNN022,jsrt,unet_resnet34_scratch,unet_resnet34,jsrt,ood_test,True,512,42,False,0.9706954462859975,0.9430595082703871,7.810249675906654,2.4920170366038197
jsrt/JPCNN023,jsrt,unet_resnet34_scratch,unet_resnet34,jsrt,ood_test,False,512,42,False,0.9669162788214682,0.9359515197068633,11.180339887498949,3.0187383540134656
jsrt/JPCNN023,jsrt,unet_resnet34_scratch,unet_resnet34,jsrt,ood_test,True,512,42,False,0.9669162788214682,0.9359515197068633,11.180339887498949,3.0187383540134656
jsrt/JPCNN024,jsrt,unet_resnet34_scratch,unet_resnet34,jsrt,ood_test,False,512,42,False,0.9114011098850133,0.8372239933009152,80.86047887183662,9.533885742253156
jsrt/JPCNN024,jsrt,unet_resnet34_scratch,unet_resnet34,jsrt,ood_test,True,512,42,False,0.911444838946998,0.8372977976286675,80.09099026119173,9.392345603737825
jsrt/JPCNN025,jsrt,unet_resnet34_scratch,unet_resnet34,jsrt,ood_test,False,512,42,False,0.9717178610900312,0.9449914807623727,12.083045973594572,2.7718583995905446
jsrt/JPCNN025,jsrt,unet_resnet34_scratch,unet_resnet34,jsrt,ood_test,True,512,42,False,0.9717178610900312,0.9449914807623727,12.083045973594572,2.7718583995905446
jsrt/JPCNN026,jsrt,unet_resnet34_scratch,unet_resnet34,jsrt,ood_test,False,512,42,False,0.9620199342195765,0.9268192771084337,11.40175425099138,3.0353484084546665
jsrt/JPCNN026,jsrt,unet_resnet34_scratch,unet_resnet34,jsrt,ood_test,True,512,42,False,0.9620199342195765,0.9268192771084337,11.40175425099138,3.0353484084546665
jsrt/JPCNN027,jsrt,unet_resnet34_scratch,unet_resnet34,jsrt,ood_test,False,512,42,False,0.9626298285202104,0.927952099439139,11.0,2.773213720530272
jsrt/JPCNN027,jsrt,unet_resnet34_scratch,unet_resnet34,jsrt,ood_test,True,512,42,False,0.9626298285202104,0.927952099439139,11.0,2.773213720530272
jsrt/JPCNN028,jsrt,unet_resnet34_scratch,unet_resnet34,jsrt,ood_test,False,512,42,False,0.9678438078951118,0.937691228612771,11.180339887498949,2.753679553907678
jsrt/JPCNN028,jsrt,unet_resnet34_scratch,unet_resnet34,jsrt,ood_test,True,512,42,False,0.9678438078951118,0.937691228612771,11.180339887498949,2.753679553907678
jsrt/JPCNN029,jsrt,unet_resnet34_scratch,unet_resnet34,jsrt,ood_test,False,512,42,False,0.9395103861553759,0.8859213460368944,20.0,4.011383881521764
jsrt/JPCNN029,jsrt,unet_resnet34_scratch,unet_resnet34,jsrt,ood_test,True,512,42,False,0.9395103861553759,0.8859213460368944,20.0,4.011383881521764
jsrt/JPCNN030,jsrt,unet_resnet34_scratch,unet_resnet34,jsrt,ood_test,False,512,42,False,0.9768459355844831,0.9547398281044921,5.0,1.792629797428394
jsrt/JPCNN030,jsrt,unet_resnet34_scratch,unet_resnet34,jsrt,ood_test,True,512,42,False,0.9768459355844831,0.9547398281044921,5.0,1.792629797428394
jsrt/JPCNN031,jsrt,unet_resnet34_scratch,unet_resnet34,jsrt,ood_test,False,512,42,False,0.966293642937436,0.9347854314094657,8.48528137423857,2.776021596565386
jsrt/JPCNN031,jsrt,unet_resnet34_scratch,unet_resnet34,jsrt,ood_test,True,512,42,False,0.966293642937436,0.9347854314094657,8.48528137423857,2.776021596565386
jsrt/JPCNN032,jsrt,unet_resnet34_scratch,unet_resnet34,jsrt,ood_test,False,512,42,False,0.9719288269972481,0.9453906038027258,9.0,2.4870505822306734
jsrt/JPCNN032,jsrt,unet_resnet34_scratch,unet_resnet34,jsrt,ood_test,True,512,42,False,0.9719288269972481,0.9453906038027258,9.0,2.4870505822306734
jsrt/JPCNN033,jsrt,unet_resnet34_scratch,unet_resnet34,jsrt,ood_test,False,512,42,False,0.973998281057911,0.9493144729447442,7.280109889280518,2.2466694944522083
jsrt/JPCNN033,jsrt,unet_resnet34_scratch,unet_resnet34,jsrt,ood_test,True,512,42,False,0.973998281057911,0.9493144729447442,7.280109889280518,2.2466694944522083
jsrt/JPCNN034,jsrt,unet_resnet34_scratch,unet_resnet34,jsrt,ood_test,False,512,42,False,0.9667926462808746,0.9357198657179655,12.577622707954392,2.885214509416357
jsrt/JPCNN034,jsrt,unet_resnet34_scratch,unet_resnet34,jsrt,ood_test,True,512,42,False,0.9667926462808746,0.9357198657179655,12.577622707954392,2.885214509416357
jsrt/JPCNN035,jsrt,unet_resnet34_scratch,unet_resnet34,jsrt,ood_test,False,512,42,False,0.9646237603632503,0.9316649575633277,8.54400374531753,2.9692699865097816
jsrt/JPCNN035,jsrt,unet_resnet34_scratch,unet_resnet34,jsrt,ood_test,True,512,42,False,0.9646237603632503,0.9316649575633277,8.54400374531753,2.9692699865097816
jsrt/JPCNN036,jsrt,unet_resnet34_scratch,unet_resnet34,jsrt,ood_test,False,512,42,False,0.9765088502595018,0.9540960373786247,6.0,1.968039057579879
jsrt/JPCNN036,jsrt,unet_resnet34_scratch,unet_resnet34,jsrt,ood_test,True,512,42,False,0.9765088502595018,0.9540960373786247,6.0,1.968039057579879
jsrt/JPCNN037,jsrt,unet_resnet34_scratch,unet_resnet34,jsrt,ood_test,False,512,42,False,0.9649461337914431,0.9322665856281266,11.036067977499757,3.064504655061053
jsrt/JPCNN037,jsrt,unet_resnet34_scratch,unet_resnet34,jsrt,ood_test,True,512,42,False,0.9649461337914431,0.9322665856281266,11.036067977499757,3.064504655061053
jsrt/JPCNN038,jsrt,unet_resnet34_scratch,unet_resnet34,jsrt,ood_test,False,512,42,False,0.9718641276923485,0.9452681828044761,7.615773105863909,2.495175427186671
jsrt/JPCNN038,jsrt,unet_resnet34_scratch,unet_resnet34,jsrt,ood_test,True,512,42,False,0.9718641276923485,0.9452681828044761,7.615773105863909,2.495175427186671
jsrt/JPCNN039,jsrt,unet_resnet34_scratch,unet_resnet34,jsrt,ood_test,False,512,42,False,0.9598325019197091,0.9227672501699524,10.44030650891055,3.781537540020524
jsrt/JPCNN039,jsrt,unet_resnet34_scratch,unet_resnet34,jsrt,ood_test,True,512,42,False,0.9598325019197091,0.9227672501699524,10.44030650891055,3.781537540020524
jsrt/JPCNN040,jsrt,unet_resnet34_scratch,unet_resnet34,jsrt,ood_test,False,512,42,False,0.9664316819309106,0.9350438331318017,7.176093866162352,2.649205107832722
jsrt/JPCNN040,jsrt,unet_resnet34_scratch,unet_resnet34,jsrt,ood_test,True,512,42,False,0.9664316819309106,0.9350438331318017,7.176093866162352,2.649205107832722
jsrt/JPCNN041,jsrt,unet_resnet34_scratch,unet_resnet34,jsrt,ood_test,False,512,42,False,0.9688003814800518,0.9394886926650959,7.0,2.607604457510427
jsrt/JPCNN041,jsrt,unet_resnet34_scratch,unet_resnet34,jsrt,ood_test,True,512,42,False,0.9688003814800518,0.9394886926650959,7.0,2.607604457510427
jsrt/JPCNN042,jsrt,unet_resnet34_scratch,unet_resnet34,jsrt,ood_test,False,512,42,False,0.9747114890435921,0.9506704489786618,5.830951894845301,2.035193685261615
jsrt/JPCNN042,jsrt,unet_resnet34_scratch,unet_resnet34,jsrt,ood_test,True,512,42,False,0.9747114890435921,0.9506704489786618,5.830951894845301,2.035193685261615
jsrt/JPCNN043,jsrt,unet_resnet34_scratch,unet_resnet34,jsrt,ood_test,False,512,42,False,0.9364825733524056,0.8805521657547009,143.24273782660876,12.88479007625962
jsrt/JPCNN043,jsrt,unet_resnet34_scratch,unet_resnet34,jsrt,ood_test,True,512,42,False,0.9426257716970663,0.8914779143141813,38.1197872867312,5.738255229239301
jsrt/JPCNN044,jsrt,unet_resnet34_scratch,unet_resnet34,jsrt,ood_test,False,512,42,False,0.9714353344971447,0.9444572296504269,7.0,2.4646346973237745
jsrt/JPCNN044,jsrt,unet_resnet34_scratch,unet_resnet34,jsrt,ood_test,True,512,42,False,0.9714353344971447,0.9444572296504269,7.0,2.4646346973237745
jsrt/JPCNN045,jsrt,unet_resnet34_scratch,unet_resnet34,jsrt,ood_test,False,512,42,False,0.9739955051744325,0.9493091990206366,9.0,2.545474830251139
jsrt/JPCNN045,jsrt,unet_resnet34_scratch,unet_resnet34,jsrt,ood_test,True,512,42,False,0.9739955051744325,0.9493091990206366,9.0,2.545474830251139
jsrt/JPCNN046,jsrt,unet_resnet34_scratch,unet_resnet34,jsrt,ood_test,False,512,42,False,0.9699764574051427,0.9417031915227465,10.04987562112089,2.575135572924248
jsrt/JPCNN046,jsrt,unet_resnet34_scratch,unet_resnet34,jsrt,ood_test,True,512,42,False,0.9699764574051427,0.9417031915227465,10.04987562112089,2.575135572924248
jsrt/JPCNN047,jsrt,unet_resnet34_scratch,unet_resnet34,jsrt,ood_test,False,512,42,False,0.9715736292655073,0.9447187051141233,6.324555320336759,2.2466837321560127
jsrt/JPCNN047,jsrt,unet_resnet34_scratch,unet_resnet34,jsrt,ood_test,True,512,42,False,0.9715736292655073,0.9447187051141233,6.324555320336759,2.2466837321560127
jsrt/JPCNN048,jsrt,unet_resnet34_scratch,unet_resnet34,jsrt,ood_test,False,512,42,False,0.9438678246134293,0.8937023666265543,23.735975522558114,4.549674577814773
jsrt/JPCNN048,jsrt,unet_resnet34_scratch,unet_resnet34,jsrt,ood_test,True,512,42,False,0.9438678246134293,0.8937023666265543,23.735975522558114,4.549674577814773
jsrt/JPCNN049,jsrt,unet_resnet34_scratch,unet_resnet34,jsrt,ood_test,False,512,42,False,0.9609554268865401,0.9248452393212271,10.63014581273465,3.3884132845014516
jsrt/JPCNN049,jsrt,unet_resnet34_scratch,unet_resnet34,jsrt,ood_test,True,512,42,False,0.9609554268865401,0.9248452393212271,10.63014581273465,3.3884132845014516
jsrt/JPCNN050,jsrt,unet_resnet34_scratch,unet_resnet34,jsrt,ood_test,False,512,42,False,0.9734397502281147,0.9482538900609345,6.0,2.2757443278408465
jsrt/JPCNN050,jsrt,unet_resnet34_scratch,unet_resnet34,jsrt,ood_test,True,512,42,False,0.9734397502281147,0.9482538900609345,6.0,2.2757443278408465
jsrt/JPCNN051,jsrt,unet_resnet34_scratch,unet_resnet34,jsrt,ood_test,False,512,42,False,0.9701289572398026,0.9419907123902838,14.063564212655212,4.101620124107522
jsrt/JPCNN051,jsrt,unet_resnet34_scratch,unet_resnet34,jsrt,ood_test,True,512,42,False,0.971807999578831,0.9451619922940054,9.852943556156095,2.1825033683637862
jsrt/JPCNN052,jsrt,unet_resnet34_scratch,unet_resnet34,jsrt,ood_test,False,512,42,False,0.9690271315948219,0.9399152599367813,7.0710678118654755,2.3490913413025023
jsrt/JPCNN052,jsrt,unet_resnet34_scratch,unet_resnet34,jsrt,ood_test,True,512,42,False,0.9690271315948219,0.9399152599367813,7.0710678118654755,2.3490913413025023
jsrt/JPCNN053,jsrt,unet_resnet34_scratch,unet_resnet34,jsrt,ood_test,False,512,42,False,0.9538501689115715,0.911772043129972,12.328558513601664,3.5177089549761202
jsrt/JPCNN053,jsrt,unet_resnet34_scratch,unet_resnet34,jsrt,ood_test,True,512,42,False,0.9538501689115715,0.911772043129972,12.328558513601664,3.5177089549761202
jsrt/JPCNN054,jsrt,unet_resnet34_scratch,unet_resnet34,jsrt,ood_test,False,512,42,False,0.9725602437448065,0.9465861505005302,7.021320343559624,2.6364077808136566
jsrt/JPCNN054,jsrt,unet_resnet34_scratch,unet_resnet34,jsrt,ood_test,True,512,42,False,0.9725602437448065,0.9465861505005302,7.021320343559624,2.6364077808136566
jsrt/JPCNN055,jsrt,unet_resnet34_scratch,unet_resnet34,jsrt,ood_test,False,512,42,False,0.9653892016724276,0.933094070961718,9.0,3.0533810361064413
jsrt/JPCNN055,jsrt,unet_resnet34_scratch,unet_resnet34,jsrt,ood_test,True,512,42,False,0.9653892016724276,0.933094070961718,9.0,3.0533810361064413
jsrt/JPCNN056,jsrt,unet_resnet34_scratch,unet_resnet34,jsrt,ood_test,False,512,42,False,0.9680579147889551,0.9380932599439195,10.544718126013796,2.8403937352388904
jsrt/JPCNN056,jsrt,unet_resnet34_scratch,unet_resnet34,jsrt,ood_test,True,512,42,False,0.9680579147889551,0.9380932599439195,10.544718126013796,2.8403937352388904
jsrt/JPCNN057,jsrt,unet_resnet34_scratch,unet_resnet34,jsrt,ood_test,False,512,42,False,0.9620243151175956,0.9268274094749979,10.0,3.3249594324845546
jsrt/JPCNN057,jsrt,unet_resnet34_scratch,unet_resnet34,jsrt,ood_test,True,512,42,False,0.9620243151175956,0.9268274094749979,10.0,3.3249594324845546
jsrt/JPCNN058,jsrt,unet_resnet34_scratch,unet_resnet34,jsrt,ood_test,False,512,42,False,0.9701465969187659,0.942023975466964,11.0,2.4655593137254224
jsrt/JPCNN058,jsrt,unet_resnet34_scratch,unet_resnet34,jsrt,ood_test,True,512,42,False,0.9701465969187659,0.942023975466964,11.0,2.4655593137254224
jsrt/JPCNN059,jsrt,unet_resnet34_scratch,unet_resnet34,jsrt,ood_test,False,512,42,False,0.9682071451982956,0.9383735705209657,9.899494936611665,2.7786417622613264
jsrt/JPCNN059,jsrt,unet_resnet34_scratch,unet_resnet34,jsrt,ood_test,True,512,42,False,0.9682071451982956,0.9383735705209657,9.899494936611665,2.7786417622613264
jsrt/JPCNN060,jsrt,unet_resnet34_scratch,unet_resnet34,jsrt,ood_test,False,512,42,False,0.9688611580850195,0.939603008539275,8.54400374531753,2.5927879111308636
jsrt/JPCNN060,jsrt,unet_resnet34_scratch,unet_resnet34,jsrt,ood_test,True,512,42,False,0.9688611580850195,0.939603008539275,8.54400374531753,2.5927879111308636
jsrt/JPCNN061,jsrt,unet_resnet34_scratch,unet_resnet34,jsrt,ood_test,False,512,42,False,0.9708211427644284,0.943296819536407,8.06225774829855,2.5311245870044567
jsrt/JPCNN061,jsrt,unet_resnet34_scratch,unet_resnet34,jsrt,ood_test,True,512,42,False,0.9708211427644284,0.943296819536407,8.06225774829855,2.5311245870044567
jsrt/JPCNN062,jsrt,unet_resnet34_scratch,unet_resnet34,jsrt,ood_test,False,512,42,False,0.9520293184553112,0.9084503366564017,10.963330765278386,3.239172089304714
jsrt/JPCNN062,jsrt,unet_resnet34_scratch,unet_resnet34,jsrt,ood_test,True,512,42,False,0.9520293184553112,0.9084503366564017,10.963330765278386,3.239172089304714
jsrt/JPCNN063,jsrt,unet_resnet34_scratch,unet_resnet34,jsrt,ood_test,False,512,42,False,0.9713674761787271,0.944328954882924,8.54400374531753,2.3991866860007844
jsrt/JPCNN063,jsrt,unet_resnet34_scratch,unet_resnet34,jsrt,ood_test,True,512,42,False,0.9713674761787271,0.944328954882924,8.54400374531753,2.3991866860007844
jsrt/JPCNN064,jsrt,unet_resnet34_scratch,unet_resnet34,jsrt,ood_test,False,512,42,False,0.9714607233284361,0.9445052273279845,7.276659522362879,2.2891800706717436
jsrt/JPCNN064,jsrt,unet_resnet34_scratch,unet_resnet34,jsrt,ood_test,True,512,42,False,0.9714607233284361,0.9445052273279845,7.276659522362879,2.2891800706717436
jsrt/JPCNN065,jsrt,unet_resnet34_scratch,unet_resnet34,jsrt,ood_test,False,512,42,False,0.949345588969927,0.9035755039939141,15.0,3.8735300423842727
jsrt/JPCNN065,jsrt,unet_resnet34_scratch,unet_resnet34,jsrt,ood_test,True,512,42,False,0.949345588969927,0.9035755039939141,15.0,3.8735300423842727
jsrt/JPCNN066,jsrt,unet_resnet34_scratch,unet_resnet34,jsrt,ood_test,False,512,42,False,0.9540895337478855,0.9122095671981777,7.211102550927978,3.063720999090527
jsrt/JPCNN066,jsrt,unet_resnet34_scratch,unet_resnet34,jsrt,ood_test,True,512,42,False,0.9540895337478855,0.9122095671981777,7.211102550927978,3.063720999090527
jsrt/JPCNN067,jsrt,unet_resnet34_scratch,unet_resnet34,jsrt,ood_test,False,512,42,False,0.9551475680374851,0.9141459012000959,9.137464797715152,3.31445155586844
jsrt/JPCNN067,jsrt,unet_resnet34_scratch,unet_resnet34,jsrt,ood_test,True,512,42,False,0.9551475680374851,0.9141459012000959,9.137464797715152,3.31445155586844
jsrt/JPCNN068,jsrt,unet_resnet34_scratch,unet_resnet34,jsrt,ood_test,False,512,42,False,0.9587048790934932,0.920685077501262,6.4031242374328485,2.858636267435758
jsrt/JPCNN068,jsrt,unet_resnet34_scratch,unet_resnet34,jsrt,ood_test,True,512,42,False,0.9587048790934932,0.920685077501262,6.4031242374328485,2.858636267435758
jsrt/JPCNN069,jsrt,unet_resnet34_scratch,unet_resnet34,jsrt,ood_test,False,512,42,False,0.9768420402872369,0.9547323861522529,7.0,2.1760110719921375
jsrt/JPCNN069,jsrt,unet_resnet34_scratch,unet_resnet34,jsrt,ood_test,True,512,42,False,0.9768420402872369,0.9547323861522529,7.0,2.1760110719921375
jsrt/JPCNN070,jsrt,unet_resnet34_scratch,unet_resnet34,jsrt,ood_test,False,512,42,False,0.9645241660726781,0.9314791658772561,10.198039027185569,2.8453857585416253
jsrt/JPCNN070,jsrt,unet_resnet34_scratch,unet_resnet34,jsrt,ood_test,True,512,42,False,0.9645241660726781,0.9314791658772561,10.198039027185569,2.8453857585416253
jsrt/JPCNN071,jsrt,unet_resnet34_scratch,unet_resnet34,jsrt,ood_test,False,512,42,False,0.9617906603422788,0.9263937662700701,7.0710678118654755,2.3692269444365865
jsrt/JPCNN071,jsrt,unet_resnet34_scratch,unet_resnet34,jsrt,ood_test,True,512,42,False,0.9617906603422788,0.9263937662700701,7.0710678118654755,2.3692269444365865
jsrt/JPCNN072,jsrt,unet_resnet34_scratch,unet_resnet34,jsrt,ood_test,False,512,42,False,0.9650188000175565,0.9324022504311441,8.05291908605376,2.7369972371763214
jsrt/JPCNN072,jsrt,unet_resnet34_scratch,unet_resnet34,jsrt,ood_test,True,512,42,False,0.9650188000175565,0.9324022504311441,8.05291908605376,2.7369972371763214
jsrt/JPCNN073,jsrt,unet_resnet34_scratch,unet_resnet34,jsrt,ood_test,False,512,42,False,0.9563378063141788,0.9163288773896795,12.066465415673658,3.2752558818867956
jsrt/JPCNN073,jsrt,unet_resnet34_scratch,unet_resnet34,jsrt,ood_test,True,512,42,False,0.9563378063141788,0.9163288773896795,12.066465415673658,3.2752558818867956
jsrt/JPCNN074,jsrt,unet_resnet34_scratch,unet_resnet34,jsrt,ood_test,False,512,42,False,0.9610094420179012,0.924945308342695,13.0,3.2140598689906534
jsrt/JPCNN074,jsrt,unet_resnet34_scratch,unet_resnet34,jsrt,ood_test,True,512,42,False,0.9610094420179012,0.924945308342695,13.0,3.2140598689906534
jsrt/JPCNN075,jsrt,unet_resnet34_scratch,unet_resnet34,jsrt,ood_test,False,512,42,False,0.9719148139869737,0.9453640877329585,8.06225774829855,2.584927177410854
jsrt/JPCNN075,jsrt,unet_resnet34_scratch,unet_resnet34,jsrt,ood_test,True,512,42,False,0.9719148139869737,0.9453640877329585,8.06225774829855,2.584927177410854
jsrt/JPCNN076,jsrt,unet_resnet34_scratch,unet_resnet34,jsrt,ood_test,False,512,42,False,0.9716274665369948,0.9448205148625242,7.615773105863909,2.5443515611929186
jsrt/JPCNN076,jsrt,unet_resnet34_scratch,unet_resnet34,jsrt,ood_test,True,512,42,False,0.9716274665369948,0.9448205148625242,7.615773105863909,2.5443515611929186
jsrt/JPCNN077,jsrt,unet_resnet34_scratch,unet_resnet34,jsrt,ood_test,False,512,42,False,0.9623577473008462,0.9274465691788526,9.848857801796104,2.917381355701468
jsrt/JPCNN077,jsrt,unet_resnet34_scratch,unet_resnet34,jsrt,ood_test,True,512,42,False,0.9623577473008462,0.9274465691788526,9.848857801796104,2.917381355701468
jsrt/JPCNN078,jsrt,unet_resnet34_scratch,unet_resnet34,jsrt,ood_test,False,512,42,False,0.9655778945861371,0.9334466940841506,7.228354385516113,2.501747155870645
jsrt/JPCNN078,jsrt,unet_resnet34_scratch,unet_resnet34,jsrt,ood_test,True,512,42,False,0.9655778945861371,0.9334466940841506,7.228354385516113,2.501747155870645
jsrt/JPCNN079,jsrt,unet_resnet34_scratch,unet_resnet34,jsrt,ood_test,False,512,42,False,0.9666656252928864,0.9354819204256863,14.866068747318506,3.3192222122272694
jsrt/JPCNN079,jsrt,unet_resnet34_scratch,unet_resnet34,jsrt,ood_test,True,512,42,False,0.9666656252928864,0.9354819204256863,14.866068747318506,3.3192222122272694
jsrt/JPCNN080,jsrt,unet_resnet34_scratch,unet_resnet34,jsrt,ood_test,False,512,42,False,0.9092858408647883,0.8336609855562235,44.986102527122114,6.675785813452712
jsrt/JPCNN080,jsrt,unet_resnet34_scratch,unet_resnet34,jsrt,ood_test,True,512,42,False,0.9092858408647883,0.8336609855562235,44.986102527122114,6.675785813452712
jsrt/JPCNN081,jsrt,unet_resnet34_scratch,unet_resnet34,jsrt,ood_test,False,512,42,False,0.9678186637639968,0.9376440260906925,10.44030650891055,2.997428723226084
jsrt/JPCNN081,jsrt,unet_resnet34_scratch,unet_resnet34,jsrt,ood_test,True,512,42,False,0.9678186637639968,0.9376440260906925,10.44030650891055,2.997428723226084
jsrt/JPCNN082,jsrt,unet_resnet34_scratch,unet_resnet34,jsrt,ood_test,False,512,42,False,0.962510622319717,0.9277305802125795,8.48528137423857,2.937932371530207
jsrt/JPCNN082,jsrt,unet_resnet34_scratch,unet_resnet34,jsrt,ood_test,True,512,42,False,0.962510622319717,0.9277305802125795,8.48528137423857,2.937932371530207
jsrt/JPCNN083,jsrt,unet_resnet34_scratch,unet_resnet34,jsrt,ood_test,False,512,42,False,0.9553177071852523,0.9144576430134417,12.0,3.359678462782447
jsrt/JPCNN083,jsrt,unet_resnet34_scratch,unet_resnet34,jsrt,ood_test,True,512,42,False,0.9553177071852523,0.9144576430134417,12.0,3.359678462782447
jsrt/JPCNN084,jsrt,unet_resnet34_scratch,unet_resnet34,jsrt,ood_test,False,512,42,False,0.9684392074812862,0.938809631487344,8.251281379858927,2.389462221474092
jsrt/JPCNN084,jsrt,unet_resnet34_scratch,unet_resnet34,jsrt,ood_test,True,512,42,False,0.9684392074812862,0.938809631487344,8.251281379858927,2.389462221474092
jsrt/JPCNN085,jsrt,unet_resnet34_scratch,unet_resnet34,jsrt,ood_test,False,512,42,False,0.9481028878609826,0.9013266382422415,15.264337522473747,3.6323218636160166
jsrt/JPCNN085,jsrt,unet_resnet34_scratch,unet_resnet34,jsrt,ood_test,True,512,42,False,0.9481028878609826,0.9013266382422415,15.264337522473747,3.6323218636160166
jsrt/JPCNN086,jsrt,unet_resnet34_scratch,unet_resnet34,jsrt,ood_test,False,512,42,False,0.9734972455154821,0.9483630134089083,7.0,2.3231282242114637
jsrt/JPCNN086,jsrt,unet_resnet34_scratch,unet_resnet34,jsrt,ood_test,True,512,42,False,0.9734972455154821,0.9483630134089083,7.0,2.3231282242114637
jsrt/JPCNN087,jsrt,unet_resnet34_scratch,unet_resnet34,jsrt,ood_test,False,512,42,False,0.9312707409725854,0.8713813466846396,18.791401887099052,4.69734194952258
jsrt/JPCNN087,jsrt,unet_resnet34_scratch,unet_resnet34,jsrt,ood_test,True,512,42,False,0.9312707409725854,0.8713813466846396,18.791401887099052,4.69734194952258
jsrt/JPCNN088,jsrt,unet_resnet34_scratch,unet_resnet34,jsrt,ood_test,False,512,42,False,0.9583284560458856,0.919991010225868,11.40175425099138,3.5650866970818975
jsrt/JPCNN088,jsrt,unet_resnet34_scratch,unet_resnet34,jsrt,ood_test,True,512,42,False,0.9583284560458856,0.919991010225868,11.40175425099138,3.5650866970818975
jsrt/JPCNN089,jsrt,unet_resnet34_scratch,unet_resnet34,jsrt,ood_test,False,512,42,False,0.9779197586123848,0.956793526587231,8.0,2.122475986852018
jsrt/JPCNN089,jsrt,unet_resnet34_scratch,unet_resnet34,jsrt,ood_test,True,512,42,False,0.9779197586123848,0.956793526587231,8.0,2.122475986852018
jsrt/JPCNN090,jsrt,unet_resnet34_scratch,unet_resnet34,jsrt,ood_test,False,512,42,False,0.9529003729564144,0.9100379260442137,14.463609504867474,3.819540226607653
jsrt/JPCNN090,jsrt,unet_resnet34_scratch,unet_resnet34,jsrt,ood_test,True,512,42,False,0.9529003729564144,0.9100379260442137,14.463609504867474,3.819540226607653
jsrt/JPCNN091,jsrt,unet_resnet34_scratch,unet_resnet34,jsrt,ood_test,False,512,42,False,0.9637190351678585,0.9299785172875036,13.0,3.202245724240588
jsrt/JPCNN091,jsrt,unet_resnet34_scratch,unet_resnet34,jsrt,ood_test,True,512,42,False,0.9637190351678585,0.9299785172875036,13.0,3.202245724240588
jsrt/JPCNN092,jsrt,unet_resnet34_scratch,unet_resnet34,jsrt,ood_test,False,512,42,False,0.9559478831258162,0.9156131841271054,9.219544457292887,2.968492307201159
jsrt/JPCNN092,jsrt,unet_resnet34_scratch,unet_resnet34,jsrt,ood_test,True,512,42,False,0.9559478831258162,0.9156131841271054,9.219544457292887,2.968492307201159
jsrt/JPCNN093,jsrt,unet_resnet34_scratch,unet_resnet34,jsrt,ood_test,False,512,42,False,0.962342445514248,0.9274181461447277,8.94427190999916,2.9400889446551597
jsrt/JPCNN093,jsrt,unet_resnet34_scratch,unet_resnet34,jsrt,ood_test,True,512,42,False,0.962342445514248,0.9274181461447277,8.94427190999916,2.9400889446551597
