patient_id,source,arm,model,held_out,split,postprocessed,image_size,seed,pred_empty,dice,iou,hd95,assd
jsrt/JPCNN093,jsrt,unet_resnet34_scratch,unet_resnet34,shenzhen,id_test,False,512,42,False,0.9769352154082273,0.9549104124408384,5.0,1.7705532531638268
jsrt/JPCNN093,jsrt,unet_resnet34_scratch,unet_resnet34,shenzhen,id_test,True,512,42,False,0.9769352154082273,0.9549104124408384,5.0,1.7705532531638268
jsrt/JPCLN132,jsrt,unet_resnet34_scratch,unet_resnet34,shenzhen,id_test,False,512,42,False,0.9816428059351306,0.9639474357880365,5.0,1.4509618051848174
jsrt/JPCLN132,jsrt,unet_resnet34_scratch,unet_resnet34,shenzhen,id_test,True,512,42,False,0.9816428059351306,0.9639474357880365,5.0,1.4509618051848174
jsrt/JPCLN071,jsrt,unet_resnet34_scratch,unet_resnet34,shenzhen,id_test,False,512,42,False,0.9841808666651778,0.9688544292665767,3.1622776601683795,1.1118938159647644
jsrt/JPCLN071,jsrt,unet_resnet34_scratch,unet_resnet34,shenzhen,id_test,True,512,42,False,0.9841808666651778,0.9688544292665767,3.1622776601683795,1.1118938159647644
jsrt/JPCLN008,jsrt,unet_resnet34_scratch,unet_resnet34,shenzhen,id_test,False,512,42,False,0.984786456904934,0.9700288807245722,4.0,1.3836696594274285
jsrt/JPCLN008,jsrt,unet_resnet34_scratch,unet_resnet34,shenzhen,id_test,True,512,42,False,0.984786456904934,0.9700288807245722,4.0,1.3836696594274285
jsrt/JPCLN129,jsrt,unet_resnet34_scratch,unet_resnet34,shenzhen,id_test,False,512,42,False,0.9825157210853629,0.9656323359938538,5.0990195135927845,1.6791596259377852
jsrt/JPCLN129,jsrt,unet_resnet34_scratch,unet_resnet34,shenzhen,id_test,True,512,42,False,0.9825157210853629,0.9656323359938538,5.0990195135927845,1.6791596259377852
jsrt/JPCNN060,jsrt,unet_resnet34_scratch,unet_resnet34,shenzhen,id_test,False,512,42,False,0.9798941169472369,0.9605807918829086,5.0,1.640865287551024
jsrt/JPCNN060,jsrt,unet_resnet34_scratch,unet_resnet34,shenzhen,id_test,True,512,42,False,0.9798941169472369,0.9605807918829086,5.0,1.640865287551024
jsrt/JPCLN131,jsrt,unet_resnet34_scratch,unet_resnet34,shenzhen,id_test,False,512,42,False,0.9672934051275061,0.9366584951914011,6.0,2.116572243532761
jsrt/JPCLN131,jsrt,unet_resnet34_scratch,unet_resnet34,shenzhen,id_test,True,512,42,False,0.9672934051275061,0.9366584951914011,6.0,2.116572243532761
jsrt/JPCNN008,jsrt,unet_resnet34_scratch,unet_resnet34,shenzhen,id_test,False,512,42,False,0.9836736642360158,0.9678718632205638,3.1622776601683795,1.2895890886499612
jsrt/JPCNN008,jsrt,unet_resnet34_scratch,unet_resnet34,shenzhen,id_test,True,512,42,False,0.9836736642360158,0.9678718632205638,3.1622776601683795,1.2895890886499612
jsrt/JPCLN102,jsrt,unet_resnet34_scratch,unet_resnet34,shenzhen,id_test,False,512,42,False,0.9846152210997327,0.9696966525006804,4.0,1.3472104213260976
jsrt/JPCLN102,jsrt,unet_resnet34_scratch,unet_resnet34,shenzhen,id_test,True,512,42,False,0.9846152210997327,0.9696966525006804,4.0,1.3472104213260976
jsrt/JPCLN025,jsrt,unet_resnet34_scratch,unet_resnet34,shenzhen,id_test,False,512,42,False,0.9787556555889851,0.9583951783385058,5.91547594742265,1.5096223751597546
jsrt/JPCLN025,jsrt,unet_resnet34_scratch,unet_resnet34,shenzhen,id_test,True,512,42,False,0.9787556555889851,0.9583951783385058,5.91547594742265,1.5096223751597546
jsrt/JPCLN090,jsrt,unet_resnet34_scratch,unet_resnet34,shenzhen,id_test,False,512,42,False,0.9814759299507857,0.9636256607105628,4.47213595499958,1.5392704349943491
jsrt/JPCLN090,jsrt,unet_resnet34_scratch,unet_resnet34,shenzhen,id_test,True,512,42,False,0.9814759299507857,0.9636256607105628,4.47213595499958,1.5392704349943491
jsrt/JPCNN053,jsrt,unet_resnet34_scratch,unet_resnet34,shenzhen,id_test,False,512,42,False,0.9722374483340988,0.9459747747747748,6.4031242374328485,2.0722464156661986
jsrt/JPCNN053,jsrt,unet_resnet34_scratch,unet_resnet34,shenzhen,id_test,True,512,42,False,0.9722374483340988,0.9459747747747748,6.4031242374328485,2.0722464156661986
jsrt/JPCLN108,jsrt,unet_resnet34_scratch,unet_resnet34,shenzhen,id_test,False,512,42,False,0.9799725688110045,0.9607315831386013,6.0,1.5321208384202418
jsrt/JPCLN108,jsrt,unet_resnet34_scratch,unet_resnet34,shenzhen,id_test,True,512,42,False,0.9799725688110045,0.9607315831386013,6.0,1.5321208384202418
jsrt/JPCLN052,jsrt,unet_resnet34_scratch,unet_resnet34,shenzhen,id_test,False,512,42,False,0.9793520777397681,0.9595395791047965,4.242640687119285,1.477154370313206
jsrt/JPCLN052,jsrt,unet_resnet34_scratch,unet_resnet34,shenzhen,id_test,True,512,42,False,0.9793520777397681,0.9595395791047965,4.242640687119285,1.477154370313206
jsrt/JPCNN025,jsrt,unet_resnet34_scratch,unet_resnet34,shenzhen,id_test,False,512,42,False,0.9800019560506308,0.9607880739223028,6.0,1.938695319069527
jsrt/JPCNN025,jsrt,unet_resnet34_scratch,unet_resnet34,shenzhen,id_test,True,512,42,False,0.9800019560506308,0.9607880739223028,6.0,1.938695319069527
jsrt/JPCLN136,jsrt,unet_resnet34_scratch,unet_resnet34,shenzhen,id_test,False,512,42,False,0.9828336878489763,0.9662467937721577,3.1622776601683795,1.2010592462002636
jsrt/JPCLN136,jsrt,unet_resnet34_scratch,unet_resnet34,shenzhen,id_test,True,512,42,False,0.9828336878489763,0.9662467937721577,3.1622776601683795,1.2010592462002636
jsrt/JPCLN038,jsrt,unet_resnet34_scratch,unet_resnet34,shenzhen,id_test,False,512,42,False,0.9817518525555766,0.9641577595987341,3.605551275463989,1.250664088073375
jsrt/JPCLN038,jsrt,unet_resnet34_scratch,unet_resnet34,shenzhen,id_test,True,512,42,False,0.9817518525555766,0.9641577595987341,3.605551275463989,1.250664088073375
jsrt/JPCLN099,jsrt,unet_resnet34_scratch,unet_resnet34,shenzhen,id_test,False,512,42,False,0.9784810724806629,0.9578687639756343,4.242640687119285,1.537249084367034
jsrt/JPCLN099,jsrt,unet_resnet34_scratch,unet_resnet34,shenzhen,id_test,True,512,42,False,0.9784810724806629,0.9578687639756343,4.242640687119285,1.537249084367034
jsrt/JPCNN035,jsrt,unet_resnet34_scratch,unet_resnet34,shenzhen,id_test,False,512,42,False,0.9635142107270239,0.9295971258832822,18.0,3.2465701728015834
jsrt/JPCNN035,jsrt,unet_resnet34_scratch,unet_resnet34,shenzhen,id_test,True,512,42,False,0.963649314884094,0.9298486783711818,17.251071308122704,3.1624401130007356
jsrt/JPCLN109,jsrt,unet_resnet34_scratch,unet_resnet34,shenzhen,id_test,False,512,42,False,0.9761920795352282,0.9534914313732525,6.708203932499369,1.8952905232169677
jsrt/JPCLN109,jsrt,unet_resnet34_scratch,unet_resnet34,shenzhen,id_test,True,512,42,False,0.9761920795352282,0.9534914313732525,6.708203932499369,1.8952905232169677
jsrt/JPCLN122,jsrt,unet_resnet34_scratch,unet_resnet34,shenzhen,id_test,False,512,42,False,0.984373590827376,0.9692280369405636,4.0,1.2754986443796008
jsrt/JPCLN122,jsrt,unet_resnet34_scratch,unet_resnet34,shenzhen,id_test,True,512,42,False,0.984373590827376,0.9692280369405636,4.0,1.2754986443796008
jsrt/JPCLN027,jsrt,unet_resnet34_scratch,unet_resnet34,shenzhen,id_test,False,512,42,False,0.9845695516003361,0.9696080643947943,3.1622776601683795,1.3153924066673839
jsrt/JPCLN027,jsrt,unet_resnet34_scratch,unet_resnet34,shenzhen,id_test,True,512,42,False,0.9845695516003361,0.9696080643947943,3.1622776601683795,1.3153924066673839
jsrt/JPCLN021,jsrt,unet_resnet34_scratch,unet_resnet34,shenzhen,id_test,False,512,42,False,0.9836398727746078,0.9678064363464269,4.0,1.3248609441846162
jsrt/JPCLN021,jsrt,unet_resnet34_scratch,unet_resnet34,shenzhen,id_test,True,512,42,False,0.9836398727746078,0.9678064363464269,4.0,1.3248609441846162
jsrt/JPCNN033,jsrt,unet_resnet34_scratch,unet_resnet34,shenzhen,id_test,False,512,42,False,0.9814907453726863,0.9636542239685658,4.47213595499958,1.5480589017900748
jsrt/JPCNN033,jsrt,unet_resnet34_scratch,unet_resnet34,shenzhen,id_test,True,512,42,False,0.9814907453726863,0.9636542239685658,4.47213595499958,1.5480589017900748
jsrt/JPCNN091,jsrt,unet_resnet34_scratch,unet_resnet34,shenzhen,id_test,False,512,42,False,0.9784190994951184,0.9577499922047956,6.082762530298219,1.876911998328847
jsrt/JPCNN091,jsrt,unet_resnet34_scratch,unet_resnet34,shenzhen,id_test,True,512,42,False,0.9784190994951184,0.9577499922047956,6.082762530298219,1.876911998328847
jsrt/JPCLN076,jsrt,unet_resnet34_scratch,unet_resnet34,shenzhen,id_test,False,512,42,False,0.9754900195647738,0.9521527737098002,7.0,1.8948399743317423
jsrt/JPCLN076,jsrt,unet_resnet34_scratch,unet_resnet34,shenzhen,id_test,True,512,42,False,0.9754900195647738,0.9521527737098002,7.0,1.8948399743317423
jsrt/JPCLN128,jsrt,unet_resnet34_scratch,unet_resnet34,shenzhen,id_test,False,512,42,False,0.9798805652826413,0.9605547467627001,4.0,1.4327636341699945
jsrt/JPCLN128,jsrt,unet_resnet34_scratch,unet_resnet34,shenzhen,id_test,True,512,42,False,0.9798805652826413,0.9605547467627001,4.0,1.4327636341699945
jsrt/JPCLN034,jsrt,unet_resnet34_scratch,unet_resnet34,shenzhen,id_test,False,512,42,False,0.9805222726368414,0.96178881236859,4.242640687119285,1.493921171494333
jsrt/JPCLN034,jsrt,unet_resnet34_scratch,unet_resnet34,shenzhen,id_test,True,512,42,False,0.9805222726368414,0.96178881236859,4.242640687119285,1.493921171494333
jsrt/JPCLN009,jsrt,unet_resnet34_scratch,unet_resnet34,shenzhen,id_test,False,512,42,False,0.9805132112152479,0.9617713755604803,5.0990195135927845,1.5076718858942013
jsrt/JPCLN009,jsrt,unet_resnet34_scratch,unet_resnet34,shenzhen,id_test,True,512,42,False,0.9805132112152479,0.9617713755604803,5.0990195135927845,1.5076718858942013
jsrt/JPCLN145,jsrt,unet_resnet34_scratch,unet_resnet34,shenzhen,id_test,False,512,42,False,0.9828528288810094,0.9662837952936023,5.575347416784968,1.4572326662900292
jsrt/JPCLN145,jsrt,unet_resnet34_scratch,unet_resnet34,shenzhen,id_test,True,512,42,False,0.9828528288810094,0.9662837952936023,5.575347416784968,1.4572326662900292
jsrt/JPCLN148,jsrt,unet_resnet34_scratch,unet_resnet34,shenzhen,id_test,False,512,42,False,0.9806244341248284,0.9619854222059228,5.830951894845301,1.6408151736191048
jsrt/JPCLN148,jsrt,unet_resnet34_scratch,unet_resnet34,shenzhen,id_test,True,512,42,False,0.9806244341248284,0.9619854222059228,5.830951894845301,1.6408151736191048
jsrt/JPCLN026,jsrt,unet_resnet34_scratch,unet_resnet34,shenzhen,id_test,False,512,42,False,0.9849812699440411,0.9704069893269242,3.605551275463989,1.2225775478048717
jsrt/JPCLN026,jsrt,unet_resnet34_scratch,unet_resnet34,shenzhen,id_test,True,512,42,False,0.9849812699440411,0.9704069893269242,3.605551275463989,1.2225775478048717
jsrt/JPCLN105,jsrt,unet_resnet34_scratch,unet_resnet34,shenzhen,id_test,False,512,42,False,0.9833616019007464,0.9672678149273894,4.0,1.250409316363657
jsrt/JPCLN105,jsrt,unet_resnet34_scratch,unet_resnet34,shenzhen,id_test,True,512,42,False,0.9833616019007464,0.9672678149273894,4.0,1.250409316363657
jsrt/JPCLN030,jsrt,unet_resnet34_scratch,unet_resnet34,shenzhen,id_test,False,512,42,False,0.9732522408078973,0.9478980909329684,6.0,1.9238102570948403
jsrt/JPCLN030,jsrt,unet_resnet34_scratch,unet_resnet34,shenzhen,id_test,True,512,42,False,0.9732522408078973,0.9478980909329684,6.0,1.9238102570948403
jsrt/JPCNN056,jsrt,unet_resnet34_scratch,unet_resnet34,shenzhen,id_test,False,512,42,False,0.9836281356743467,0.9677837120441823,4.242640687119285,1.419931528995892
jsrt/JPCNN056,jsrt,unet_resnet34_scratch,unet_resnet34,shenzhen,id_test,True,512,42,False,0.9836281356743467,0.9677837120441823,4.242640687119285,1.419931528995892
jsrt/JPCLN010,jsrt,unet_resnet34_scratch,unet_resnet34,shenzhen,id_test,False,512,42,False,0.9681554175846184,0.9382763975155279,16.616205491139304,2.6637892730605057
jsrt/JPCLN010,jsrt,unet_resnet34_scratch,unet_resnet34,shenzhen,id_test,True,512,42,False,0.9681554175846184,0.9382763975155279,16.616205491139304,2.6637892730605057
jsrt/JPCNN020,jsrt,unet_resnet34_scratch,unet_resnet34,shenzhen,id_test,False,512,42,False,0.9837696069151172,0.9680576507151815,4.123105625617661,1.4916987687786472
jsrt/JPCNN020,jsrt,unet_resnet34_scratch,unet_resnet34,shenzhen,id_test,True,512,42,False,0.9837696069151172,0.9680576507151815,4.123105625617661,1.4916987687786472
montgomery/MCUCXR_0082_0,montgomery,unet_resnet34_scratch,unet_resnet34,shenzhen,id_test,False,512,42,False,0.9881406342475708,0.9765592607948824,2.23606797749979,0.9599268048971699
montgomery/MCUCXR_0082_0,montgomery,unet_resnet34_scratch,unet_resnet34,shenzhen,id_test,True,512,42,False,0.9881406342475708,0.9765592607948824,2.23606797749979,0.9599268048971699
montgomery/MCUCXR_0079_0,montgomery,unet_resnet34_scratch,unet_resnet34,shenzhen,id_test,False,512,42,False,0.986614584766044,0.9735827750572753,4.0,1.1744624589055257
montgomery/MCUCXR_0079_0,montgomery,unet_resnet34_scratch,unet_resnet34,shenzhen,id_test,True,512,42,False,0.986614584766044,0.9735827750572753,4.0,1.1744624589055257
montgomery/MCUCXR_0390_1,montgomery,unet_resnet34_scratch,unet_resnet34,shenzhen,id_test,False,512,42,False,0.9839247006793814,0.9683580550942099,3.1622776601683795,1.2574726825679658
montgomery/MCUCXR_0390_1,montgomery,unet_resnet34_scratch,unet_resnet34,shenzhen,id_test,True,512,42,False,0.9839247006793814,0.9683580550942099,3.1622776601683795,1.2574726825679658
montgomery/MCUCXR_0001_0,montgomery,unet_resnet34_scratch,unet_resnet34,shenzhen,id_test,False,512,42,False,0.9814974216424098,0.9636670956937057,6.0,1.4912099317407395
montgomery/MCUCXR_0001_0,montgomery,unet_resnet34_scratch,unet_resnet34,shenzhen,id_test,True,512,42,False,0.9814974216424098,0.9636670956937057,6.0,1.4912099317407395
montgomery/MCUCXR_0251_1,montgomery,unet_resnet34_scratch,unet_resnet34,shenzhen,id_test,False,512,42,False,0.9242554203361331,0.8591773900686824,25.95958332855947,4.940914116213819
montgomery/MCUCXR_0251_1,montgomery,unet_resnet34_scratch,unet_resnet34,shenzhen,id_test,True,512,42,False,0.9238258682797525,0.8584353043340964,25.974981481471318,5.021151346510077
montgomery/MCUCXR_0173_1,montgomery,unet_resnet34_scratch,unet_resnet34,shenzhen,id_test,False,512,42,False,0.9683396818283666,0.9386225919249397,16.04924225024702,2.817049374703928
montgomery/MCUCXR_0173_1,montgomery,unet_resnet34_scratch,unet_resnet34,shenzhen,id_test,True,512,42,False,0.9686109710315459,0.9391325133643357,14.866068747318506,2.6691221231602493
montgomery/MCUCXR_0348_1,montgomery,unet_resnet34_scratch,unet_resnet34,shenzhen,id_test,False,512,42,False,0.9622895701784188,0.9273199367803115,7.810249675906654,2.2080702576791005
montgomery/MCUCXR_0348_1,montgomery,unet_resnet34_scratch,unet_resnet34,shenzhen,id_test,True,512,42,False,0.9622895701784188,0.9273199367803115,7.810249675906654,2.2080702576791005
montgomery/MCUCXR_0092_0,montgomery,unet_resnet34_scratch,unet_resnet34,shenzhen,id_test,False,512,42,False,0.9820785146723311,0.9647880792654651,4.129082378692736,1.2988017546041615
montgomery/MCUCXR_0092_0,montgomery,unet_resnet34_scratch,unet_resnet34,shenzhen,id_test,True,512,42,False,0.9820785146723311,0.9647880792654651,4.129082378692736,1.2988017546041615
montgomery/MCUCXR_0188_1,montgomery,unet_resnet34_scratch,unet_resnet34,shenzhen,id_test,False,512,42,False,0.9746805489824893,0.9506115855065774,8.54400374531753,2.342709534065308
montgomery/MCUCXR_0188_1,montgomery,unet_resnet34_scratch,unet_resnet34,shenzhen,id_test,True,512,42,False,0.9746805489824893,0.9506115855065774,8.54400374531753,2.342709534065308
montgomery/MCUCXR_0195_1,montgomery,unet_resnet34_scratch,unet_resnet34,shenzhen,id_test,False,512,42,False,0.983434588579047,0.9674090594961362,3.1622776601683795,1.276674693782477
montgomery/MCUCXR_0195_1,montgomery,unet_resnet34_scratch,unet_resnet34,shenzhen,id_test,True,512,42,False,0.983434588579047,0.9674090594961362,3.1622776601683795,1.276674693782477
montgomery/MCUCXR_0100_0,montgomery,unet_resnet34_scratch,unet_resnet34,shenzhen,id_test,False,512,42,False,0.9899884121808852,0.980175301076035,2.0,0.8338022862045062
montgomery/MCUCXR_0100_0,montgomery,unet_resnet34_scratch,unet_resnet34,shenzhen,id_test,True,512,42,False,0.9899884121808852,0.980175301076035,2.0,0.8338022862045062
montgomery/MCUCXR_0194_1,montgomery,unet_resnet34_scratch,unet_resnet34,shenzhen,id_test,False,512,42,False,0.9798948246007824,0.9605821519504605,6.593109348850604,1.5131239144861035
montgomery/MCUCXR_0194_1,montgomery,unet_resnet34_scratch,unet_resnet34,shenzhen,id_test,True,512,42,False,0.9798948246007824,0.9605821519504605,6.593109348850604,1.5131239144861035
montgomery/MCUCXR_0077_0,montgomery,unet_resnet34_scratch,unet_resnet34,shenzhen,id_test,False,512,42,False,0.9766335525395271,0.954334153677878,4.0,1.3538033226419126
montgomery/MCUCXR_0077_0,montgomery,unet_resnet34_scratch,unet_resnet34,shenzhen,id_test,True,512,42,False,0.9766335525395271,0.954334153677878,4.0,1.3538033226419126
montgomery/MCUCXR_0061_0,montgomery,unet_resnet34_scratch,unet_resnet34,shenzhen,id_test,False,512,42,False,0.9800263015394136,0.9608348754664321,2.8284271247461903,1.0149488180807131
montgomery/MCUCXR_0061_0,montgomery,unet_resnet34_scratch,unet_resnet34,shenzhen,id_test,True,512,42,False,0.9800263015394136,0.9608348754664321,2.8284271247461903,1.0149488180807131
montgomery/MCUCXR_0338_1,montgomery,unet_resnet34_scratch,unet_resnet34,shenzhen,id_test,False,512,42,False,0.9835278986941037,0.9675896637305952,5.830951894845301,1.5896551654758697
montgomery/MCUCXR_0338_1,montgomery,unet_resnet34_scratch,unet_resnet34,shenzhen,id_test,True,512,42,False,0.9835278986941037,0.9675896637305952,5.830951894845301,1.5896551654758697
montgomery/MCUCXR_0103_0,montgomery,unet_resnet34_scratch,unet_resnet34,shenzhen,id_test,False,512,42,False,0.9859230653230089,0.9722369492971953,3.0,1.0974666857363755
montgomery/MCUCXR_0103_0,montgomery,unet_resnet34_scratch,unet_resnet34,shenzhen,id_test,True,512,42,False,0.9859230653230089,0.9722369492971953,3.0,1.0974666857363755
montgomery/MCUCXR_0060_0,montgomery,unet_resnet34_scratch,unet_resnet34,shenzhen,id_test,False,512,42,False,0.7053674608443362,0.5448398982033653,123.35303601562788,17.149941122805842
montgomery/MCUCXR_0060_0,montgomery,unet_resnet34_scratch,unet_resnet34,shenzhen,id_test,True,512,42,False,0.7026987060998151,0.541661917246096,125.17978451684998,18.460252686354835
montgomery/MCUCXR_0052_0,montgomery,unet_resnet34_scratch,unet_resnet34,shenzhen,id_test,False,512,42,False,0.9825646647352073,0.965726892588697,4.086173937932368,1.1038678736739742
montgomery/MCUCXR_0052_0,montgomery,unet_resnet34_scratch,unet_resnet34,shenzhen,id_test,True,512,42,False,0.9825646647352073,0.965726892588697,4.086173937932368,1.1038678736739742
montgomery/MCUCXR_0080_0,montgomery,unet_resnet34_scratch,unet_resnet34,shenzhen,id_test,False,512,42,False,0.9746115568193359,0.950480340695256,6.0,1.322888341058754
montgomery/MCUCXR_0080_0,montgomery,unet_resnet34_scratch,unet_resnet34,shenzhen,id_test,True,512,42,False,0.9746115568193359,0.950480340695256,6.0,1.322888341058754
montgomery/MCUCXR_0393_1,montgomery,unet_resnet34_scratch,unet_resnet34,shenzhen,id_test,False,512,42,False,0.9837804209684348,0.9680785937090051,4.0,1.3540920096001297
montgomery/MCUCXR_0393_1,montgomery,unet_resnet34_scratch,unet_resnet34,shenzhen,id_test,True,512,42,False,0.9837804209684348,0.9680785937090051,4.0,1.3540920096001297
montgomery/MCUCXR_0213_1,montgomery,unet_resnet34_scratch,unet_resnet34,shenzhen,id_test,False,512,42,False,0.9843136368090576,0.9691117971857746,3.4725691908752254,1.1631769596457764
montgomery/MCUCXR_0213_1,montgomery,unet_resnet34_scratch,unet_resnet34,shenzhen,id_test,True,512,42,False,0.9843136368090576,0.9691117971857746,3.4725691908752254,1.1631769596457764
shenzhen/CHNCXR_0001_0,shenzhen,unet_resnet34_scratch,unet_resnet34,shenzhen,ood_test,False,512,42,False,0.8701316544495001,0.7701177379436632,54.91812087098393,8.779717677956274
shenzhen/CHNCXR_0001_0,shenzhen,unet_resnet34_scratch,unet_resnet34,shenzhen,ood_test,True,512,42,False,0.8701316544495001,0.7701177379436632,54.91812087098393,8.779717677956274
shenzhen/CHNCXR_0002_0,shenzhen,unet_resnet34_scratch,unet_resnet34,shenzhen,ood_test,False,512,42,False,0.8524445018307248,0.7428350987735682,74.55683743067677,10.987227301069701
shenzhen/CHNCXR_0002_0,shenzhen,unet_resnet34_scratch,unet_resnet34,shenzhen,ood_test,True,512,42,False,0.8524445018307248,0.7428350987735682,74.55683743067677,10.987227301069701
shenzhen/CHNCXR_0003_0,shenzhen,unet_resnet34_scratch,unet_resnet34,shenzhen,ood_test,False,512,42,False,0.9143561802824166,0.8422248288764496,120.30378215168466,12.59468154407842
shenzhen/CHNCXR_0003_0,shenzhen,unet_resnet34_scratch,unet_resnet34,shenzhen,ood_test,True,512,42,False,0.9298471374124011,0.8688918844398149,34.0,4.913650442796621
shenzhen/CHNCXR_0004_0,shenzhen,unet_resnet34_scratch,unet_resnet34,shenzhen,ood_test,False,512,42,False,0.9635384720234444,0.9296422935297212,6.708203932499369,2.546648846216205
shenzhen/CHNCXR_0004_0,shenzhen,unet_resnet34_scratch,unet_resnet34,shenzhen,ood_test,True,512,42,False,0.9635384720234444,0.9296422935297212,6.708203932499369,2.546648846216205
shenzhen/CHNCXR_0005_0,shenzhen,unet_resnet34_scratch,unet_resnet34,shenzhen,ood_test,False,512,42,False,0.9365495461157307,0.880670597012742,58.077534382926416,7.250104501751604
shenzhen/CHNCXR_0005_0,shenzhen,unet_resnet34_scratch,unet_resnet34,shenzhen,ood_test,True,512,42,False,0.9380746096550004,0.8833714855901861,39.46969393192376,5.953593338174222
shenzhen/CHNCXR_0006_0,shenzhen,unet_resnet34_scratch,unet_resnet34,shenzhen,ood_test,False,512,42,False,0.9489180560482441,0.9028012149848127,35.00826149811473,4.340686069116846
shenzhen/CHNCXR_0006_0,shenzhen,unet_resnet34_scratch,unet_resnet34,shenzhen,ood_test,True,512,42,False,0.9489180560482441,0.9028012149848127,35.00826149811473,4.340686069116846
shenzhen/CHNCXR_0007_0,shenzhen,unet_resnet34_scratch,unet_resnet34,shenzhen,ood_test,False,512,42,False,0.8490220123113534,0.737652693094791,79.03467428026718,11.902897116549587
shenzhen/CHNCXR_0007_0,shenzhen,unet_resnet34_scratch,unet_resnet34,shenzhen,ood_test,True,512,42,False,0.8501729451742521,0.7393920169177901,79.03467428026718,11.792711880895261
shenzhen/CHNCXR_0008_0,shenzhen,unet_resnet34_scratch,unet_resnet34,shenzhen,ood_test,False,512,42,False,0.9598649409116489,0.922827216066482,40.459219378024706,3.958370959193544
shenzhen/CHNCXR_0008_0,shenzhen,unet_resnet34_scratch,unet_resnet34,shenzhen,ood_test,True,512,42,False,0.9617375418654217,0.9262952101661779,6.082762530298219,2.4517419074638216
shenzhen/CHNCXR_0009_0,shenzhen,unet_resnet34_scratch,unet_resnet34,shenzhen,ood_test,False,512,42,False,0.9385789063370086,0.8842663029221972,62.6418390534633,6.5471039487540565
shenzhen/CHNCXR_0009_0,shenzhen,unet_resnet34_scratch,unet_resnet34,shenzhen,ood_test,True,512,42,False,0.9386050396770151,0.8843126967471143,64.51356446515724,6.703240956318622
shenzhen/CHNCXR_0010_0,shenzhen,unet_resnet34_scratch,unet_resnet34,shenzhen,ood_test,False,512,42,False,0.9474478792235802,0.9001434328256267,10.0,3.2574253406962224
shenzhen/CHNCXR_0010_0,shenzhen,unet_resnet34_scratch,unet_resnet34,shenzhen,ood_test,True,512,42,False,0.9474478792235802,0.9001434328256267,10.0,3.2574253406962224
shenzhen/CHNCXR_0011_0,shenzhen,unet_resnet34_scratch,unet_resnet34,shenzhen,ood_test,False,512,42,False,0.9528675855547878,0.9099781196818671,42.20189569201838,4.903310951977132
shenzhen/CHNCXR_0011_0,shenzhen,unet_resnet34_scratch,unet_resnet34,shenzhen,ood_test,True,512,42,False,0.9558484199005882,0.9154307076847824,14.439020420918695,3.3572704799310107
shenzhen/CHNCXR_0012_0,shenzhen,unet_resnet34_scratch,unet_resnet34,shenzhen,ood_test,False,512,42,False,0.9408514647935583,0.8883092725140523,67.27527524936283,8.156020897335745
shenzhen/CHNCXR_0012_0,shenzhen,unet_resnet34_scratch,unet_resnet34,shenzhen,ood_test,True,512,42,False,0.9444042390065993,0.8946646755362476,20.22869007918866,4.397802875471359
shenzhen/CHNCXR_0013_0,shenzhen,unet_resnet34_scratch,unet_resnet34,shenzhen,ood_test,False,512,42,False,0.9113965564361848,0.8372163084956818,67.1438350176191,9.556952807858773
shenzhen/CHNCXR_0013_0,shenzhen,unet_resnet34_scratch,unet_resnet34,shenzhen,ood_test,True,512,42,False,0.9187958047866576,0.8497893449306877,44.553338819890925,6.405121955532895
shenzhen/CHNCXR_0014_0,shenzhen,unet_resnet34_scratch,unet_resnet34,shenzhen,ood_test,False,512,42,False,0.9294368643016622,0.8681756669076618,39.81205847478876,6.6195271639793125
shenzhen/CHNCXR_0014_0,shenzhen,unet_resnet34_scratch,unet_resnet34,shenzhen,ood_test,True,512,42,False,0.931257332617471,0.8713578684925389,39.81205847478876,4.979550317883116
shenzhen/CHNCXR_0015_0,shenzhen,unet_resnet34_scratch,unet_resnet34,shenzhen,ood_test,False,512,42,False,0.9250515849160831,0.8605543967836522,132.58382318501526,12.787099848917928
shenzhen/CHNCXR_0015_0,shenzhen,unet_resnet34_scratch,unet_resnet34,shenzhen,ood_test,True,512,42,False,0.9585830695669743,0.9204604242110709,21.519734626051765,3.493037595573706
shenzhen/CHNCXR_0016_0,shenzhen,unet_resnet34_scratch,unet_resnet34,shenzhen,ood_test,False,512,42,False,0.8729659195578754,0.7745692297214466,66.59803699560905,10.655533644864201
shenzhen/CHNCXR_0016_0,shenzhen,unet_resnet34_scratch,unet_resnet34,shenzhen,ood_test,True,512,42,False,0.8734855321518404,0.775387762058974,65.51598401067024,10.388982141814946
shenzhen/CHNCXR_0017_0,shenzhen,unet_resnet34_scratch,unet_resnet34,shenzhen,ood_test,False,512,42,False,0.9657311644821827,0.9337332145357348,7.0710678118654755,2.454069553532564
shenzhen/CHNCXR_0017_0,shenzhen,unet_resnet34_scratch,unet_resnet34,shenzhen,ood_test,True,512,42,False,0.9657311644821827,0.9337332145357348,7.0710678118654755,2.454069553532564
shenzhen/CHNCXR_0018_0,shenzhen,unet_resnet34_scratch,unet_resnet34,shenzhen,ood_test,False,512,42,False,0.9666073664096989,0.9353728050599982,10.770329614269007,2.636553717472055
shenzhen/CHNCXR_0018_0,shenzhen,unet_resnet34_scratch,unet_resnet34,shenzhen,ood_test,True,512,42,False,0.9720642998184444,0.9456469890546237,5.0,2.1141184474719004
shenzhen/CHNCXR_0019_0,shenzhen,unet_resnet34_scratch,unet_resnet34,shenzhen,ood_test,False,512,42,False,0.9611532214401732,0.9252117263843648,8.126641474326403,3.036327992797801
shenzhen/CHNCXR_0019_0,shenzhen,unet_resnet34_scratch,unet_resnet34,shenzhen,ood_test,True,512,42,False,0.9611532214401732,0.9252117263843648,8.126641474326403,3.036327992797801
shenzhen/CHNCXR_0020_0,shenzhen,unet_resnet34_scratch,unet_resnet34,shenzhen,ood_test,False,512,42,False,0.9133840010305294,0.8405766175877848,62.64767745538091,7.776515755345942
shenzhen/CHNCXR_0020_0,shenzhen,unet_resnet34_scratch,unet_resnet34,shenzhen,ood_test,True,512,42,False,0.9133840010305294,0.8405766175877848,62.64767745538091,7.776515755345942
shenzhen/CHNCXR_0021_0,shenzhen,unet_resnet34_scratch,unet_resnet34,shenzhen,ood_test,False,512,42,False,0.9490434156272739,0.9030281837890761,44.40154772009894,5.132047396646083
shenzhen/CHNCXR_0021_0,shenzhen,unet_resnet34_scratch,unet_resnet34,shenzhen,ood_test,True,512,42,False,0.9637198193827667,0.9299799778171499,6.708203932499369,2.8385383217079054
shenzhen/CHNCXR_0022_0,shenzhen,unet_resnet34_scratch,unet_resnet34,shenzhen,ood_test,False,512,42,False,0.8951717243001647,0.810236073776382,41.0,8.55519746222639
shenzhen/CHNCXR_0022_0,shenzhen,unet_resnet34_scratch,unet_resnet34,shenzhen,ood_test,True,512,42,False,0.8957577808346145,0.8111968237472854,34.28651952200816,7.6435729796072005
shenzhen/CHNCXR_0023_0,shenzhen,unet_resnet34_scratch,unet_resnet34,shenzhen,ood_test,False,512,42,False,0.9525395247014932,0.9093799214047069,56.049081904513265,5.6627907686271
shenzhen/CHNCXR_0023_0,shenzhen,unet_resnet34_scratch,unet_resnet34,shenzhen,ood_test,True,512,42,False,0.9567876859228976,0.9171552837442665,14.003566884761817,3.3274759920848966
shenzhen/CHNCXR_0024_0,shenzhen,unet_resnet34_scratch,unet_resnet34,shenzhen,ood_test,False,512,42,False,0.973630488001152,0.9486159483683542,6.0,2.2190306571859866
shenzhen/CHNCXR_0024_0,shenzhen,unet_resnet34_scratch,unet_resnet34,shenzhen,ood_test,True,512,42,False,0.9737872138536354,0.9489135460009246,5.830951894845301,1.815502441955237
shenzhen/CHNCXR_0026_0,shenzhen,unet_resnet34_scratch,unet_resnet34,shenzhen,ood_test,False,512,42,False,0.9689569273970742,0.9397831702131398,5.656854249492381,2.370280404454848
shenzhen/CHNCXR_0026_0,shenzhen,unet_resnet34_scratch,unet_resnet34,shenzhen,ood_test,True,512,42,False,0.9690973826543092,0.9400474558397047,5.385164807134504,2.217924480342214
shenzhen/CHNCXR_0027_0,shenzhen,unet_resnet34_scratch,unet_resnet34,shenzhen,ood_test,False,512,42,False,0.9595114270719023,0.9221739210183606,112.34870868535116,6.383212024164001
shenzhen/CHNCXR_0027_0,shenzhen,unet_resnet34_scratch,unet_resnet34,shenzhen,ood_test,True,512,42,False,0.9662236828197219,0.9346544961052964,6.324555320336759,2.1560862020930425
shenzhen/CHNCXR_0028_0,shenzhen,unet_resnet34_scratch,unet_resnet34,shenzhen,ood_test,False,512,42,False,0.9338413535808711,0.8758934298543022,38.55864508201156,5.513446108019165
shenzhen/CHNCXR_0028_0,shenzhen,unet_resnet34_scratch,unet_resnet34,shenzhen,ood_test,True,512,42,False,0.9338413535808711,0.8758934298543022,38.55864508201156,5.513446108019165
shenzhen/CHNCXR_0029_0,shenzhen,unet_resnet34_scratch,unet_resnet34,shenzhen,ood_test,False,512,42,False,0.888883452392602,0.7999911929191069,149.24357561744674,13.949502713003817
shenzhen/CHNCXR_0029_0,shenzhen,unet_resnet34_scratch,unet_resnet34,shenzhen,ood_test,True,512,42,False,0.8958086785009862,0.8112803108114143,41.256444333097235,6.939390538686749
shenzhen/CHNCXR_0030_0,shenzhen,unet_resnet34_scratch,unet_resnet34,shenzhen,ood_test,False,512,42,False,0.9151150946011922,0.8435135285293628,50.283475515973564,6.8726205802258535
shenzhen/CHNCXR_0030_0,shenzhen,unet_resnet34_scratch,unet_resnet34,shenzhen,ood_test,True,512,42,False,0.9151150946011922,0.8435135285293628,50.283475515973564,6.8726205802258535
shenzhen/CHNCXR_0031_0,shenzhen,unet_resnet34_scratch,unet_resnet34,shenzhen,ood_test,False,512,42,False,0.8670553719315186,0.7653113404224632,109.65568200039306,15.427983573456546
shenzhen/CHNCXR_0031_0,shenzhen,unet_resnet34_scratch,unet_resnet34,shenzhen,ood_test,True,512,42,False,0.8716715700183689,0.772533552161368,75.11532198937023,11.642034681995332
shenzhen/CHNCXR_0032_0,shenzhen,unet_resnet34_scratch,unet_resnet34,shenzhen,ood_test,False,512,42,False,0.9028913428306499,0.8229734921244718,53.0,8.333259840284269
shenzhen/CHNCXR_0032_0,shenzhen,unet_resnet34_scratch,unet_resnet34,shenzhen,ood_test,True,512,42,False,0.9037750814249793,0.8244431102695546,53.0,6.962390528185736
shenzhen/CHNCXR_0033_0,shenzhen,unet_resnet34_scratch,unet_resnet34,shenzhen,ood_test,False,512,42,False,0.9169613871596074,0.8466562284005473,63.4017353249063,6.815439428561246
shenzhen/CHNCXR_0033_0,shenzhen,unet_resnet34_scratch,unet_resnet34,shenzhen,ood_test,True,512,42,False,0.9177956512431573,0.8480798033176025,63.4017353249063,6.663821621152862
shenzhen/CHNCXR_0034_0,shenzhen,unet_resnet34_scratch,unet_resnet34,shenzhen,ood_test,False,512,42,False,0.8540722486025125,0.7453107297217909,62.470784118332965,11.476253527491467
shenzhen/CHNCXR_0034_0,shenzhen,unet_resnet34_scratch,unet_resnet34,shenzhen,ood_test,True,512,42,False,0.8601314785893291,0.7545883252612796,63.79512583289153,9.019602803282158
shenzhen/CHNCXR_0035_0,shenzhen,unet_resnet34_scratch,unet_resnet34,shenzhen,ood_test,False,512,42,False,0.8909385492308893,0.8033265862888321,106.52605164590906,13.257183344484584
shenzhen/CHNCXR_0035_0,shenzhen,unet_resnet34_scratch,unet_resnet34,shenzhen,ood_test,True,512,42,False,0.8946233608405042,0.8093380384090224,76.5574889082252,8.422967984363444
shenzhen/CHNCXR_0041_0,shenzhen,unet_resnet34_scratch,unet_resnet34,shenzhen,ood_test,False,512,42,False,0.9659995791478853,0.9342351895290426,9.523035462634201,3.0506171018173354
shenzhen/CHNCXR_0041_0,shenzhen,unet_resnet34_scratch,unet_resnet34,shenzhen,ood_test,True,512,42,False,0.9659995791478853,0.9342351895290426,9.523035462634201,3.0506171018173354
shenzhen/CHNCXR_0042_0,shenzhen,unet_resnet34_scratch,unet_resnet34,shenzhen,ood_test,False,512,42,False,0.9502898174582576,0.9052877958726182,12.060247706453312,4.143645637087734
shenzhen/CHNCXR_0042_0,shenzhen,unet_resnet34_scratch,unet_resnet34,shenzhen,ood_test,True,512,42,False,0.9538215730883451,0.9117197875166002,7.615773105863909,3.2494397621774334
shenzhen/CHNCXR_0043_0,shenzhen,unet_resnet34_scratch,unet_resnet34,shenzhen,ood_test,False,512,42,False,0.8553545469229527,0.7472659281732872,55.212763909796855,12.062208306514078
shenzhen/CHNCXR_0043_0,shenzhen,unet_resnet34_scratch,unet_resnet34,shenzhen,ood_test,True,512,42,False,0.8579181855002025,0.7511880275196823,55.212763909796855,10.110102192078477
shenzhen/CHNCXR_0044_0,shenzhen,unet_resnet34_scratch,unet_resnet34,shenzhen,ood_test,False,512,42,False,0.9084181433073307,0.8322034098841681,82.34186583756477,9.507399699075549
shenzhen/CHNCXR_0044_0,shenzhen,unet_resnet34_scratch,unet_resnet34,shenzhen,ood_test,True,512,42,False,0.910428828455674,0.8355845420958219,64.41077130505671,7.285860779408984
shenzhen/CHNCXR_0045_0,shenzhen,unet_resnet34_scratch,unet_resnet34,shenzhen,ood_test,False,512,42,False,0.9506984771100072,0.9060298268619563,10.0,2.9978962557985596
shenzhen/CHNCXR_0045_0,shenzhen,unet_resnet34_scratch,unet_resnet34,shenzhen,ood_test,True,512,42,False,0.9506984771100072,0.9060298268619563,10.0,2.9978962557985596
shenzhen/CHNCXR_0046_0,shenzhen,unet_resnet34_scratch,unet_resnet34,shenzhen,ood_test,False,512,42,False,0.933289268034068,0.8749225446659094,48.723684913522156,5.6478403824259695
shenzhen/CHNCXR_0046_0,shenzhen,unet_resnet34_scratch,unet_resnet34,shenzhen,ood_test,True,512,42,False,0.933289268034068,0.8749225446659094,48.723684913522156,5.6478403824259695
shenzhen/CHNCXR_0047_0,shenzhen,unet_resnet34_scratch,unet_resnet34,shenzhen,ood_test,False,512,42,False,0.9343001462790272,0.8767010176616302,43.6503379717604,6.132470256171535
shenzhen/CHNCXR_0047_0,shenzhen,unet_resnet34_scratch,unet_resnet34,shenzhen,ood_test,True,512,42,False,0.9343001462790272,0.8767010176616302,43.6503379717604,6.132470256171535
shenzhen/CHNCXR_0048_0,shenzhen,unet_resnet34_scratch,unet_resnet34,shenzhen,ood_test,False,512,42,False,0.9497743079733594,0.9043525741029641,113.53919813478281,7.334447133046692
shenzhen/CHNCXR_0048_0,shenzhen,unet_resnet34_scratch,unet_resnet34,shenzhen,ood_test,True,512,42,False,0.9520126127013845,0.908419914437497,13.601470508735444,3.7375066950718807
shenzhen/CHNCXR_0049_0,shenzhen,unet_resnet34_scratch,unet_resnet34,shenzhen,ood_test,False,512,42,False,0.913712023447582,0.8411324097938144,130.4067478244371,14.620010336392545
shenzhen/CHNCXR_0049_0,shenzhen,unet_resnet34_scratch,unet_resnet34,shenzhen,ood_test,True,512,42,False,0.9281254860139083,0.8658900588674239,20.914365781842363,4.750758372917306
shenzhen/CHNCXR_0050_0,shenzhen,unet_resnet34_scratch,unet_resnet34,shenzhen,ood_test,False,512,42,False,0.908574711303899,0.8324662445648028,75.58736659766885,9.859229027957056
shenzhen/CHNCXR_0050_0,shenzhen,unet_resnet34_scratch,unet_resnet34,shenzhen,ood_test,True,512,42,False,0.9088092739719182,0.832860152028574,64.69433745713405,8.057690253846527
shenzhen/CHNCXR_0051_0,shenzhen,unet_resnet34_scratch,unet_resnet34,shenzhen,ood_test,False,512,42,False,0.8989373201842643,0.8164270178830353,132.60844618650805,18.777639988694155
shenzhen/CHNCXR_0051_0,shenzhen,unet_resnet34_scratch,unet_resnet34,shenzhen,ood_test,True,512,42,False,0.95747903178666,0.9184266417466656,7.0,2.8789202204899538
shenzhen/CHNCXR_0052_0,shenzhen,unet_resnet34_scratch,unet_resnet34,shenzhen,ood_test,False,512,42,False,0.9497544878753675,0.9043166354065414,20.049691346263273,5.076549801271241
shenzhen/CHNCXR_0052_0,shenzhen,unet_resnet34_scratch,unet_resnet34,shenzhen,ood_test,True,512,42,False,0.9513275292186049,0.907173169626303,13.0,3.8758148567904103
shenzhen/CHNCXR_0053_0,shenzhen,unet_resnet34_scratch,unet_resnet34,shenzhen,ood_test,False,512,42,False,0.9615864305313045,0.9260148931059332,7.280109889280518,2.8239298851447416
shenzhen/CHNCXR_0053_0,shenzhen,unet_resnet34_scratch,unet_resnet34,shenzhen,ood_test,True,512,42,False,0.9615864305313045,0.9260148931059332,7.280109889280518,2.8239298851447416
shenzhen/CHNCXR_0054_0,shenzhen,unet_resnet34_scratch,unet_resnet34,shenzhen,ood_test,False,512,42,False,0.930814532323113,0.8705828506494532,126.64280024797057,15.170279472920491
shenzhen/CHNCXR_0054_0,shenzhen,unet_resnet34_scratch,unet_resnet34,shenzhen,ood_test,True,512,42,False,0.9440850277264325,0.8940919037199124,46.95742752749558,5.673778216213618
shenzhen/CHNCXR_0055_0,shenzhen,unet_resnet34_scratch,unet_resnet34,shenzhen,ood_test,False,512,42,False,0.9574135730288937,0.9183061933870995,11.125786978332869,3.082570523604219
shenzhen/CHNCXR_0055_0,shenzhen,unet_resnet34_scratch,unet_resnet34,shenzhen,ood_test,True,512,42,False,0.9574135730288937,0.9183061933870995,11.125786978332869,3.082570523604219
shenzhen/CHNCXR_0056_0,shenzhen,unet_resnet34_scratch,unet_resnet34,shenzhen,ood_test,False,512,42,False,0.947167281260476,0.8996370120359167,10.0,3.806537246558886
shenzhen/CHNCXR_0056_0,shenzhen,unet_resnet34_scratch,unet_resnet34,shenzhen,ood_test,True,512,42,False,0.9480889903023388,0.9013015184381779,8.246211251235321,3.165810302268555
shenzhen/CHNCXR_0057_0,shenzhen,unet_resnet34_scratch,unet_resnet34,shenzhen,ood_test,False,512,42,False,0.9680346503606146,0.9380495679422657,5.385164807134504,2.9466136366597415
shenzhen/CHNCXR_0057_0,shenzhen,unet_resnet34_scratch,unet_resnet34,shenzhen,ood_test,True,512,42,False,0.9682908420815323,0.9385308200957665,4.47213595499958,2.0701350121115683
shenzhen/CHNCXR_0058_0,shenzhen,unet_resnet34_scratch,unet_resnet34,shenzhen,ood_test,False,512,42,False,0.9382075059595871,0.8836072125443731,153.9123062165525,14.08963366777335
shenzhen/CHNCXR_0058_0,shenzhen,unet_resnet34_scratch,unet_resnet34,shenzhen,ood_test,True,512,42,False,0.9489137706863252,0.9027934571133476,32.20792637957327,4.104838909487807
shenzhen/CHNCXR_0059_0,shenzhen,unet_resnet34_scratch,unet_resnet34,shenzhen,ood_test,False,512,42,False,0.8538871310129371,0.7450288310326751,77.98973683766016,14.74691709092219
shenzhen/CHNCXR_0059_0,shenzhen,unet_resnet34_scratch,unet_resnet34,shenzhen,ood_test,True,512,42,False,0.8679314415991533,0.7666774553170065,64.51342748048226,10.883789329619672
shenzhen/CHNCXR_0060_0,shenzhen,unet_resnet34_scratch,unet_resnet34,shenzhen,ood_test,False,512,42,False,0.9067233081699628,0.8293630651287347,119.13039965029907,12.813309634995491
shenzhen/CHNCXR_0060_0,shenzhen,unet_resnet34_scratch,unet_resnet34,shenzhen,ood_test,True,512,42,False,0.911704154080003,0.8377355821929917,70.0,7.645624003173087
shenzhen/CHNCXR_0061_0,shenzhen,unet_resnet34_scratch,unet_resnet34,shenzhen,ood_test,False,512,42,False,0.9093053892215569,0.8336938499884707,114.12532194614047,11.970591678886839
shenzhen/CHNCXR_0061_0,shenzhen,unet_resnet34_scratch,unet_resnet34,shenzhen,ood_test,True,512,42,False,0.9153786801051287,0.8439615405991219,47.12748667179272,7.117264264365356
shenzhen/CHNCXR_0062_0,shenzhen,unet_resnet34_scratch,unet_resnet34,shenzhen,ood_test,False,512,42,False,0.772126716698451,0.6288325735228391,162.03298539276068,28.89253246909571
shenzhen/CHNCXR_0062_0,shenzhen,unet_resnet34_scratch,unet_resnet34,shenzhen,ood_test,True,512,42,False,0.9123375833866955,0.8388058366744667,61.38454955317629,7.684699020812253
shenzhen/CHNCXR_0063_0,shenzhen,unet_resnet34_scratch,unet_resnet34,shenzhen,ood_test,False,512,42,False,0.9736413135378268,0.948636501430059,7.0,3.8142317527988725
shenzhen/CHNCXR_0063_0,shenzhen,unet_resnet34_scratch,unet_resnet34,shenzhen,ood_test,True,512,42,False,0.9750658745910357,0.9513449210230652,6.324555320336759,1.9900935108491886
shenzhen/CHNCXR_0064_0,shenzhen,unet_resnet34_scratch,unet_resnet34,shenzhen,ood_test,False,512,42,False,0.968867820930488,0.9396155416319069,11.180339887498949,2.1523894182278562
shenzhen/CHNCXR_0064_0,shenzhen,unet_resnet34_scratch,unet_resnet34,shenzhen,ood_test,True,512,42,False,0.9723291118315318,0.9461483467381591,5.0,1.8149790381358721
shenzhen/CHNCXR_0066_0,shenzhen,unet_resnet34_scratch,unet_resnet34,shenzhen,ood_test,False,512,42,False,0.8546937932458949,0.7462578899909829,176.64937022248338,28.668186829749132
shenzhen/CHNCXR_0066_0,shenzhen,unet_resnet34_scratch,unet_resnet34,shenzhen,ood_test,True,512,42,False,0.8670104412808902,0.765241333963466,124.93261838873846,17.370975562732905
shenzhen/CHNCXR_0067_0,shenzhen,unet_resnet34_scratch,unet_resnet34,shenzhen,ood_test,False,512,42,False,0.9587961679911915,0.9208534760589319,67.33046065416279,6.622327939787257
shenzhen/CHNCXR_0067_0,shenzhen,unet_resnet34_scratch,unet_resnet34,shenzhen,ood_test,True,512,42,False,0.9656020397386962,0.9334918250368275,7.615773105863909,2.5134807037090687
shenzhen/CHNCXR_0068_0,shenzhen,unet_resnet34_scratch,unet_resnet34,shenzhen,ood_test,False,512,42,False,0.9549500787721215,0.9137841737264623,11.40175425099138,3.167808989604302
shenzhen/CHNCXR_0068_0,shenzhen,unet_resnet34_scratch,unet_resnet34,shenzhen,ood_test,True,512,42,False,0.9549500787721215,0.9137841737264623,11.40175425099138,3.167808989604302
shenzhen/CHNCXR_0069_0,shenzhen,unet_resnet34_scratch,unet_resnet34,shenzhen,ood_test,False,512,42,False,0.962395092334536,0.927515941014442,7.615773105863909,2.75677563037404
shenzhen/CHNCXR_0069_0,shenzhen,unet_resnet34_scratch,unet_resnet34,shenzhen,ood_test,True,512,42,False,0.962395092334536,0.927515941014442,7.615773105863909,2.75677563037404
shenzhen/CHNCXR_0070_0,shenzhen,unet_resnet34_scratch,unet_resnet34,shenzhen,ood_test,False,512,42,False,0.9388506890772228,0.8847489033007021,59.413803110051795,5.938405336770465
shenzhen/CHNCXR_0070_0,shenzhen,unet_resnet34_scratch,unet_resnet34,shenzhen,ood_test,True,512,42,False,0.9388506890772228,0.8847489033007021,59.413803110051795,5.938405336770465
shenzhen/CHNCXR_0071_0,shenzhen,unet_resnet34_scratch,unet_resnet34,shenzhen,ood_test,False,512,42,False,0.8963239856978221,0.8121259990093576,100.56838469419701,13.403336803373247
shenzhen/CHNCXR_0071_0,shenzhen,unet_resnet34_scratch,unet_resnet34,shenzhen,ood_test,True,512,42,False,0.8963239856978221,0.8121259990093576,100.56838469419701,13.403336803373247
shenzhen/CHNCXR_0072_0,shenzhen,unet_resnet34_scratch,unet_resnet34,shenzhen,ood_test,False,512,42,False,0.9299142817550134,0.8690091512296194,64.62661979118128,6.094781100166858
shenzhen/CHNCXR_0072_0,shenzhen,unet_resnet34_scratch,unet_resnet34,shenzhen,ood_test,True,512,42,False,0.9299142817550134,0.8690091512296194,64.62661979118128,6.094781100166858
shenzhen/CHNCXR_0073_0,shenzhen,unet_resnet34_scratch,unet_resnet34,shenzhen,ood_test,False,512,42,False,0.8433024927809535,0.7290605257794986,128.77593136962713,17.941862554293618
shenzhen/CHNCXR_0073_0,shenzhen,unet_resnet34_scratch,unet_resnet34,shenzhen,ood_test,True,512,42,False,0.8761224489795918,0.7795532958053386,80.0843245283545,8.667505749733156
shenzhen/CHNCXR_0074_0,shenzhen,unet_resnet34_scratch,unet_resnet34,shenzhen,ood_test,False,512,42,False,0.6869820221853883,0.5232083899786366,70.96575335986658,13.992145194037471
shenzhen/CHNCXR_0074_0,shenzhen,unet_resnet34_scratch,unet_resnet34,shenzhen,ood_test,True,512,42,False,0.6200469956361195,0.4493247187950025,153.68573972671268,28.593002154977015
shenzhen/CHNCXR_0075_0,shenzhen,unet_resnet34_scratch,unet_resnet34,shenzhen,ood_test,False,512,42,False,0.7093319498614984,0.5495851158517328,101.78359659766701,22.77038083393658
shenzhen/CHNCXR_0075_0,shenzhen,unet_resnet34_scratch,unet_resnet34,shenzhen,ood_test,True,512,42,False,0.711031453432761,0.551628242074928,87.41279518078368,20.848824257635187
shenzhen/CHNCXR_0076_0,shenzhen,unet_resnet34_scratch,unet_resnet34,shenzhen,ood_test,False,512,42,False,0.7898067637954168,0.6526286382763257,65.51028792679958,14.443753769175988
shenzhen/CHNCXR_0076_0,shenzhen,unet_resnet34_scratch,unet_resnet34,shenzhen,ood_test,True,512,42,False,0.7915043198373708,0.6549500613281934,65.51028792679958,13.008439156496935
shenzhen/CHNCXR_0077_0,shenzhen,unet_resnet34_scratch,unet_resnet34,shenzhen,ood_test,False,512,42,False,0.967622589994955,0.9372760200072824,8.018677324489563,5.267037315672328
shenzhen/CHNCXR_0077_0,shenzhen,unet_resnet34_scratch,unet_resnet34,shenzhen,ood_test,True,512,42,False,0.9690701222532644,0.9399961560638094,6.0,2.0748677362084855
shenzhen/CHNCXR_0078_0,shenzhen,unet_resnet34_scratch,unet_resnet34,shenzhen,ood_test,False,512,42,False,0.9306890736924031,0.8703633814966574,60.252780401645076,7.6287130534837795
shenzhen/CHNCXR_0078_0,shenzhen,unet_resnet34_scratch,unet_resnet34,shenzhen,ood_test,True,512,42,False,0.9309104538934501,0.8707506843404037,53.71344685527149,6.928839467117125
shenzhen/CHNCXR_0079_0,shenzhen,unet_resnet34_scratch,unet_resnet34,shenzhen,ood_test,False,512,42,False,0.9709602457929787,0.9435595095557812,7.615773105863909,2.2188803691271906
shenzhen/CHNCXR_0079_0,shenzhen,unet_resnet34_scratch,unet_resnet34,shenzhen,ood_test,True,512,42,False,0.9709602457929787,0.9435595095557812,7.615773105863909,2.2188803691271906
shenzhen/CHNCXR_0080_0,shenzhen,unet_resnet34_scratch,unet_resnet34,shenzhen,ood_test,False,512,42,False,0.9042285885089252,0.8251981928224362,55.552174698364894,7.851174001993269
shenzhen/CHNCXR_0080_0,shenzhen,unet_resnet34_scratch,unet_resnet34,shenzhen,ood_test,True,512,42,False,0.904456694384752,0.8255782220099611,52.57363343685236,7.2538283275855955
shenzhen/CHNCXR_0081_0,shenzhen,unet_resnet34_scratch,unet_resnet34,shenzhen,ood_test,False,512,42,False,0.9736085083018012,0.948574219658557,5.898571136907157,2.1222874728021224
shenzhen/CHNCXR_0081_0,shenzhen,unet_resnet34_scratch,unet_resnet34,shenzhen,ood_test,True,512,42,False,0.9736085083018012,0.948574219658557,5.898571136907157,2.1222874728021224
shenzhen/CHNCXR_0082_0,shenzhen,unet_resnet34_scratch,unet_resnet34,shenzhen,ood_test,False,512,42,False,0.9257861832558066,0.8618267320948709,32.28002478313795,6.372610557479658
shenzhen/CHNCXR_0082_0,shenzhen,unet_resnet34_scratch,unet_resnet34,shenzhen,ood_test,True,512,42,False,0.9262003044904493,0.8625447635752393,30.59411708155671,5.266234609356515
shenzhen/CHNCXR_0083_0,shenzhen,unet_resnet34_scratch,unet_resnet34,shenzhen,ood_test,False,512,42,False,0.9299597729237942,0.8690886093739021,57.97141080307214,7.275673968550883
shenzhen/CHNCXR_0083_0,shenzhen,unet_resnet34_scratch,unet_resnet34,shenzhen,ood_test,True,512,42,False,0.9312376470588235,0.8713233999084152,59.0,7.129558076300582
shenzhen/CHNCXR_0084_0,shenzhen,unet_resnet34_scratch,unet_resnet34,shenzhen,ood_test,False,512,42,False,0.9724992444847386,0.9464705882352941,8.0,2.1983061204023038
shenzhen/CHNCXR_0084_0,shenzhen,unet_resnet34_scratch,unet_resnet34,shenzhen,ood_test,True,512,42,False,0.9724992444847386,0.9464705882352941,8.0,2.1983061204023038
shenzhen/CHNCXR_0085_0,shenzhen,unet_resnet34_scratch,unet_resnet34,shenzhen,ood_test,False,512,42,False,0.9655927431967469,0.9334744481403084,6.0,2.4046453020374807
shenzhen/CHNCXR_0085_0,shenzhen,unet_resnet34_scratch,unet_resnet34,shenzhen,ood_test,True,512,42,False,0.9655927431967469,0.9334744481403084,6.0,2.4046453020374807
shenzhen/CHNCXR_0086_0,shenzhen,unet_resnet34_scratch,unet_resnet34,shenzhen,ood_test,False,512,42,False,0.9256751599995638,0.8616343265405537,154.30489298787643,18.411166003172365
shenzhen/CHNCXR_0086_0,shenzhen,unet_resnet34_scratch,unet_resnet34,shenzhen,ood_test,True,512,42,False,0.9515601183538062,0.9075962628011888,9.219544457292887,3.0396135444354426
shenzhen/CHNCXR_0087_0,shenzhen,unet_resnet34_scratch,unet_resnet34,shenzhen,ood_test,False,512,42,False,0.9758695031039767,0.9528761286395455,5.830951894845301,2.036151745774284
shenzhen/CHNCXR_0087_0,shenzhen,unet_resnet34_scratch,unet_resnet34,shenzhen,ood_test,True,512,42,False,0.9758695031039767,0.9528761286395455,5.830951894845301,2.036151745774284
shenzhen/CHNCXR_0088_0,shenzhen,unet_resnet34_scratch,unet_resnet34,shenzhen,ood_test,False,512,42,False,0.970832846970935,0.9433189196852626,7.280109889280518,2.2785927210965364
shenzhen/CHNCXR_0088_0,shenzhen,unet_resnet34_scratch,unet_resnet34,shenzhen,ood_test,True,512,42,False,0.970832846970935,0.9433189196852626,7.280109889280518,2.2785927210965364
shenzhen/CHNCXR_0089_0,shenzhen,unet_resnet34_scratch,unet_resnet34,shenzhen,ood_test,False,512,42,False,0.9539728943775503,0.9119963423986786,12.041594578792296,3.3602334695474414
shenzhen/CHNCXR_0089_0,shenzhen,unet_resnet34_scratch,unet_resnet34,shenzhen,ood_test,True,512,42,False,0.9539728943775503,0.9119963423986786,12.041594578792296,3.3602334695474414
shenzhen/CHNCXR_0090_0,shenzhen,unet_resnet34_scratch,unet_resnet34,shenzhen,ood_test,False,512,42,False,0.965595964513232,0.9334804693205239,6.0,2.5451482316013587
shenzhen/CHNCXR_0090_0,shenzhen,unet_resnet34_scratch,unet_resnet34,shenzhen,ood_test,True,512,42,False,0.965595964513232,0.9334804693205239,6.0,2.5451482316013587
shenzhen/CHNCXR_0091_0,shenzhen,unet_resnet34_scratch,unet_resnet34,shenzhen,ood_test,False,512,42,False,0.9727327603552847,0.9469130551575932,8.494089729900406,2.421324925111951
shenzhen/CHNCXR_0091_0,shenzhen,unet_resnet34_scratch,unet_resnet34,shenzhen,ood_test,True,512,42,False,0.9727327603552847,0.9469130551575932,8.494089729900406,2.421324925111951
shenzhen/CHNCXR_0092_0,shenzhen,unet_resnet34_scratch,unet_resnet34,shenzhen,ood_test,False,512,42,False,0.9639075293972789,0.9303296344162693,8.70490925992957,2.6362915685260244
shenzhen/CHNCXR_0092_0,shenzhen,unet_resnet34_scratch,unet_resnet34,shenzhen,ood_test,True,512,42,False,0.9639075293972789,0.9303296344162693,8.70490925992957,2.6362915685260244
shenzhen/CHNCXR_0093_0,shenzhen,unet_resnet34_scratch,unet_resnet34,shenzhen,ood_test,False,512,42,False,0.9732801445130213,0.9479510299831391,7.0,2.8055031832086113
shenzhen/CHNCXR_0093_0,shenzhen,unet_resnet34_scratch,unet_resnet34,shenzhen,ood_test,True,512,42,False,0.9739032197326304,0.9491338813857898,5.830951894845301,2.1616065794850217
shenzhen/CHNCXR_0094_0,shenzhen,unet_resnet34_scratch,unet_resnet34,shenzhen,ood_test,False,512,42,False,0.9588559227655702,0.9209637203263548,79.22752047110903,7.682745303463347
shenzhen/CHNCXR_0094_0,shenzhen,unet_resnet34_scratch,unet_resnet34,shenzhen,ood_test,True,512,42,False,0.9717225651283887,0.9450003784724851,5.385164807134504,2.139530091888192
shenzhen/CHNCXR_0095_0,shenzhen,unet_resnet34_scratch,unet_resnet34,shenzhen,ood_test,False,512,42,False,0.9573127196836555,0.9181206462911997,42.566668389998576,5.714299442098018
shenzhen/CHNCXR_0095_0,shenzhen,unet_resnet34_scratch,unet_resnet34,shenzhen,ood_test,True,512,42,False,0.9588003135356646,0.9208611239516609,12.649110640673518,3.5375369592389494
shenzhen/CHNCXR_0096_0,shenzhen,unet_resnet34_scratch,unet_resnet34,shenzhen,ood_test,False,512,42,False,0.970466276349503,0.9426269912834385,6.4031242374328485,2.4803548215057267
shenzhen/CHNCXR_0096_0,shenzhen,unet_resnet34_scratch,unet_resnet34,shenzhen,ood_test,True,512,42,False,0.970466276349503,0.9426269912834385,6.4031242374328485,2.4803548215057267
shenzhen/CHNCXR_0097_0,shenzhen,unet_resnet34_scratch,unet_resnet34,shenzhen,ood_test,False,512,42,False,0.9664501598855856,0.935078428127471,10.44030650891055,3.3482578523099225
shenzhen/CHNCXR_0097_0,shenzhen,unet_resnet34_scratch,unet_resnet34,shenzhen,ood_test,True,512,42,False,0.9664501598855856,0.935078428127471,10.44030650891055,3.3482578523099225
shenzhen/CHNCXR_0098_0,shenzhen,unet_resnet34_scratch,unet_resnet34,shenzhen,ood_test,False,512,42,False,0.9337172998235306,0.8756751841411294,52.56083057453163,5.886518618849506
shenzhen/CHNCXR_0098_0,shenzhen,unet_resnet34_scratch,unet_resnet34,shenzhen,ood_test,True,512,42,False,0.9337172998235306,0.8756751841411294,52.56083057453163,5.886518618849506
shenzhen/CHNCXR_0099_0,shenzhen,unet_resnet34_scratch,unet_resnet34,shenzhen,ood_test,False,512,42,False,0.9292955603232594,0.867929118332437,120.26054920445624,14.931372458411316
shenzhen/CHNCXR_0099_0,shenzhen,unet_resnet34_scratch,unet_resnet34,shenzhen,ood_test,True,512,42,False,0.9627946283368723,0.928258428504916,10.41607976073802,3.0851464253399157
shenzhen/CHNCXR_0100_0,shenzhen,unet_resnet34_scratch,unet_resnet34,shenzhen,ood_test,False,512,42,False,0.9510966590155573,0.9067533888517415,10.0,3.900298830604592
shenzhen/CHNCXR_0100_0,shenzhen,unet_resnet34_scratch,unet_resnet34,shenzhen,ood_test,True,512,42,False,0.9510966590155573,0.9067533888517415,10.0,3.900298830604592
shenzhen/CHNCXR_0101_0,shenzhen,unet_resnet34_scratch,unet_resnet34,shenzhen,ood_test,False,512,42,False,0.9485305834414623,0.9021000216497077,67.35260198086105,7.365131281703926
shenzhen/CHNCXR_0101_0,shenzhen,unet_resnet34_scratch,unet_resnet34,shenzhen,ood_test,True,512,42,False,0.9563753767998409,0.9163978652278458,11.40175425099138,3.2924334999847598
shenzhen/CHNCXR_0102_0,shenzhen,unet_resnet34_scratch,unet_resnet34,shenzhen,ood_test,False,512,42,False,0.9341271161073602,0.8763963604138844,55.97320787662612,7.041496960686944
shenzhen/CHNCXR_0102_0,shenzhen,unet_resnet34_scratch,unet_resnet34,shenzhen,ood_test,True,512,42,False,0.9354213432627042,0.8786775287507352,34.68427840887324,5.5483148061598
shenzhen/CHNCXR_0103_0,shenzhen,unet_resnet34_scratch,unet_resnet34,shenzhen,ood_test,False,512,42,False,0.9443223037177995,0.894517623175555,67.02197263643166,7.742594918110574
shenzhen/CHNCXR_0103_0,shenzhen,unet_resnet34_scratch,unet_resnet34,shenzhen,ood_test,True,512,42,False,0.9604399458836499,0.9238907767575254,14.7648230602334,3.5235117044226243
shenzhen/CHNCXR_0104_0,shenzhen,unet_resnet34_scratch,unet_resnet34,shenzhen,ood_test,False,512,42,False,0.9384531106570726,0.8840430131522058,34.619408332927414,4.496700496116695
shenzhen/CHNCXR_0104_0,shenzhen,unet_resnet34_scratch,unet_resnet34,shenzhen,ood_test,True,512,42,False,0.9384531106570726,0.8840430131522058,34.619408332927414,4.496700496116695
shenzhen/CHNCXR_0105_0,shenzhen,unet_resnet34_scratch,unet_resnet34,shenzhen,ood_test,False,512,42,False,0.9407695297318306,0.8881632054010421,32.0,5.417440352944455
shenzhen/CHNCXR_0105_0,shenzhen,unet_resnet34_scratch,unet_resnet34,shenzhen,ood_test,True,512,42,False,0.9494112755826449,0.9036945224299624,13.0,3.8818215101289852
shenzhen/CHNCXR_0106_0,shenzhen,unet_resnet34_scratch,unet_resnet34,shenzhen,ood_test,False,512,42,False,0.9540239787493718,0.9120897222946724,10.21267769425577,3.7836373030163926
shenzhen/CHNCXR_0106_0,shenzhen,unet_resnet34_scratch,unet_resnet34,shenzhen,ood_test,True,512,42,False,0.9542226466850016,0.9124529649262545,9.433981132056603,3.5818986970964324
shenzhen/CHNCXR_0107_0,shenzhen,unet_resnet34_scratch,unet_resnet34,shenzhen,ood_test,False,512,42,False,0.962313544056089,0.9273644640381661,7.790802018902353,3.0157577257956993
shenzhen/CHNCXR_0107_0,shenzhen,unet_resnet34_scratch,unet_resnet34,shenzhen,ood_test,True,512,42,False,0.962313544056089,0.9273644640381661,7.790802018902353,3.0157577257956993
shenzhen/CHNCXR_0108_0,shenzhen,unet_resnet34_scratch,unet_resnet34,shenzhen,ood_test,False,512,42,False,0.9438388896579535,0.8936504861008218,47.58655312008005,5.641415503365561
shenzhen/CHNCXR_0108_0,shenzhen,unet_resnet34_scratch,unet_resnet34,shenzhen,ood_test,True,512,42,False,0.9438388896579535,0.8936504861008218,47.58655312008005,5.641415503365561
shenzhen/CHNCXR_0109_0,shenzhen,unet_resnet34_scratch,unet_resnet34,shenzhen,ood_test,False,512,42,False,0.9625520930828267,0.9278076389812159,7.0,2.5530223261221585
shenzhen/CHNCXR_0109_0,shenzhen,unet_resnet34_scratch,unet_resnet34,shenzhen,ood_test,True,512,42,False,0.9625520930828267,0.9278076389812159,7.0,2.5530223261221585
shenzhen/CHNCXR_0110_0,shenzhen,unet_resnet34_scratch,unet_resnet34,shenzhen,ood_test,False,512,42,False,0.9690786235288853,0.940012153832798,8.974922359499619,3.915374950542835
shenzhen/CHNCXR_0110_0,shenzhen,unet_resnet34_scratch,unet_resnet34,shenzhen,ood_test,True,512,42,False,0.9702074279826173,0.9421386931175498,6.0,2.137873972270603
shenzhen/CHNCXR_0111_0,shenzhen,unet_resnet34_scratch,unet_resnet34,shenzhen,ood_test,False,512,42,False,0.9751470205211861,0.951499424841497,5.0,1.9848339077047963
shenzhen/CHNCXR_0111_0,shenzhen,unet_resnet34_scratch,unet_resnet34,shenzhen,ood_test,True,512,42,False,0.9751470205211861,0.951499424841497,5.0,1.9848339077047963
shenzhen/CHNCXR_0112_0,shenzhen,unet_resnet34_scratch,unet_resnet34,shenzhen,ood_test,False,512,42,False,0.9546278077574955,0.9131941856131196,16.492422502470642,4.009621147171795
shenzhen/CHNCXR_0112_0,shenzhen,unet_resnet34_scratch,unet_resnet34,shenzhen,ood_test,True,512,42,False,0.9546278077574955,0.9131941856131196,16.492422502470642,4.009621147171795
shenzhen/CHNCXR_0113_0,shenzhen,unet_resnet34_scratch,unet_resnet34,shenzhen,ood_test,False,512,42,False,0.9623570419937155,0.9274452590540176,9.219544457292887,3.199425564894766
shenzhen/CHNCXR_0113_0,shenzhen,unet_resnet34_scratch,unet_resnet34,shenzhen,ood_test,True,512,42,False,0.9623570419937155,0.9274452590540176,9.219544457292887,3.199425564894766
shenzhen/CHNCXR_0114_0,shenzhen,unet_resnet34_scratch,unet_resnet34,shenzhen,ood_test,False,512,42,False,0.8560460038549823,0.7483220538061413,141.02038834333172,24.24601790893185
shenzhen/CHNCXR_0114_0,shenzhen,unet_resnet34_scratch,unet_resnet34,shenzhen,ood_test,True,512,42,False,0.9318799192031761,0.872448646886208,43.12953736884333,6.115948230448027
shenzhen/CHNCXR_0115_0,shenzhen,unet_resnet34_scratch,unet_resnet34,shenzhen,ood_test,False,512,42,False,0.8817034392618169,0.7884343654600959,40.37237735171948,7.6769618304437675
shenzhen/CHNCXR_0115_0,shenzhen,unet_resnet34_scratch,unet_resnet34,shenzhen,ood_test,True,512,42,False,0.8818324602222287,0.7886407258768103,40.576006052475435,7.628825667225551
shenzhen/CHNCXR_0116_0,shenzhen,unet_resnet34_scratch,unet_resnet34,shenzhen,ood_test,False,512,42,False,0.9594919643807429,0.9221379667766837,8.48528137423857,3.1126308828386655
shenzhen/CHNCXR_0116_0,shenzhen,unet_resnet34_scratch,unet_resnet34,shenzhen,ood_test,True,512,42,False,0.9594919643807429,0.9221379667766837,8.48528137423857,3.1126308828386655
shenzhen/CHNCXR_0117_0,shenzhen,unet_resnet34_scratch,unet_resnet34,shenzhen,ood_test,False,512,42,False,0.942105669373719,0.890547989623865,19.0,4.181257111114096
shenzhen/CHNCXR_0117_0,shenzhen,unet_resnet34_scratch,unet_resnet34,shenzhen,ood_test,True,512,42,False,0.942105669373719,0.890547989623865,19.0,4.181257111114096
shenzhen/CHNCXR_0118_0,shenzhen,unet_resnet34_scratch,unet_resnet34,shenzhen,ood_test,False,512,42,False,0.9482382675058229,0.901571371357222,71.34948826617972,6.811499209554895
shenzhen/CHNCXR_0118_0,shenzhen,unet_resnet34_scratch,unet_resnet34,shenzhen,ood_test,True,512,42,False,0.9623184761425787,0.9273736247758445,7.0815199157362185,2.308446415993354
shenzhen/CHNCXR_0119_0,shenzhen,unet_resnet34_scratch,unet_resnet34,shenzhen,ood_test,False,512,42,False,0.9577072948897429,0.918846779023013,15.023154621172761,3.0467692272006475
shenzhen/CHNCXR_0119_0,shenzhen,unet_resnet34_scratch,unet_resnet34,shenzhen,ood_test,True,512,42,False,0.9577072948897429,0.918846779023013,15.023154621172761,3.0467692272006475
shenzhen/CHNCXR_0120_0,shenzhen,unet_resnet34_scratch,unet_resnet34,shenzhen,ood_test,False,512,42,False,0.9396021533412064,0.8860845543036492,63.05609943282823,7.206565823226451
shenzhen/CHNCXR_0120_0,shenzhen,unet_resnet34_scratch,unet_resnet34,shenzhen,ood_test,True,512,42,False,0.9437781629116118,0.893541611971646,13.601470508735444,4.152842745301594
shenzhen/CHNCXR_0121_0,shenzhen,unet_resnet34_scratch,unet_resnet34,shenzhen,ood_test,False,512,42,False,0.9628505378837384,0.9283623750033875,9.899494936611665,2.880051719528975
shenzhen/CHNCXR_0121_0,shenzhen,unet_resnet34_scratch,unet_resnet34,shenzhen,ood_test,True,512,42,False,0.9628505378837384,0.9283623750033875,9.899494936611665,2.880051719528975
shenzhen/CHNCXR_0122_0,shenzhen,unet_resnet34_scratch,unet_resnet34,shenzhen,ood_test,False,512,42,False,0.9545859445823972,0.9131175725402666,9.433981132056603,3.3943208331116486
shenzhen/CHNCXR_0122_0,shenzhen,unet_resnet34_scratch,unet_resnet34,shenzhen,ood_test,True,512,42,False,0.9545859445823972,0.9131175725402666,9.433981132056603,3.3943208331116486
shenzhen/CHNCXR_0123_0,shenzhen,unet_resnet34_scratch,unet_resnet34,shenzhen,ood_test,False,512,42,False,0.8928222291228192,0.8063946482735697,141.66368615347034,18.98759947455353
shenzhen/CHNCXR_0123_0,shenzhen,unet_resnet34_scratch,unet_resnet34,shenzhen,ood_test,True,512,42,False,0.9122423558720534,0.8386448588034483,68.13252559394462,7.136619444839453
shenzhen/CHNCXR_0124_0,shenzhen,unet_resnet34_scratch,unet_resnet34,shenzhen,ood_test,False,512,42,False,0.9567671900850434,0.917117618418307,14.348867957449507,5.6277094782760155
shenzhen/CHNCXR_0124_0,shenzhen,unet_resnet34_scratch,unet_resnet34,shenzhen,ood_test,True,512,42,False,0.9578027501943152,0.9190225270436043,9.848857801796104,3.473543725220378
shenzhen/CHNCXR_0125_0,shenzhen,unet_resnet34_scratch,unet_resnet34,shenzhen,ood_test,False,512,42,False,0.962525659182407,0.9277585202000062,7.0,2.8093696326814555
shenzhen/CHNCXR_0125_0,shenzhen,unet_resnet34_scratch,unet_resnet34,shenzhen,ood_test,True,512,42,False,0.962525659182407,0.9277585202000062,7.0,2.8093696326814555
shenzhen/CHNCXR_0126_0,shenzhen,unet_resnet34_scratch,unet_resnet34,shenzhen,ood_test,False,512,42,False,0.8647897391097169,0.761788162865538,146.2138843396499,20.897887327280834
shenzhen/CHNCXR_0126_0,shenzhen,unet_resnet34_scratch,unet_resnet34,shenzhen,ood_test,True,512,42,False,0.9543940633399556,0.9127664924976948,6.692949947746057,2.481560367135049
shenzhen/CHNCXR_0127_0,shenzhen,unet_resnet34_scratch,unet_resnet34,shenzhen,ood_test,False,512,42,False,0.9477051834125679,0.9006080505898091,21.533684361042592,4.766637239928065
shenzhen/CHNCXR_0127_0,shenzhen,unet_resnet34_scratch,unet_resnet34,shenzhen,ood_test,True,512,42,False,0.947856804597407,0.900881941487744,20.16149687535575,4.479744863173402
shenzhen/CHNCXR_0128_0,shenzhen,unet_resnet34_scratch,unet_resnet34,shenzhen,ood_test,False,512,42,False,0.9536774499309534,0.9114564623194065,8.06225774829855,3.4764784469589967
shenzhen/CHNCXR_0128_0,shenzhen,unet_resnet34_scratch,unet_resnet34,shenzhen,ood_test,True,512,42,False,0.9536774499309534,0.9114564623194065,8.06225774829855,3.4764784469589967
shenzhen/CHNCXR_0129_0,shenzhen,unet_resnet34_scratch,unet_resnet34,shenzhen,ood_test,False,512,42,False,0.9530038364215166,0.9102266747227474,9.0,3.2234338289519986
shenzhen/CHNCXR_0129_0,shenzhen,unet_resnet34_scratch,unet_resnet34,shenzhen,ood_test,True,512,42,False,0.9530038364215166,0.9102266747227474,9.0,3.2234338289519986
shenzhen/CHNCXR_0130_0,shenzhen,unet_resnet34_scratch,unet_resnet34,shenzhen,ood_test,False,512,42,False,0.9721944488055595,0.9458933624903525,5.830951894845301,1.9806413733616883
shenzhen/CHNCXR_0130_0,shenzhen,unet_resnet34_scratch,unet_resnet34,shenzhen,ood_test,True,512,42,False,0.9721944488055595,0.9458933624903525,5.830951894845301,1.9806413733616883
shenzhen/CHNCXR_0131_0,shenzhen,unet_resnet34_scratch,unet_resnet34,shenzhen,ood_test,False,512,42,False,0.9655997216665217,0.9334874921168804,6.0,2.7374292910654097
shenzhen/CHNCXR_0131_0,shenzhen,unet_resnet34_scratch,unet_resnet34,shenzhen,ood_test,True,512,42,False,0.9656207188988193,0.933526740665994,6.0,2.7207328409089153
shenzhen/CHNCXR_0132_0,shenzhen,unet_resnet34_scratch,unet_resnet34,shenzhen,ood_test,False,512,42,False,0.9609303413721171,0.9247987691614913,130.9144697945505,8.29065847787296
shenzhen/CHNCXR_0132_0,shenzhen,unet_resnet34_scratch,unet_resnet34,shenzhen,ood_test,True,512,42,False,0.9719012501478882,0.9453384222942519,6.0,1.894832178991388
shenzhen/CHNCXR_0133_0,shenzhen,unet_resnet34_scratch,unet_resnet34,shenzhen,ood_test,False,512,42,False,0.9529327471672078,0.9100969823944852,8.06225774829855,3.3457942641383456
shenzhen/CHNCXR_0133_0,shenzhen,unet_resnet34_scratch,unet_resnet34,shenzhen,ood_test,True,512,42,False,0.9529327471672078,0.9100969823944852,8.06225774829855,3.3457942641383456
shenzhen/CHNCXR_0134_0,shenzhen,unet_resnet34_scratch,unet_resnet34,shenzhen,ood_test,False,512,42,False,0.9708702177841761,0.9433894874694922,6.082762530298219,2.4361345762197146
shenzhen/CHNCXR_0134_0,shenzhen,unet_resnet34_scratch,unet_resnet34,shenzhen,ood_test,True,512,42,False,0.9708702177841761,0.9433894874694922,6.082762530298219,2.4361345762197146
shenzhen/CHNCXR_0135_0,shenzhen,unet_resnet34_scratch,unet_resnet34,shenzhen,ood_test,False,512,42,False,0.9195000248661372,0.8509949523619571,112.19133005038816,11.783534107486538
shenzhen/CHNCXR_0135_0,shenzhen,unet_resnet34_scratch,unet_resnet34,shenzhen,ood_test,True,512,42,False,0.9245116341089405,0.8596203022084463,58.54912467321779,6.9425526380769815
shenzhen/CHNCXR_0136_0,shenzhen,unet_resnet34_scratch,unet_resnet34,shenzhen,ood_test,False,512,42,False,0.8677604498811525,0.766410650281618,148.46203567492327,19.224120977714843
shenzhen/CHNCXR_0136_0,shenzhen,unet_resnet34_scratch,unet_resnet34,shenzhen,ood_test,True,512,42,False,0.8870136181005772,0.7969671799459034,80.30319793670745,9.079940848252562
shenzhen/CHNCXR_0137_0,shenzhen,unet_resnet34_scratch,unet_resnet34,shenzhen,ood_test,False,512,42,False,0.9541233216946834,0.912271342775034,10.0,4.1280408780156375
shenzhen/CHNCXR_0137_0,shenzhen,unet_resnet34_scratch,unet_resnet34,shenzhen,ood_test,True,512,42,False,0.9552752500225246,0.9143798402814909,8.581912734438834,3.2170634828749614
shenzhen/CHNCXR_0138_0,shenzhen,unet_resnet34_scratch,unet_resnet34,shenzhen,ood_test,False,512,42,False,0.9651583621887043,0.9326628605996446,6.082762530298219,2.359013498947369
shenzhen/CHNCXR_0138_0,shenzhen,unet_resnet34_scratch,unet_resnet34,shenzhen,ood_test,True,512,42,False,0.9651583621887043,0.9326628605996446,6.082762530298219,2.359013498947369
shenzhen/CHNCXR_0139_0,shenzhen,unet_resnet34_scratch,unet_resnet34,shenzhen,ood_test,False,512,42,False,0.9524555961540584,0.9092269431799022,16.27110534112458,3.2601511041515305
shenzhen/CHNCXR_0139_0,shenzhen,unet_resnet34_scratch,unet_resnet34,shenzhen,ood_test,True,512,42,False,0.9559802781009362,0.9156726238485375,10.0,2.8393242531035177
shenzhen/CHNCXR_0140_0,shenzhen,unet_resnet34_scratch,unet_resnet34,shenzhen,ood_test,False,512,42,False,0.9505878474245983,0.9058288920056101,28.0178514522438,4.599762977668786
shenzhen/CHNCXR_0140_0,shenzhen,unet_resnet34_scratch,unet_resnet34,shenzhen,ood_test,True,512,42,False,0.9509393957241298,0.9064675499663148,28.513923600128233,4.557235722834558
shenzhen/CHNCXR_0141_0,shenzhen,unet_resnet34_scratch,unet_resnet34,shenzhen,ood_test,False,512,42,False,0.9385088907846975,0.8841420174291252,80.62994275543444,8.158738493964053
shenzhen/CHNCXR_0141_0,shenzhen,unet_resnet34_scratch,unet_resnet34,shenzhen,ood_test,True,512,42,False,0.942173186562214,0.8906686563373126,48.010415536631214,5.621775672094067
shenzhen/CHNCXR_0142_0,shenzhen,unet_resnet34_scratch,unet_resnet34,shenzhen,ood_test,False,512,42,False,0.9502135837934383,0.9051494371846294,14.295543571299092,4.292066873305176
shenzhen/CHNCXR_0142_0,shenzhen,unet_resnet34_scratch,unet_resnet34,shenzhen,ood_test,True,512,42,False,0.952529426581615,0.9093615140643685,8.024903099319411,3.925669107053444
shenzhen/CHNCXR_0143_0,shenzhen,unet_resnet34_scratch,unet_resnet34,shenzhen,ood_test,False,512,42,False,0.9596165739022882,0.9223681864114605,7.0,2.6271375147740392
shenzhen/CHNCXR_0143_0,shenzhen,unet_resnet34_scratch,unet_resnet34,shenzhen,ood_test,True,512,42,False,0.9596165739022882,0.9223681864114605,7.0,2.6271375147740392
shenzhen/CHNCXR_0144_0,shenzhen,unet_resnet34_scratch,unet_resnet34,shenzhen,ood_test,False,512,42,False,0.9487799998709336,0.9025513210883017,23.034523505985717,5.449492006927754
shenzhen/CHNCXR_0144_0,shenzhen,unet_resnet34_scratch,unet_resnet34,shenzhen,ood_test,True,512,42,False,0.9497054415792465,0.9042277082795183,11.180339887498949,4.650155639891221
shenzhen/CHNCXR_0145_0,shenzhen,unet_resnet34_scratch,unet_resnet34,shenzhen,ood_test,False,512,42,False,0.9509294876482719,0.9064495440983744,9.433981132056603,3.7873803510108353
shenzhen/CHNCXR_0145_0,shenzhen,unet_resnet34_scratch,unet_resnet34,shenzhen,ood_test,True,512,42,False,0.9509294876482719,0.9064495440983744,9.433981132056603,3.7873803510108353
shenzhen/CHNCXR_0146_0,shenzhen,unet_resnet34_scratch,unet_resnet34,shenzhen,ood_test,False,512,42,False,0.9313850458572983,0.8715815198417316,64.28841264178172,7.639169025111859
shenzhen/CHNCXR_0146_0,shenzhen,unet_resnet34_scratch,unet_resnet34,shenzhen,ood_test,True,512,42,False,0.9352911792865171,0.8784478545596716,14.933034373659254,4.165392739192479
shenzhen/CHNCXR_0147_0,shenzhen,unet_resnet34_scratch,unet_resnet34,shenzhen,ood_test,False,512,42,False,0.9256883463771426,0.8616571767191405,52.33449153653222,7.078391099208381
shenzhen/CHNCXR_0147_0,shenzhen,unet_resnet34_scratch,unet_resnet34,shenzhen,ood_test,True,512,42,False,0.9433060205621447,0.892695557008822,13.92838827718412,4.323332620453979
shenzhen/CHNCXR_0148_0,shenzhen,unet_resnet34_scratch,unet_resnet34,shenzhen,ood_test,False,512,42,False,0.9309367194339365,0.8707966463323016,90.05718820157055,10.445239453088632
shenzhen/CHNCXR_0148_0,shenzhen,unet_resnet34_scratch,unet_resnet34,shenzhen,ood_test,True,512,42,False,0.9530426488846498,0.9102974900260735,11.704699910719626,3.7217545681994766
shenzhen/CHNCXR_0149_0,shenzhen,unet_resnet34_scratch,unet_resnet34,shenzhen,ood_test,False,512,42,False,0.9535935116769721,0.9113031334555294,45.49179758059025,5.7444987867019615
shenzhen/CHNCXR_0149_0,shenzhen,unet_resnet34_scratch,unet_resnet34,shenzhen,ood_test,True,512,42,False,0.9554609929078014,0.9147202607278653,11.307040068410476,3.2632255240988615
shenzhen/CHNCXR_0150_0,shenzhen,unet_resnet34_scratch,unet_resnet34,shenzhen,ood_test,False,512,42,False,0.9522166956682425,0.9087916286999206,8.54400374531753,3.711189190347851
shenzhen/CHNCXR_0150_0,shenzhen,unet_resnet34_scratch,unet_resnet34,shenzhen,ood_test,True,512,42,False,0.9522166956682425,0.9087916286999206,8.54400374531753,3.711189190347851
shenzhen/CHNCXR_0151_0,shenzhen,unet_resnet34_scratch,unet_resnet34,shenzhen,ood_test,False,512,42,False,0.8694731213753959,0.7690866425336074,125.16289318131894,16.892637279555796
shenzhen/CHNCXR_0151_0,shenzhen,unet_resnet34_scratch,unet_resnet34,shenzhen,ood_test,True,512,42,False,0.872847764152112,0.7743832078685642,95.05279692927222,12.384877806344113
shenzhen/CHNCXR_0152_0,shenzhen,unet_resnet34_scratch,unet_resnet34,shenzhen,ood_test,False,512,42,False,0.9243530814896211,0.8593461902626203,62.10209202892365,8.008222964591944
shenzhen/CHNCXR_0152_0,shenzhen,unet_resnet34_scratch,unet_resnet34,shenzhen,ood_test,True,512,42,False,0.9248922290978083,0.8602786196231027,62.99756758131264,7.800452442330941
shenzhen/CHNCXR_0153_0,shenzhen,unet_resnet34_scratch,unet_resnet34,shenzhen,ood_test,False,512,42,False,0.939955548555328,0.886713332893086,13.347262063273698,5.384657903058491
shenzhen/CHNCXR_0153_0,shenzhen,unet_resnet34_scratch,unet_resnet34,shenzhen,ood_test,True,512,42,False,0.940778756721725,0.888179653393306,11.69186107441091,4.063029708140437
shenzhen/CHNCXR_0154_0,shenzhen,unet_resnet34_scratch,unet_resnet34,shenzhen,ood_test,False,512,42,False,0.947010647010647,0.8993544372715252,8.54400374531753,3.846148006089328
shenzhen/CHNCXR_0154_0,shenzhen,unet_resnet34_scratch,unet_resnet34,shenzhen,ood_test,True,512,42,False,0.947010647010647,0.8993544372715252,8.54400374531753,3.846148006089328
shenzhen/CHNCXR_0155_0,shenzhen,unet_resnet34_scratch,unet_resnet34,shenzhen,ood_test,False,512,42,False,0.8360707927037766,0.718317563871386,140.45141473346288,19.32501271952484
shenzhen/CHNCXR_0155_0,shenzhen,unet_resnet34_scratch,unet_resnet34,shenzhen,ood_test,True,512,42,False,0.8370972882996682,0.7198343248127017,140.4250681580121,17.605671521926475
shenzhen/CHNCXR_0156_0,shenzhen,unet_resnet34_scratch,unet_resnet34,shenzhen,ood_test,False,512,42,False,0.9308999977058432,0.8707323877170018,136.89704101202977,12.967182093542803
shenzhen/CHNCXR_0156_0,shenzhen,unet_resnet34_scratch,unet_resnet34,shenzhen,ood_test,True,512,42,False,0.9442770208161223,0.8944363620332407,8.552751973576287,3.3770201405250395
shenzhen/CHNCXR_0157_0,shenzhen,unet_resnet34_scratch,unet_resnet34,shenzhen,ood_test,False,512,42,False,0.946233118441485,0.8979529865675907,8.48528137423857,3.815086172451879
shenzhen/CHNCXR_0157_0,shenzhen,unet_resnet34_scratch,unet_resnet34,shenzhen,ood_test,True,512,42,False,0.9462687410000847,0.8980171489817792,8.06225774829855,3.61825028004384
shenzhen/CHNCXR_0158_0,shenzhen,unet_resnet34_scratch,unet_resnet34,shenzhen,ood_test,False,512,42,False,0.9532868640967381,0.9107431935246505,8.06225774829855,3.1615167860035482
shenzhen/CHNCXR_0158_0,shenzhen,unet_resnet34_scratch,unet_resnet34,shenzhen,ood_test,True,512,42,False,0.9532868640967381,0.9107431935246505,8.06225774829855,3.1615167860035482
shenzhen/CHNCXR_0159_0,shenzhen,unet_resnet34_scratch,unet_resnet34,shenzhen,ood_test,False,512,42,False,0.9469293163383545,0.8992077464788732,55.56635823047058,5.554701653756836
shenzhen/CHNCXR_0159_0,shenzhen,unet_resnet34_scratch,unet_resnet34,shenzhen,ood_test,True,512,42,False,0.9488318559053369,0.9026451774016943,12.0,3.423411564731903
shenzhen/CHNCXR_0160_0,shenzhen,unet_resnet34_scratch,unet_resnet34,shenzhen,ood_test,False,512,42,False,0.9592785533714423,0.9217438119287811,7.0,3.3044461794856934
shenzhen/CHNCXR_0160_0,shenzhen,unet_resnet34_scratch,unet_resnet34,shenzhen,ood_test,True,512,42,False,0.9592785533714423,0.9217438119287811,7.0,3.3044461794856934
shenzhen/CHNCXR_0161_0,shenzhen,unet_resnet34_scratch,unet_resnet34,shenzhen,ood_test,False,512,42,False,0.9672774869109948,0.9366286438529785,5.385164807134504,2.192074563781084
shenzhen/CHNCXR_0161_0,shenzhen,unet_resnet34_scratch,unet_resnet34,shenzhen,ood_test,True,512,42,False,0.9672774869109948,0.9366286438529785,5.385164807134504,2.192074563781084
shenzhen/CHNCXR_0162_0,shenzhen,unet_resnet34_scratch,unet_resnet34,shenzhen,ood_test,False,512,42,False,0.9469155650827676,0.8991829464815809,42.0,5.345532361100367
shenzhen/CHNCXR_0162_0,shenzhen,unet_resnet34_scratch,unet_resnet34,shenzhen,ood_test,True,512,42,False,0.9514550037020141,0.907405029885451,13.085416016031584,3.66484254439884
shenzhen/CHNCXR_0163_0,shenzhen,unet_resnet34_scratch,unet_resnet34,shenzhen,ood_test,False,512,42,False,0.9281247936924107,0.8658888536937317,64.41111248868658,7.922449365275962
shenzhen/CHNCXR_0163_0,shenzhen,unet_resnet34_scratch,unet_resnet34,shenzhen,ood_test,True,512,42,False,0.9391790653063952,0.8853323257404009,16.703185795666727,4.461536973818004
shenzhen/CHNCXR_0164_0,shenzhen,unet_resnet34_scratch,unet_resnet34,shenzhen,ood_test,False,512,42,False,0.9606596047221702,0.9242973804221021,35.414664923135305,3.934987560914901
shenzhen/CHNCXR_0164_0,shenzhen,unet_resnet34_scratch,unet_resnet34,shenzhen,ood_test,True,512,42,False,0.9631225894860149,0.9288683307398802,5.656854249492381,2.4246767780148595
shenzhen/CHNCXR_0165_0,shenzhen,unet_resnet34_scratch,unet_resnet34,shenzhen,ood_test,False,512,42,False,0.9691216817017655,0.9400931851021792,10.294946019875528,2.391565579927521
shenzhen/CHNCXR_0165_0,shenzhen,unet_resnet34_scratch,unet_resnet34,shenzhen,ood_test,True,512,42,False,0.9691216817017655,0.9400931851021792,10.294946019875528,2.391565579927521
shenzhen/CHNCXR_0166_0,shenzhen,unet_resnet34_scratch,unet_resnet34,shenzhen,ood_test,False,512,42,False,0.9623691607050896,0.9274677700973475,18.027756377319946,3.924036865906664
shenzhen/CHNCXR_0166_0,shenzhen,unet_resnet34_scratch,unet_resnet34,shenzhen,ood_test,True,512,42,False,0.9647515441025545,0.9319033886085075,7.0710678118654755,2.911799406129226
shenzhen/CHNCXR_0167_0,shenzhen,unet_resnet34_scratch,unet_resnet34,shenzhen,ood_test,False,512,42,False,0.9711932948265359,0.9439997717188147,5.385164807134504,2.218931223919588
shenzhen/CHNCXR_0167_0,shenzhen,unet_resnet34_scratch,unet_resnet34,shenzhen,ood_test,True,512,42,False,0.9711932948265359,0.9439997717188147,5.385164807134504,2.218931223919588
shenzhen/CHNCXR_0168_0,shenzhen,unet_resnet34_scratch,unet_resnet34,shenzhen,ood_test,False,512,42,False,0.9638859358389094,0.9302894045930531,10.0,3.4213505077964594
shenzhen/CHNCXR_0168_0,shenzhen,unet_resnet34_scratch,unet_resnet34,shenzhen,ood_test,True,512,42,False,0.9638859358389094,0.9302894045930531,10.0,3.4213505077964594
shenzhen/CHNCXR_0169_0,shenzhen,unet_resnet34_scratch,unet_resnet34,shenzhen,ood_test,False,512,42,False,0.9535641402026422,0.9112494867934857,8.526387033993846,3.8364936933640497
shenzhen/CHNCXR_0169_0,shenzhen,unet_resnet34_scratch,unet_resnet34,shenzhen,ood_test,True,512,42,False,0.9537177949259664,0.911530168725829,7.876662289339308,3.2003181145681756
shenzhen/CHNCXR_0170_0,shenzhen,unet_resnet34_scratch,unet_resnet34,shenzhen,ood_test,False,512,42,False,0.8916186682456801,0.8044331338876369,82.87339742040264,12.828180352873167
shenzhen/CHNCXR_0170_0,shenzhen,unet_resnet34_scratch,unet_resnet34,shenzhen,ood_test,True,512,42,False,0.8921277145811789,0.8052622367423138,77.19130425794293,12.193261729701657
shenzhen/CHNCXR_0171_0,shenzhen,unet_resnet34_scratch,unet_resnet34,shenzhen,ood_test,False,512,42,False,0.9685912604511753,0.9390954558663832,6.0,2.301180500051013
shenzhen/CHNCXR_0171_0,shenzhen,unet_resnet34_scratch,unet_resnet34,shenzhen,ood_test,True,512,42,False,0.9685912604511753,0.9390954558663832,6.0,2.301180500051013
shenzhen/CHNCXR_0172_0,shenzhen,unet_resnet34_scratch,unet_resnet34,shenzhen,ood_test,False,512,42,False,0.9597220244367862,0.9225630523583718,9.486832980505138,3.734737508220454
shenzhen/CHNCXR_0172_0,shenzhen,unet_resnet34_scratch,unet_resnet34,shenzhen,ood_test,True,512,42,False,0.9600665557404326,0.9232,8.94427190999916,3.5781868405999964
shenzhen/CHNCXR_0173_0,shenzhen,unet_resnet34_scratch,unet_resnet34,shenzhen,ood_test,False,512,42,False,0.965830173405479,0.9339183454867548,7.148086918349845,2.885874290400945
shenzhen/CHNCXR_0173_0,shenzhen,unet_resnet34_scratch,unet_resnet34,shenzhen,ood_test,True,512,42,False,0.965878184051868,0.934008130527935,7.060407640085648,2.757414011131394
shenzhen/CHNCXR_0174_0,shenzhen,unet_resnet34_scratch,unet_resnet34,shenzhen,ood_test,False,512,42,False,0.9695852534562212,0.9409660107334525,5.385164807134504,2.3408662739710517
shenzhen/CHNCXR_0174_0,shenzhen,unet_resnet34_scratch,unet_resnet34,shenzhen,ood_test,True,512,42,False,0.9695852534562212,0.9409660107334525,5.385164807134504,2.3408662739710517
shenzhen/CHNCXR_0175_0,shenzhen,unet_resnet34_scratch,unet_resnet34,shenzhen,ood_test,False,512,42,False,0.9272839433144325,0.8644262734162058,59.02498193786508,8.026430450914464
shenzhen/CHNCXR_0175_0,shenzhen,unet_resnet34_scratch,unet_resnet34,shenzhen,ood_test,True,512,42,False,0.934390353977026,0.876859887168177,43.82256069662174,6.196734596457884
shenzhen/CHNCXR_0176_0,shenzhen,unet_resnet34_scratch,unet_resnet34,shenzhen,ood_test,False,512,42,False,0.9253198585594932,0.8610188491239724,137.83810076555824,11.73939842196005
shenzhen/CHNCXR_0176_0,shenzhen,unet_resnet34_scratch,unet_resnet34,shenzhen,ood_test,True,512,42,False,0.9357684324519447,0.8792902418859044,23.0,4.1791462176205885
shenzhen/CHNCXR_0177_0,shenzhen,unet_resnet34_scratch,unet_resnet34,shenzhen,ood_test,False,512,42,False,0.9759991180199548,0.9531233177580155,6.0,2.145814871033212
shenzhen/CHNCXR_0177_0,shenzhen,unet_resnet34_scratch,unet_resnet34,shenzhen,ood_test,True,512,42,False,0.9759991180199548,0.9531233177580155,6.0,2.145814871033212
shenzhen/CHNCXR_0178_0,shenzhen,unet_resnet34_scratch,unet_resnet34,shenzhen,ood_test,False,512,42,False,0.8214211959072562,0.6969590773691001,48.569478902478046,11.844563440151385
shenzhen/CHNCXR_0178_0,shenzhen,unet_resnet34_scratch,unet_resnet34,shenzhen,ood_test,True,512,42,False,0.8215368727409285,0.6971256492782256,47.53735331462365,11.624010810212186
shenzhen/CHNCXR_0179_0,shenzhen,unet_resnet34_scratch,unet_resnet34,shenzhen,ood_test,False,512,42,False,0.967520273154076,0.9370840395188293,75.23007116597691,4.9077007685438625
shenzhen/CHNCXR_0179_0,shenzhen,unet_resnet34_scratch,unet_resnet34,shenzhen,ood_test,True,512,42,False,0.9695479235276506,0.9408956958452662,5.0,2.1168722968743396
shenzhen/CHNCXR_0180_0,shenzhen,unet_resnet34_scratch,unet_resnet34,shenzhen,ood_test,False,512,42,False,0.898252041828868,0.8152972149092421,123.82236630691257,12.99488337223318
shenzhen/CHNCXR_0180_0,shenzhen,unet_resnet34_scratch,unet_resnet34,shenzhen,ood_test,True,512,42,False,0.9023155957675203,0.8220173232746577,82.63815248857091,8.357038519225725
shenzhen/CHNCXR_0221_0,shenzhen,unet_resnet34_scratch,unet_resnet34,shenzhen,ood_test,False,512,42,False,0.9541989027992686,0.9124095445619133,25.61714245905293,3.828195627258952
shenzhen/CHNCXR_0221_0,shenzhen,unet_resnet34_scratch,unet_resnet34,shenzhen,ood_test,True,512,42,False,0.9541989027992686,0.9124095445619133,25.61714245905293,3.828195627258952
shenzhen/CHNCXR_0222_0,shenzhen,unet_resnet34_scratch,unet_resnet34,shenzhen,ood_test,False,512,42,False,0.9703070658347752,0.942326623442751,6.324555320336759,2.634344967504326
shenzhen/CHNCXR_0222_0,shenzhen,unet_resnet34_scratch,unet_resnet34,shenzhen,ood_test,True,512,42,False,0.9711217225516433,0.9438645404780525,5.830951894845301,2.1168672827107198
shenzhen/CHNCXR_0223_0,shenzhen,unet_resnet34_scratch,unet_resnet34,shenzhen,ood_test,False,512,42,False,0.8087890325698726,0.6789637223662596,133.2600674071568,22.079332548788834
shenzhen/CHNCXR_0223_0,shenzhen,unet_resnet34_scratch,unet_resnet34,shenzhen,ood_test,True,512,42,False,0.8088367048616023,0.6790309172241795,132.13247261810147,21.776863958388788
shenzhen/CHNCXR_0224_0,shenzhen,unet_resnet34_scratch,unet_resnet34,shenzhen,ood_test,False,512,42,False,0.966284552178235,0.9347684164093516,7.615773105863909,2.387153541423509
shenzhen/CHNCXR_0224_0,shenzhen,unet_resnet34_scratch,unet_resnet34,shenzhen,ood_test,True,512,42,False,0.966284552178235,0.9347684164093516,7.615773105863909,2.387153541423509
shenzhen/CHNCXR_0225_0,shenzhen,unet_resnet34_scratch,unet_resnet34,shenzhen,ood_test,False,512,42,False,0.9677816478501081,0.9375745411176077,10.63014581273465,3.737235657574118
shenzhen/CHNCXR_0225_0,shenzhen,unet_resnet34_scratch,unet_resnet34,shenzhen,ood_test,True,512,42,False,0.9682322724063865,0.938420776800792,6.708203932499369,2.5090530150957338
shenzhen/CHNCXR_0226_0,shenzhen,unet_resnet34_scratch,unet_resnet34,shenzhen,ood_test,False,512,42,False,0.9646129413201938,0.9316447730669394,6.024828759089462,2.3786820383185483
shenzhen/CHNCXR_0226_0,shenzhen,unet_resnet34_scratch,unet_resnet34,shenzhen,ood_test,True,512,42,False,0.9646129413201938,0.9316447730669394,6.024828759089462,2.3786820383185483
shenzhen/CHNCXR_0227_0,shenzhen,unet_resnet34_scratch,unet_resnet34,shenzhen,ood_test,False,512,42,False,0.9625021916283608,0.9277149155033064,10.118252056394759,2.831732731768412
shenzhen/CHNCXR_0227_0,shenzhen,unet_resnet34_scratch,unet_resnet34,shenzhen,ood_test,True,512,42,False,0.9625021916283608,0.9277149155033064,10.118252056394759,2.831732731768412
shenzhen/CHNCXR_0228_0,shenzhen,unet_resnet34_scratch,unet_resnet34,shenzhen,ood_test,False,512,42,False,0.8667234486621701,0.7647943016547951,86.71899484084734,12.026369172777265
shenzhen/CHNCXR_0228_0,shenzhen,unet_resnet34_scratch,unet_resnet34,shenzhen,ood_test,True,512,42,False,0.8770378428782345,0.7810039165755567,56.05620969986786,8.866353169293362
shenzhen/CHNCXR_0229_0,shenzhen,unet_resnet34_scratch,unet_resnet34,shenzhen,ood_test,False,512,42,False,0.9563821957311262,0.9164103868476426,11.661903789690601,3.0677658746111485
shenzhen/CHNCXR_0229_0,shenzhen,unet_resnet34_scratch,unet_resnet34,shenzhen,ood_test,True,512,42,False,0.9585913312693498,0.9204756596060943,6.215748564819405,2.3848313171134183
shenzhen/CHNCXR_0230_0,shenzhen,unet_resnet34_scratch,unet_resnet34,shenzhen,ood_test,False,512,42,False,0.9489390973067358,0.9028393072895691,35.141138535391796,4.544483580588963
shenzhen/CHNCXR_0230_0,shenzhen,unet_resnet34_scratch,unet_resnet34,shenzhen,ood_test,True,512,42,False,0.9565514225062138,0.9167211908072299,8.246211251235321,2.76865246254589
shenzhen/CHNCXR_0231_0,shenzhen,unet_resnet34_scratch,unet_resnet34,shenzhen,ood_test,False,512,42,False,0.9603971646082982,0.9238116056565385,6.708203932499369,2.829183232776153
shenzhen/CHNCXR_0231_0,shenzhen,unet_resnet34_scratch,unet_resnet34,shenzhen,ood_test,True,512,42,False,0.9603971646082982,0.9238116056565385,6.708203932499369,2.829183232776153
shenzhen/CHNCXR_0232_0,shenzhen,unet_resnet34_scratch,unet_resnet34,shenzhen,ood_test,False,512,42,False,0.9527162631741918,0.9097021462987297,70.80817207065859,6.793926699613358
shenzhen/CHNCXR_0232_0,shenzhen,unet_resnet34_scratch,unet_resnet34,shenzhen,ood_test,True,512,42,False,0.9588743839237277,0.9209977827050998,7.0,2.6585521901967932
shenzhen/CHNCXR_0233_0,shenzhen,unet_resnet34_scratch,unet_resnet34,shenzhen,ood_test,False,512,42,False,0.9511036053727123,0.9067660164001947,9.848857801796104,3.271002675808634
shenzhen/CHNCXR_0233_0,shenzhen,unet_resnet34_scratch,unet_resnet34,shenzhen,ood_test,True,512,42,False,0.9511036053727123,0.9067660164001947,9.848857801796104,3.271002675808634
shenzhen/CHNCXR_0234_0,shenzhen,unet_resnet34_scratch,unet_resnet34,shenzhen,ood_test,False,512,42,False,0.953341885972516,0.9108436395759717,79.70698510906774,6.984465493950627
shenzhen/CHNCXR_0234_0,shenzhen,unet_resnet34_scratch,unet_resnet34,shenzhen,ood_test,True,512,42,False,0.968873332080436,0.9396259084592076,5.385164807134504,2.0757278089858073
shenzhen/CHNCXR_0235_0,shenzhen,unet_resnet34_scratch,unet_resnet34,shenzhen,ood_test,False,512,42,False,0.9542775903883143,0.9125534478530224,21.51336765459515,4.119784642308741
shenzhen/CHNCXR_0235_0,shenzhen,unet_resnet34_scratch,unet_resnet34,shenzhen,ood_test,True,512,42,False,0.9636201907378424,0.9297944461344574,7.141085181396727,3.173778759906511
shenzhen/CHNCXR_0236_0,shenzhen,unet_resnet34_scratch,unet_resnet34,shenzhen,ood_test,False,512,42,False,0.9602505592841163,0.9235403470118425,9.251709958507416,4.456657963847732
shenzhen/CHNCXR_0236_0,shenzhen,unet_resnet34_scratch,unet_resnet34,shenzhen,ood_test,True,512,42,False,0.9622913920350094,0.9273233204860091,6.708203932499369,2.6788372744729205
shenzhen/CHNCXR_0237_0,shenzhen,unet_resnet34_scratch,unet_resnet34,shenzhen,ood_test,False,512,42,False,0.9426017244287458,0.8914348984723942,47.05736900230673,5.757113414864698
shenzhen/CHNCXR_0237_0,shenzhen,unet_resnet34_scratch,unet_resnet34,shenzhen,ood_test,True,512,42,False,0.9426017244287458,0.8914348984723942,47.05736900230673,5.757113414864698
shenzhen/CHNCXR_0238_0,shenzhen,unet_resnet34_scratch,unet_resnet34,shenzhen,ood_test,False,512,42,False,0.9570295007970768,0.9175997801744865,11.072356791249574,3.394940443907568
shenzhen/CHNCXR_0238_0,shenzhen,unet_resnet34_scratch,unet_resnet34,shenzhen,ood_test,True,512,42,False,0.9571152192605331,0.9177573946202205,10.721265283731963,3.0829202539739433
shenzhen/CHNCXR_0239_0,shenzhen,unet_resnet34_scratch,unet_resnet34,shenzhen,ood_test,False,512,42,False,0.9573694722262609,0.9182250535771952,15.652475842498529,3.187908123152158
shenzhen/CHNCXR_0239_0,shenzhen,unet_resnet34_scratch,unet_resnet34,shenzhen,ood_test,True,512,42,False,0.9573694722262609,0.9182250535771952,15.652475842498529,3.187908123152158
shenzhen/CHNCXR_0240_0,shenzhen,unet_resnet34_scratch,unet_resnet34,shenzhen,ood_test,False,512,42,False,0.9668678977272728,0.9358608600006875,5.830951894845301,2.269383884469212
shenzhen/CHNCXR_0240_0,shenzhen,unet_resnet34_scratch,unet_resnet34,shenzhen,ood_test,True,512,42,False,0.9668678977272728,0.9358608600006875,5.830951894845301,2.269383884469212
shenzhen/CHNCXR_0241_0,shenzhen,unet_resnet34_scratch,unet_resnet34,shenzhen,ood_test,False,512,42,False,0.9304675169451269,0.8699759303125238,47.92153843286172,6.235685823904779
shenzhen/CHNCXR_0241_0,shenzhen,unet_resnet34_scratch,unet_resnet34,shenzhen,ood_test,True,512,42,False,0.9304675169451269,0.8699759303125238,47.92153843286172,6.235685823904779
shenzhen/CHNCXR_0242_0,shenzhen,unet_resnet34_scratch,unet_resnet34,shenzhen,ood_test,False,512,42,False,0.8958307217890541,0.8113164706416602,63.17908471437918,9.678915565438537
shenzhen/CHNCXR_0242_0,shenzhen,unet_resnet34_scratch,unet_resnet34,shenzhen,ood_test,True,512,42,False,0.8982809679673791,0.8153448763702412,63.17908471437918,8.862552960042917
shenzhen/CHNCXR_0243_0,shenzhen,unet_resnet34_scratch,unet_resnet34,shenzhen,ood_test,False,512,42,False,0.9279091314157195,0.8655135106607558,43.406217862619684,5.63576424769995
shenzhen/CHNCXR_0243_0,shenzhen,unet_resnet34_scratch,unet_resnet34,shenzhen,ood_test,True,512,42,False,0.9279091314157195,0.8655135106607558,43.406217862619684,5.63576424769995
shenzhen/CHNCXR_0244_0,shenzhen,unet_resnet34_scratch,unet_resnet34,shenzhen,ood_test,False,512,42,False,0.9436961010907097,0.8933945070780707,16.668505448593187,5.1046723272739225
shenzhen/CHNCXR_0244_0,shenzhen,unet_resnet34_scratch,unet_resnet34,shenzhen,ood_test,True,512,42,False,0.9441769316909294,0.8942567746725354,16.668505448593187,5.036629375184126
shenzhen/CHNCXR_0245_0,shenzhen,unet_resnet34_scratch,unet_resnet34,shenzhen,ood_test,False,512,42,False,0.9294187192118226,0.868144003533829,75.13321502504735,11.301909562619853
shenzhen/CHNCXR_0245_0,shenzhen,unet_resnet34_scratch,unet_resnet34,shenzhen,ood_test,True,512,42,False,0.9589876629555232,0.9212068184303861,9.0,2.976660971286366
shenzhen/CHNCXR_0246_0,shenzhen,unet_resnet34_scratch,unet_resnet34,shenzhen,ood_test,False,512,42,False,0.9641489274266458,0.930779484575346,8.06225774829855,2.6020875050584853
shenzhen/CHNCXR_0246_0,shenzhen,unet_resnet34_scratch,unet_resnet34,shenzhen,ood_test,True,512,42,False,0.9641489274266458,0.930779484575346,8.06225774829855,2.6020875050584853
shenzhen/CHNCXR_0247_0,shenzhen,unet_resnet34_scratch,unet_resnet34,shenzhen,ood_test,False,512,42,False,0.8851358887608284,0.7939406066063062,69.84290386023007,8.65995727694731
shenzhen/CHNCXR_0247_0,shenzhen,unet_resnet34_scratch,unet_resnet34,shenzhen,ood_test,True,512,42,False,0.8856215532554008,0.7947224354908703,70.20683582855246,8.591871005673461
shenzhen/CHNCXR_0248_0,shenzhen,unet_resnet34_scratch,unet_resnet34,shenzhen,ood_test,False,512,42,False,0.929961244425568,0.8690911797174433,28.08286798028306,6.415353252924649
shenzhen/CHNCXR_0248_0,shenzhen,unet_resnet34_scratch,unet_resnet34,shenzhen,ood_test,True,512,42,False,0.9388370394688357,0.884724660007829,19.209372712298546,4.96478298286622
shenzhen/CHNCXR_0249_0,shenzhen,unet_resnet34_scratch,unet_resnet34,shenzhen,ood_test,False,512,42,False,0.9553507710447113,0.9145182369015088,118.29618729404238,6.98799793914415
shenzhen/CHNCXR_0249_0,shenzhen,unet_resnet34_scratch,unet_resnet34,shenzhen,ood_test,True,512,42,False,0.964005051190265,0.9305113430309868,8.54400374531753,2.352167340967933
shenzhen/CHNCXR_0250_0,shenzhen,unet_resnet34_scratch,unet_resnet34,shenzhen,ood_test,False,512,42,False,0.899336468466147,0.8170857330149366,62.9455883355896,9.573783791825797
shenzhen/CHNCXR_0250_0,shenzhen,unet_resnet34_scratch,unet_resnet34,shenzhen,ood_test,True,512,42,False,0.9053084834571936,0.8269987204397896,52.31612097093181,7.440221515637019
shenzhen/CHNCXR_0251_0,shenzhen,unet_resnet34_scratch,unet_resnet34,shenzhen,ood_test,False,512,42,False,0.9409545787383229,0.888493127723768,51.00055748134469,5.283117165354121
shenzhen/CHNCXR_0251_0,shenzhen,unet_resnet34_scratch,unet_resnet34,shenzhen,ood_test,True,512,42,False,0.9409545787383229,0.888493127723768,51.00055748134469,5.283117165354121
shenzhen/CHNCXR_0252_0,shenzhen,unet_resnet34_scratch,unet_resnet34,shenzhen,ood_test,False,512,42,False,0.9630966974999071,0.9288201659477509,9.219544457292887,2.8187610817459277
shenzhen/CHNCXR_0252_0,shenzhen,unet_resnet34_scratch,unet_resnet34,shenzhen,ood_test,True,512,42,False,0.9630966974999071,0.9288201659477509,9.219544457292887,2.8187610817459277
shenzhen/CHNCXR_0253_0,shenzhen,unet_resnet34_scratch,unet_resnet34,shenzhen,ood_test,False,512,42,False,0.9292132848028378,0.8677855931671168,46.406520968785486,5.417328074649008
shenzhen/CHNCXR_0253_0,shenzhen,unet_resnet34_scratch,unet_resnet34,shenzhen,ood_test,True,512,42,False,0.9292132848028378,0.8677855931671168,46.406520968785486,5.417328074649008
shenzhen/CHNCXR_0254_0,shenzhen,unet_resnet34_scratch,unet_resnet34,shenzhen,ood_test,False,512,42,False,0.8990896507666098,0.8166783529582436,57.091143352619234,7.957633209905388
shenzhen/CHNCXR_0254_0,shenzhen,unet_resnet34_scratch,unet_resnet34,shenzhen,ood_test,True,512,42,False,0.8990896507666098,0.8166783529582436,57.091143352619234,7.957633209905388
shenzhen/CHNCXR_0255_0,shenzhen,unet_resnet34_scratch,unet_resnet34,shenzhen,ood_test,False,512,42,False,0.945572595690799,0.8967640558529325,16.1245154965971,4.30301805103611
shenzhen/CHNCXR_0255_0,shenzhen,unet_resnet34_scratch,unet_resnet34,shenzhen,ood_test,True,512,42,False,0.945572595690799,0.8967640558529325,16.1245154965971,4.30301805103611
shenzhen/CHNCXR_0256_0,shenzhen,unet_resnet34_scratch,unet_resnet34,shenzhen,ood_test,False,512,42,False,0.8723185804641393,0.7735505483660221,78.77886069457303,10.218600836184029
shenzhen/CHNCXR_0256_0,shenzhen,unet_resnet34_scratch,unet_resnet34,shenzhen,ood_test,True,512,42,False,0.8723459286604435,0.7735935610325702,77.96533364858838,10.00574946530327
shenzhen/CHNCXR_0257_0,shenzhen,unet_resnet34_scratch,unet_resnet34,shenzhen,ood_test,False,512,42,False,0.9709436112200428,0.9435280921497289,7.0,2.247814168037427
shenzhen/CHNCXR_0257_0,shenzhen,unet_resnet34_scratch,unet_resnet34,shenzhen,ood_test,True,512,42,False,0.9709436112200428,0.9435280921497289,7.0,2.247814168037427
shenzhen/CHNCXR_0258_0,shenzhen,unet_resnet34_scratch,unet_resnet34,shenzhen,ood_test,False,512,42,False,0.9515626150786831,0.9076008055074228,145.29141996284474,8.713351534173997
shenzhen/CHNCXR_0258_0,shenzhen,unet_resnet34_scratch,unet_resnet34,shenzhen,ood_test,True,512,42,False,0.9591764346814706,0.9215552631996069,10.97703296142687,2.9060636300170812
shenzhen/CHNCXR_0259_0,shenzhen,unet_resnet34_scratch,unet_resnet34,shenzhen,ood_test,False,512,42,False,0.8679099525596965,0.766643920704075,78.4406481131655,12.587770032795895
shenzhen/CHNCXR_0259_0,shenzhen,unet_resnet34_scratch,unet_resnet34,shenzhen,ood_test,True,512,42,False,0.8682711266558998,0.7672077183029539,72.80624869966249,11.492362716366555
shenzhen/CHNCXR_0260_0,shenzhen,unet_resnet34_scratch,unet_resnet34,shenzhen,ood_test,False,512,42,False,0.9094064738975052,0.8338638109722636,118.27931971879316,15.860564240210048
shenzhen/CHNCXR_0260_0,shenzhen,unet_resnet34_scratch,unet_resnet34,shenzhen,ood_test,True,512,42,False,0.9561676345265278,0.9160164660087152,10.0,3.0218310481904336
shenzhen/CHNCXR_0261_0,shenzhen,unet_resnet34_scratch,unet_resnet34,shenzhen,ood_test,False,512,42,False,0.9043257158198961,0.8253599896219208,85.99767426136452,9.938961855787513
shenzhen/CHNCXR_0261_0,shenzhen,unet_resnet34_scratch,unet_resnet34,shenzhen,ood_test,True,512,42,False,0.9141721346807797,0.8419125755370297,68.61896376001427,7.4965129992946595
shenzhen/CHNCXR_0262_0,shenzhen,unet_resnet34_scratch,unet_resnet34,shenzhen,ood_test,False,512,42,False,0.9648149113854269,0.9320216471401019,12.0,3.997225736363069
shenzhen/CHNCXR_0262_0,shenzhen,unet_resnet34_scratch,unet_resnet34,shenzhen,ood_test,True,512,42,False,0.9657862160509478,0.9338361478447716,9.0,2.5230450314795387
shenzhen/CHNCXR_0263_0,shenzhen,unet_resnet34_scratch,unet_resnet34,shenzhen,ood_test,False,512,42,False,0.9362004421988618,0.8800534229718779,67.79558567135186,7.9685213354679405
shenzhen/CHNCXR_0263_0,shenzhen,unet_resnet34_scratch,unet_resnet34,shenzhen,ood_test,True,512,42,False,0.9415967567133625,0.8896389563106796,58.46187202902448,5.78607913194017
shenzhen/CHNCXR_0264_0,shenzhen,unet_resnet34_scratch,unet_resnet34,shenzhen,ood_test,False,512,42,False,0.9523263151855889,0.908991348154638,52.0935728246774,5.027724587584538
shenzhen/CHNCXR_0264_0,shenzhen,unet_resnet34_scratch,unet_resnet34,shenzhen,ood_test,True,512,42,False,0.9568826377680424,0.9173297966401415,11.0,2.9844477103519953
shenzhen/CHNCXR_0265_0,shenzhen,unet_resnet34_scratch,unet_resnet34,shenzhen,ood_test,False,512,42,False,0.8942761078745166,0.8087698151800716,106.27774121438505,12.838853058459168
shenzhen/CHNCXR_0265_0,shenzhen,unet_resnet34_scratch,unet_resnet34,shenzhen,ood_test,True,512,42,False,0.9021645021645022,0.8217665615141956,70.14253802354894,7.845751324524398
shenzhen/CHNCXR_0266_0,shenzhen,unet_resnet34_scratch,unet_resnet34,shenzhen,ood_test,False,512,42,False,0.9362431199537404,0.8801288504127239,58.99166144914795,6.8631861887211105
shenzhen/CHNCXR_0266_0,shenzhen,unet_resnet34_scratch,unet_resnet34,shenzhen,ood_test,True,512,42,False,0.9362431199537404,0.8801288504127239,58.99166144914795,6.8631861887211105
shenzhen/CHNCXR_0267_0,shenzhen,unet_resnet34_scratch,unet_resnet34,shenzhen,ood_test,False,512,42,False,0.9622145785472223,0.9271806663079105,8.0,2.270659277571941
shenzhen/CHNCXR_0267_0,shenzhen,unet_resnet34_scratch,unet_resnet34,shenzhen,ood_test,True,512,42,False,0.9622145785472223,0.9271806663079105,8.0,2.270659277571941
shenzhen/CHNCXR_0268_0,shenzhen,unet_resnet34_scratch,unet_resnet34,shenzhen,ood_test,False,512,42,False,0.9688829550511794,0.9396440101514079,76.47580198073965,5.336958478935416
shenzhen/CHNCXR_0268_0,shenzhen,unet_resnet34_scratch,unet_resnet34,shenzhen,ood_test,True,512,42,False,0.9759364521508365,0.9530037996182872,4.123105625617661,1.701028759923341
shenzhen/CHNCXR_0269_0,shenzhen,unet_resnet34_scratch,unet_resnet34,shenzhen,ood_test,False,512,42,False,0.9536805726980992,0.9114621671102051,9.348206462151097,3.2455886773948257
shenzhen/CHNCXR_0269_0,shenzhen,unet_resnet34_scratch,unet_resnet34,shenzhen,ood_test,True,512,42,False,0.9536805726980992,0.9114621671102051,9.348206462151097,3.2455886773948257
shenzhen/CHNCXR_0270_0,shenzhen,unet_resnet34_scratch,unet_resnet34,shenzhen,ood_test,False,512,42,False,0.9277568027543575,0.8652484857330511,93.4366792342369,10.114374316030107
shenzhen/CHNCXR_0270_0,shenzhen,unet_resnet34_scratch,unet_resnet34,shenzhen,ood_test,True,512,42,False,0.9693612672457844,0.9405441853085832,7.0,2.0596216310982385
shenzhen/CHNCXR_0271_0,shenzhen,unet_resnet34_scratch,unet_resnet34,shenzhen,ood_test,False,512,42,False,0.9665414892910632,0.9352494360204461,6.4031242374328485,2.6606062234889825
shenzhen/CHNCXR_0271_0,shenzhen,unet_resnet34_scratch,unet_resnet34,shenzhen,ood_test,True,512,42,False,0.9667554663459055,0.935650211404411,6.082762530298219,2.486175303175485
shenzhen/CHNCXR_0272_0,shenzhen,unet_resnet34_scratch,unet_resnet34,shenzhen,ood_test,False,512,42,False,0.9727259055557943,0.9469000637868473,6.708203932499369,2.481323517220234
shenzhen/CHNCXR_0272_0,shenzhen,unet_resnet34_scratch,unet_resnet34,shenzhen,ood_test,True,512,42,False,0.9727259055557943,0.9469000637868473,6.708203932499369,2.481323517220234
shenzhen/CHNCXR_0273_0,shenzhen,unet_resnet34_scratch,unet_resnet34,shenzhen,ood_test,False,512,42,False,0.9638119819592087,0.9301516377129797,10.0,3.006144660929963
shenzhen/CHNCXR_0273_0,shenzhen,unet_resnet34_scratch,unet_resnet34,shenzhen,ood_test,True,512,42,False,0.9638119819592087,0.9301516377129797,10.0,3.006144660929963
shenzhen/CHNCXR_0274_0,shenzhen,unet_resnet34_scratch,unet_resnet34,shenzhen,ood_test,False,512,42,False,0.9737116881168985,0.9487701232125191,8.48528137423857,2.4158343624117293
shenzhen/CHNCXR_0274_0,shenzhen,unet_resnet34_scratch,unet_resnet34,shenzhen,ood_test,True,512,42,False,0.9742849721492683,0.9498593134496343,7.683839905378852,2.264942435183635
shenzhen/CHNCXR_0275_0,shenzhen,unet_resnet34_scratch,unet_resnet34,shenzhen,ood_test,False,512,42,False,0.9533775195206101,0.9109086965950987,133.38290460644984,10.10810940992307
shenzhen/CHNCXR_0275_0,shenzhen,unet_resnet34_scratch,unet_resnet34,shenzhen,ood_test,True,512,42,False,0.969541682536385,0.9408839407719362,4.47213595499958,1.9215664035026316
shenzhen/CHNCXR_0276_0,shenzhen,unet_resnet34_scratch,unet_resnet34,shenzhen,ood_test,False,512,42,False,0.9692692278776032,0.940370903918744,47.947792958902404,3.7885571119380543
shenzhen/CHNCXR_0276_0,shenzhen,unet_resnet34_scratch,unet_resnet34,shenzhen,ood_test,True,512,42,False,0.975346352073384,0.9518790608387477,4.0,1.6591010973136182
shenzhen/CHNCXR_0277_0,shenzhen,unet_resnet34_scratch,unet_resnet34,shenzhen,ood_test,False,512,42,False,0.9609552596737528,0.9248449295571477,8.0,2.9866597990251145
shenzhen/CHNCXR_0277_0,shenzhen,unet_resnet34_scratch,unet_resnet34,shenzhen,ood_test,True,512,42,False,0.9609552596737528,0.9248449295571477,8.0,2.9866597990251145
shenzhen/CHNCXR_0278_0,shenzhen,unet_resnet34_scratch,unet_resnet34,shenzhen,ood_test,False,512,42,False,0.9694659341480734,0.9407412780155219,8.94427190999916,2.8478107231502
shenzhen/CHNCXR_0278_0,shenzhen,unet_resnet34_scratch,unet_resnet34,shenzhen,ood_test,True,512,42,False,0.9694659341480734,0.9407412780155219,8.94427190999916,2.8478107231502
shenzhen/CHNCXR_0279_0,shenzhen,unet_resnet34_scratch,unet_resnet34,shenzhen,ood_test,False,512,42,False,0.9710165122274089,0.9436657864445799,6.082762530298219,2.470251883700278
shenzhen/CHNCXR_0279_0,shenzhen,unet_resnet34_scratch,unet_resnet34,shenzhen,ood_test,True,512,42,False,0.9710165122274089,0.9436657864445799,6.082762530298219,2.470251883700278
shenzhen/CHNCXR_0280_0,shenzhen,unet_resnet34_scratch,unet_resnet34,shenzhen,ood_test,False,512,42,False,0.9546756678732429,0.9132817811012917,58.04480966255503,5.75140539284734
shenzhen/CHNCXR_0280_0,shenzhen,unet_resnet34_scratch,unet_resnet34,shenzhen,ood_test,True,512,42,False,0.9556731282233684,0.9151092000510878,41.309278859364234,4.463416661133338
shenzhen/CHNCXR_0281_0,shenzhen,unet_resnet34_scratch,unet_resnet34,shenzhen,ood_test,False,512,42,False,0.913459312960571,0.8407041943818372,53.57233937971932,6.807763253932535
shenzhen/CHNCXR_0281_0,shenzhen,unet_resnet34_scratch,unet_resnet34,shenzhen,ood_test,True,512,42,False,0.913459312960571,0.8407041943818372,53.57233937971932,6.807763253932535
shenzhen/CHNCXR_0282_0,shenzhen,unet_resnet34_scratch,unet_resnet34,shenzhen,ood_test,False,512,42,False,0.9668924057509144,0.9359067837011694,11.180339887498949,2.5599186277241213
shenzhen/CHNCXR_0282_0,shenzhen,unet_resnet34_scratch,unet_resnet34,shenzhen,ood_test,True,512,42,False,0.9668924057509144,0.9359067837011694,11.180339887498949,2.5599186277241213
shenzhen/CHNCXR_0283_0,shenzhen,unet_resnet34_scratch,unet_resnet34,shenzhen,ood_test,False,512,42,False,0.9766268409677082,0.9543213365994598,6.0,1.7219480539293297
shenzhen/CHNCXR_0283_0,shenzhen,unet_resnet34_scratch,unet_resnet34,shenzhen,ood_test,True,512,42,False,0.9766268409677082,0.9543213365994598,6.0,1.7219480539293297
shenzhen/CHNCXR_0284_0,shenzhen,unet_resnet34_scratch,unet_resnet34,shenzhen,ood_test,False,512,42,False,0.9723843912754924,0.9462530376338201,6.0,1.745172704202708
shenzhen/CHNCXR_0284_0,shenzhen,unet_resnet34_scratch,unet_resnet34,shenzhen,ood_test,True,512,42,False,0.9725375485177477,0.9465431530998839,6.0,1.693094628299052
shenzhen/CHNCXR_0285_0,shenzhen,unet_resnet34_scratch,unet_resnet34,shenzhen,ood_test,False,512,42,False,0.9329496658978486,0.8743258270781207,41.829920379145236,5.696646121162668
shenzhen/CHNCXR_0285_0,shenzhen,unet_resnet34_scratch,unet_resnet34,shenzhen,ood_test,True,512,42,False,0.9329496658978486,0.8743258270781207,41.829920379145236,5.696646121162668
shenzhen/CHNCXR_0286_0,shenzhen,unet_resnet34_scratch,unet_resnet34,shenzhen,ood_test,False,512,42,False,0.9312975138689131,0.8714282281127587,57.2660448275737,6.212136636213277
shenzhen/CHNCXR_0286_0,shenzhen,unet_resnet34_scratch,unet_resnet34,shenzhen,ood_test,True,512,42,False,0.9312975138689131,0.8714282281127587,57.2660448275737,6.212136636213277
shenzhen/CHNCXR_0287_0,shenzhen,unet_resnet34_scratch,unet_resnet34,shenzhen,ood_test,False,512,42,False,0.9183409864003084,0.8490115413952208,71.61072401315006,9.266059498298981
shenzhen/CHNCXR_0287_0,shenzhen,unet_resnet34_scratch,unet_resnet34,shenzhen,ood_test,True,512,42,False,0.9198214491340012,0.8515457452812442,69.41761263096285,8.211486720178767
shenzhen/CHNCXR_0288_0,shenzhen,unet_resnet34_scratch,unet_resnet34,shenzhen,ood_test,False,512,42,False,0.967724543230511,0.937467356105714,7.211102550927978,2.6962174752782753
shenzhen/CHNCXR_0288_0,shenzhen,unet_resnet34_scratch,unet_resnet34,shenzhen,ood_test,True,512,42,False,0.967724543230511,0.937467356105714,7.211102550927978,2.6962174752782753
shenzhen/CHNCXR_0289_0,shenzhen,unet_resnet34_scratch,unet_resnet34,shenzhen,ood_test,False,512,42,False,0.9106711998245229,0.835992952428895,50.78788938427834,7.3968789634772065
shenzhen/CHNCXR_0289_0,shenzhen,unet_resnet34_scratch,unet_resnet34,shenzhen,ood_test,True,512,42,False,0.9121551108588586,0.8384973997340829,50.78788938427834,6.425517414124542
shenzhen/CHNCXR_0290_0,shenzhen,unet_resnet34_scratch,unet_resnet34,shenzhen,ood_test,False,512,42,False,0.9043468499170081,0.8253951990632319,48.82313387422356,7.901592543783192
shenzhen/CHNCXR_0290_0,shenzhen,unet_resnet34_scratch,unet_resnet34,shenzhen,ood_test,True,512,42,False,0.9045064119529389,0.8256610735307037,48.82313387422356,7.298508387218003
shenzhen/CHNCXR_0291_0,shenzhen,unet_resnet34_scratch,unet_resnet34,shenzhen,ood_test,False,512,42,False,0.9700892602447007,0.9419158600823874,7.8576872569299905,2.7616523185003192
shenzhen/CHNCXR_0291_0,shenzhen,unet_resnet34_scratch,unet_resnet34,shenzhen,ood_test,True,512,42,False,0.9700892602447007,0.9419158600823874,7.8576872569299905,2.7616523185003192
shenzhen/CHNCXR_0292_0,shenzhen,unet_resnet34_scratch,unet_resnet34,shenzhen,ood_test,False,512,42,False,0.9106013961756927,0.8358753104502324,60.99242086397179,9.467450529221132
shenzhen/CHNCXR_0292_0,shenzhen,unet_resnet34_scratch,unet_resnet34,shenzhen,ood_test,True,512,42,False,0.9106961657545771,0.8360350318471338,58.63627235769553,9.141826518231625
shenzhen/CHNCXR_0293_0,shenzhen,unet_resnet34_scratch,unet_resnet34,shenzhen,ood_test,False,512,42,False,0.9003996982877123,0.8188427166540587,62.87907187613713,7.737401437800686
shenzhen/CHNCXR_0293_0,shenzhen,unet_resnet34_scratch,unet_resnet34,shenzhen,ood_test,True,512,42,False,0.9030926085665398,0.8233079798891324,62.87907187613713,7.062072281506554
shenzhen/CHNCXR_0294_0,shenzhen,unet_resnet34_scratch,unet_resnet34,shenzhen,ood_test,False,512,42,False,0.8365295803942228,0.7189951427193715,117.32731623442385,15.459768662553556
shenzhen/CHNCXR_0294_0,shenzhen,unet_resnet34_scratch,unet_resnet34,shenzhen,ood_test,True,512,42,False,0.8404338681073947,0.7247830416844502,63.12685640834652,12.11450984817959
shenzhen/CHNCXR_0295_0,shenzhen,unet_resnet34_scratch,unet_resnet34,shenzhen,ood_test,False,512,42,False,0.8978471230626865,0.81463029480778,78.99073080117007,9.065759162695448
shenzhen/CHNCXR_0295_0,shenzhen,unet_resnet34_scratch,unet_resnet34,shenzhen,ood_test,True,512,42,False,0.8978471230626865,0.81463029480778,78.99073080117007,9.065759162695448
shenzhen/CHNCXR_0296_0,shenzhen,unet_resnet34_scratch,unet_resnet34,shenzhen,ood_test,False,512,42,False,0.9718054674416877,0.9451572019388981,40.72765982365532,3.9302834975859575
shenzhen/CHNCXR_0296_0,shenzhen,unet_resnet34_scratch,unet_resnet34,shenzhen,ood_test,True,512,42,False,0.9718054674416877,0.9451572019388981,40.72765982365532,3.9302834975859575
shenzhen/CHNCXR_0297_0,shenzhen,unet_resnet34_scratch,unet_resnet34,shenzhen,ood_test,False,512,42,False,0.7736672485564657,0.6308787298111141,62.275121897136685,17.367521377831185
shenzhen/CHNCXR_0297_0,shenzhen,unet_resnet34_scratch,unet_resnet34,shenzhen,ood_test,True,512,42,False,0.7736672485564657,0.6308787298111141,62.275121897136685,17.367521377831185
shenzhen/CHNCXR_0298_0,shenzhen,unet_resnet34_scratch,unet_resnet34,shenzhen,ood_test,False,512,42,False,0.9118285497708714,0.8379456652523589,58.02066738754869,6.646401475828445
shenzhen/CHNCXR_0298_0,shenzhen,unet_resnet34_scratch,unet_resnet34,shenzhen,ood_test,True,512,42,False,0.9118285497708714,0.8379456652523589,58.02066738754869,6.646401475828445
shenzhen/CHNCXR_0299_0,shenzhen,unet_resnet34_scratch,unet_resnet34,shenzhen,ood_test,False,512,42,False,0.9242313978597249,0.859135873663665,124.6647424740973,11.096213462045334
shenzhen/CHNCXR_0299_0,shenzhen,unet_resnet34_scratch,unet_resnet34,shenzhen,ood_test,True,512,42,False,0.938325137472445,0.8838159125653137,19.118014263255642,3.7351232961270804
shenzhen/CHNCXR_0300_0,shenzhen,unet_resnet34_scratch,unet_resnet34,shenzhen,ood_test,False,512,42,False,0.9524277887489531,0.9091762634783247,83.13231867228266,6.2401308564671885
shenzhen/CHNCXR_0300_0,shenzhen,unet_resnet34_scratch,unet_resnet34,shenzhen,ood_test,True,512,42,False,0.9550624133148405,0.913989912397133,13.0,3.5603866044792913
shenzhen/CHNCXR_0301_0,shenzhen,unet_resnet34_scratch,unet_resnet34,shenzhen,ood_test,False,512,42,False,0.9517581035144226,0.9079565572654229,120.30378215168466,8.698193065208944
shenzhen/CHNCXR_0301_0,shenzhen,unet_resnet34_scratch,unet_resnet34,shenzhen,ood_test,True,512,42,False,0.9630920351745184,0.9288114932520679,8.546919821403783,2.5562103764038775
shenzhen/CHNCXR_0302_0,shenzhen,unet_resnet34_scratch,unet_resnet34,shenzhen,ood_test,False,512,42,False,0.9521288675536622,0.908631641880278,27.202941017470888,4.839036542242972
shenzhen/CHNCXR_0302_0,shenzhen,unet_resnet34_scratch,unet_resnet34,shenzhen,ood_test,True,512,42,False,0.9544459010731079,0.9128613259253697,15.314504817755967,3.4693809713860437
shenzhen/CHNCXR_0303_0,shenzhen,unet_resnet34_scratch,unet_resnet34,shenzhen,ood_test,False,512,42,False,0.7271148921394158,0.5712337175202892,138.45215780189199,20.896888139272534
shenzhen/CHNCXR_0303_0,shenzhen,unet_resnet34_scratch,unet_resnet34,shenzhen,ood_test,True,512,42,False,0.7273990447242726,0.5715845502934352,138.6563453344796,20.814869423467133
shenzhen/CHNCXR_0304_0,shenzhen,unet_resnet34_scratch,unet_resnet34,shenzhen,ood_test,False,512,42,False,0.9673718305135605,0.9368055792964343,29.875010556352727,4.154574828317293
shenzhen/CHNCXR_0304_0,shenzhen,unet_resnet34_scratch,unet_resnet34,shenzhen,ood_test,True,512,42,False,0.9736101118305931,0.9485772639158128,5.0,1.8083339787272272
shenzhen/CHNCXR_0305_0,shenzhen,unet_resnet34_scratch,unet_resnet34,shenzhen,ood_test,False,512,42,False,0.9739720679737729,0.9492646716257979,5.830951894845301,1.9475078047614085
shenzhen/CHNCXR_0305_0,shenzhen,unet_resnet34_scratch,unet_resnet34,shenzhen,ood_test,True,512,42,False,0.9739720679737729,0.9492646716257979,5.830951894845301,1.9475078047614085
shenzhen/CHNCXR_0306_0,shenzhen,unet_resnet34_scratch,unet_resnet34,shenzhen,ood_test,False,512,42,False,0.9625854713342294,0.9278696651493984,46.89239084130459,4.622235948381628
shenzhen/CHNCXR_0306_0,shenzhen,unet_resnet34_scratch,unet_resnet34,shenzhen,ood_test,True,512,42,False,0.9647166319143453,0.931838240286044,17.036568757543094,2.765477451438815
shenzhen/CHNCXR_0307_0,shenzhen,unet_resnet34_scratch,unet_resnet34,shenzhen,ood_test,False,512,42,False,0.9020690713148862,0.8216082157328489,104.56982602814337,10.642057115286406
shenzhen/CHNCXR_0307_0,shenzhen,unet_resnet34_scratch,unet_resnet34,shenzhen,ood_test,True,512,42,False,0.9038108687089925,0.8245026728595215,90.50409515358935,8.556713800802918
shenzhen/CHNCXR_0308_0,shenzhen,unet_resnet34_scratch,unet_resnet34,shenzhen,ood_test,False,512,42,False,0.9751856456436275,0.9515729766061739,5.370857542457431,1.8856306178600468
shenzhen/CHNCXR_0308_0,shenzhen,unet_resnet34_scratch,unet_resnet34,shenzhen,ood_test,True,512,42,False,0.9751856456436275,0.9515729766061739,5.370857542457431,1.8856306178600468
shenzhen/CHNCXR_0309_0,shenzhen,unet_resnet34_scratch,unet_resnet34,shenzhen,ood_test,False,512,42,False,0.9497998827009713,0.9043989493580774,114.98953447027965,9.456761269375336
shenzhen/CHNCXR_0309_0,shenzhen,unet_resnet34_scratch,unet_resnet34,shenzhen,ood_test,True,512,42,False,0.9563084430543208,0.9162749633166704,39.66106403010388,4.572034629985684
shenzhen/CHNCXR_0310_0,shenzhen,unet_resnet34_scratch,unet_resnet34,shenzhen,ood_test,False,512,42,False,0.9682014792069561,0.9383629261871719,8.037056941059324,3.30620300645434
shenzhen/CHNCXR_0310_0,shenzhen,unet_resnet34_scratch,unet_resnet34,shenzhen,ood_test,True,512,42,False,0.9688450970543918,0.9395727977307565,7.0710678118654755,2.417077456803657
shenzhen/CHNCXR_0311_0,shenzhen,unet_resnet34_scratch,unet_resnet34,shenzhen,ood_test,False,512,42,False,0.9676265538814877,0.9372834583449835,9.0,2.598563660023054
shenzhen/CHNCXR_0311_0,shenzhen,unet_resnet34_scratch,unet_resnet34,shenzhen,ood_test,True,512,42,False,0.9676265538814877,0.9372834583449835,9.0,2.598563660023054
shenzhen/CHNCXR_0312_0,shenzhen,unet_resnet34_scratch,unet_resnet34,shenzhen,ood_test,False,512,42,False,0.977772476042785,0.9565115917224211,4.47213595499958,1.5406895924486106
shenzhen/CHNCXR_0312_0,shenzhen,unet_resnet34_scratch,unet_resnet34,shenzhen,ood_test,True,512,42,False,0.977772476042785,0.9565115917224211,4.47213595499958,1.5406895924486106
shenzhen/CHNCXR_0313_0,shenzhen,unet_resnet34_scratch,unet_resnet34,shenzhen,ood_test,False,512,42,False,0.9502346509265083,0.9051876705257724,29.231596333870186,4.207808840857492
shenzhen/CHNCXR_0313_0,shenzhen,unet_resnet34_scratch,unet_resnet34,shenzhen,ood_test,True,512,42,False,0.9515236664890266,0.9075299423332841,14.820191402004857,3.3763639759353943
shenzhen/CHNCXR_0314_0,shenzhen,unet_resnet34_scratch,unet_resnet34,shenzhen,ood_test,False,512,42,False,0.9725754463701891,0.9466149538028422,5.0,2.1633320382322787
shenzhen/CHNCXR_0314_0,shenzhen,unet_resnet34_scratch,unet_resnet34,shenzhen,ood_test,True,512,42,False,0.9732792400249425,0.9479493139386669,4.47213595499958,2.009016486662037
shenzhen/CHNCXR_0315_0,shenzhen,unet_resnet34_scratch,unet_resnet34,shenzhen,ood_test,False,512,42,False,0.9771749455215958,0.9553686050640517,7.0,1.8583515073925407
shenzhen/CHNCXR_0315_0,shenzhen,unet_resnet34_scratch,unet_resnet34,shenzhen,ood_test,True,512,42,False,0.9771749455215958,0.9553686050640517,7.0,1.8583515073925407
shenzhen/CHNCXR_0316_0,shenzhen,unet_resnet34_scratch,unet_resnet34,shenzhen,ood_test,False,512,42,False,0.9433663149838736,0.8928035594184903,92.02716990106781,9.414196025896048
shenzhen/CHNCXR_0316_0,shenzhen,unet_resnet34_scratch,unet_resnet34,shenzhen,ood_test,True,512,42,False,0.9572531046102856,0.9180109850650991,9.433981132056603,3.434798582902418
shenzhen/CHNCXR_0317_0,shenzhen,unet_resnet34_scratch,unet_resnet34,shenzhen,ood_test,False,512,42,False,0.9728879261201687,0.9472071752064648,4.242640687119285,1.9968492636913173
shenzhen/CHNCXR_0317_0,shenzhen,unet_resnet34_scratch,unet_resnet34,shenzhen,ood_test,True,512,42,False,0.9728879261201687,0.9472071752064648,4.242640687119285,1.9968492636913173
shenzhen/CHNCXR_0318_0,shenzhen,unet_resnet34_scratch,unet_resnet34,shenzhen,ood_test,False,512,42,False,0.9669790062086733,0.9360690750918136,10.944996147917557,4.571436022983609
shenzhen/CHNCXR_0318_0,shenzhen,unet_resnet34_scratch,unet_resnet34,shenzhen,ood_test,True,512,42,False,0.968086037725684,0.9381460791479587,9.0,2.641013342697881
shenzhen/CHNCXR_0319_0,shenzhen,unet_resnet34_scratch,unet_resnet34,shenzhen,ood_test,False,512,42,False,0.9291435503148581,0.8676639624181646,120.1889023287519,11.326947770991426
shenzhen/CHNCXR_0319_0,shenzhen,unet_resnet34_scratch,unet_resnet34,shenzhen,ood_test,True,512,42,False,0.9337241404037144,0.8756872173372114,50.26478783905401,6.099869597361308
shenzhen/CHNCXR_0320_0,shenzhen,unet_resnet34_scratch,unet_resnet34,shenzhen,ood_test,False,512,42,False,0.9618045592220628,0.9264195559377207,6.708203932499369,2.8713484488946346
shenzhen/CHNCXR_0320_0,shenzhen,unet_resnet34_scratch,unet_resnet34,shenzhen,ood_test,True,512,42,False,0.9618045592220628,0.9264195559377207,6.708203932499369,2.8713484488946346
shenzhen/CHNCXR_0321_0,shenzhen,unet_resnet34_scratch,unet_resnet34,shenzhen,ood_test,False,512,42,False,0.9640513844914846,0.9305976860814292,13.601470508735444,2.740720954746823
shenzhen/CHNCXR_0321_0,shenzhen,unet_resnet34_scratch,unet_resnet34,shenzhen,ood_test,True,512,42,False,0.9640513844914846,0.9305976860814292,13.601470508735444,2.740720954746823
shenzhen/CHNCXR_0322_0,shenzhen,unet_resnet34_scratch,unet_resnet34,shenzhen,ood_test,False,512,42,False,0.9703036453835437,0.9423201714110805,8.0,3.373455906940665
shenzhen/CHNCXR_0322_0,shenzhen,unet_resnet34_scratch,unet_resnet34,shenzhen,ood_test,True,512,42,False,0.9707197406839838,0.9431053708627937,7.810249675906654,2.408322142989453
shenzhen/CHNCXR_0323_0,shenzhen,unet_resnet34_scratch,unet_resnet34,shenzhen,ood_test,False,512,42,False,0.9616024243320153,0.9260445583315539,9.0,2.7987528439656613
shenzhen/CHNCXR_0323_0,shenzhen,unet_resnet34_scratch,unet_resnet34,shenzhen,ood_test,True,512,42,False,0.9615043430049899,0.9258626519317352,9.0,2.8454625837330267
shenzhen/CHNCXR_0324_0,shenzhen,unet_resnet34_scratch,unet_resnet34,shenzhen,ood_test,False,512,42,False,0.9477228397163999,0.9006399411548364,29.410882339705484,4.699009019389097
shenzhen/CHNCXR_0324_0,shenzhen,unet_resnet34_scratch,unet_resnet34,shenzhen,ood_test,True,512,42,False,0.9477228397163999,0.9006399411548364,29.410882339705484,4.699009019389097
shenzhen/CHNCXR_0325_0,shenzhen,unet_resnet34_scratch,unet_resnet34,shenzhen,ood_test,False,512,42,False,0.9671056608661859,0.9363064780442125,7.0,2.780108873457551
shenzhen/CHNCXR_0325_0,shenzhen,unet_resnet34_scratch,unet_resnet34,shenzhen,ood_test,True,512,42,False,0.9676655606249136,0.9373566585753745,5.830951894845301,2.458339072788931
shenzhen/CHNCXR_0326_0,shenzhen,unet_resnet34_scratch,unet_resnet34,shenzhen,ood_test,False,512,42,False,0.9223817331147279,0.8559447825441591,77.04413921185484,10.418341309822205
shenzhen/CHNCXR_0326_0,shenzhen,unet_resnet34_scratch,unet_resnet34,shenzhen,ood_test,True,512,42,False,0.9235635635635636,0.8579824430888261,71.16635082606905,9.207543380886753
shenzhen/CHNCXR_0327_1,shenzhen,unet_resnet34_scratch,unet_resnet34,shenzhen,ood_test,False,512,42,False,0.9167659031684263,0.8463229747382753,62.63582263507541,8.829917619420467
shenzhen/CHNCXR_0327_1,shenzhen,unet_resnet34_scratch,unet_resnet34,shenzhen,ood_test,True,512,42,False,0.9167281207023698,0.8462585784990156,61.4726353502399,8.724025808647566
shenzhen/CHNCXR_0328_1,shenzhen,unet_resnet34_scratch,unet_resnet34,shenzhen,ood_test,False,512,42,False,0.8623470417320983,0.7580053613582107,125.26044754886959,15.723918465464797
shenzhen/CHNCXR_0328_1,shenzhen,unet_resnet34_scratch,unet_resnet34,shenzhen,ood_test,True,512,42,False,0.866395835397596,0.7642842735157668,71.40202298874425,10.906767199357258
shenzhen/CHNCXR_0329_1,shenzhen,unet_resnet34_scratch,unet_resnet34,shenzhen,ood_test,False,512,42,False,0.97398783301867,0.9492946227765283,7.280109889280518,2.359927127624357
shenzhen/CHNCXR_0329_1,shenzhen,unet_resnet34_scratch,unet_resnet34,shenzhen,ood_test,True,512,42,False,0.9747091582354142,0.9506660144919293,6.4031242374328485,2.191753434461154
shenzhen/CHNCXR_0330_1,shenzhen,unet_resnet34_scratch,unet_resnet34,shenzhen,ood_test,False,512,42,False,0.9812328971590626,0.9631572264384993,5.0,1.8901092467457627
shenzhen/CHNCXR_0330_1,shenzhen,unet_resnet34_scratch,unet_resnet34,shenzhen,ood_test,True,512,42,False,0.9812328971590626,0.9631572264384993,5.0,1.8901092467457627
shenzhen/CHNCXR_0331_1,shenzhen,unet_resnet34_scratch,unet_resnet34,shenzhen,ood_test,False,512,42,False,0.9717887616265662,0.9451255980861244,10.295630140987,2.6610552133994276
shenzhen/CHNCXR_0331_1,shenzhen,unet_resnet34_scratch,unet_resnet34,shenzhen,ood_test,True,512,42,False,0.9717887616265662,0.9451255980861244,10.295630140987,2.6610552133994276
shenzhen/CHNCXR_0332_1,shenzhen,unet_resnet34_scratch,unet_resnet34,shenzhen,ood_test,False,512,42,False,0.9288703410562671,0.867187583968358,40.0,6.059453043006932
shenzhen/CHNCXR_0332_1,shenzhen,unet_resnet34_scratch,unet_resnet34,shenzhen,ood_test,True,512,42,False,0.9273638035289167,0.8645650842101869,40.0,6.225299742739704
shenzhen/CHNCXR_0333_1,shenzhen,unet_resnet34_scratch,unet_resnet34,shenzhen,ood_test,False,512,42,False,0.9578547540140131,0.9191182876891354,17.08800749063506,3.0664359143900026
shenzhen/CHNCXR_0333_1,shenzhen,unet_resnet34_scratch,unet_resnet34,shenzhen,ood_test,True,512,42,False,0.9498634492316471,0.9045142258277374,57.214505146644306,5.280960469653116
shenzhen/CHNCXR_0334_1,shenzhen,unet_resnet34_scratch,unet_resnet34,shenzhen,ood_test,False,512,42,False,0.9631918700875163,0.928997219735168,39.20262050454521,4.253343737071073
shenzhen/CHNCXR_0334_1,shenzhen,unet_resnet34_scratch,unet_resnet34,shenzhen,ood_test,True,512,42,False,0.9631918700875163,0.928997219735168,39.20262050454521,4.253343737071073
shenzhen/CHNCXR_0335_1,shenzhen,unet_resnet34_scratch,unet_resnet34,shenzhen,ood_test,False,512,42,False,0.9699762065218887,0.941702718581424,8.0,2.8269046123644603
shenzhen/CHNCXR_0335_1,shenzhen,unet_resnet34_scratch,unet_resnet34,shenzhen,ood_test,True,512,42,False,0.9705635450354366,0.9428105448906475,7.0,2.3349429236643955
shenzhen/CHNCXR_0337_1,shenzhen,unet_resnet34_scratch,unet_resnet34,shenzhen,ood_test,False,512,42,False,0.9180840604958459,0.8485724509397717,79.07840048876432,8.415261374219817
shenzhen/CHNCXR_0337_1,shenzhen,unet_resnet34_scratch,unet_resnet34,shenzhen,ood_test,True,512,42,False,0.9182197043029926,0.8488042423728653,79.07840048876432,8.326669097835984
shenzhen/CHNCXR_0338_1,shenzhen,unet_resnet34_scratch,unet_resnet34,shenzhen,ood_test,False,512,42,False,0.8837725743770615,0.7917495611468696,67.00261179485133,9.741829826880336
shenzhen/CHNCXR_0338_1,shenzhen,unet_resnet34_scratch,unet_resnet34,shenzhen,ood_test,True,512,42,False,0.8836777885193217,0.7915974253949678,67.00261179485133,9.767647377418461
shenzhen/CHNCXR_0339_1,shenzhen,unet_resnet34_scratch,unet_resnet34,shenzhen,ood_test,False,512,42,False,0.8385706916954072,0.7220161276277061,93.28393985492143,15.227050556545535
shenzhen/CHNCXR_0339_1,shenzhen,unet_resnet34_scratch,unet_resnet34,shenzhen,ood_test,True,512,42,False,0.8385706916954072,0.7220161276277061,93.28393985492143,15.227050556545535
shenzhen/CHNCXR_0340_1,shenzhen,unet_resnet34_scratch,unet_resnet34,shenzhen,ood_test,False,512,42,False,0.9151596696744887,0.8435892767739293,48.033275663033805,6.61729488662201
shenzhen/CHNCXR_0340_1,shenzhen,unet_resnet34_scratch,unet_resnet34,shenzhen,ood_test,True,512,42,False,0.8886259522664575,0.7995741434476162,61.46260817785471,8.762165355611677
shenzhen/CHNCXR_0361_1,shenzhen,unet_resnet34_scratch,unet_resnet34,shenzhen,ood_test,False,512,42,False,0.9298428559770042,0.8688844074632683,38.04865122454244,6.028177015234945
shenzhen/CHNCXR_0361_1,shenzhen,unet_resnet34_scratch,unet_resnet34,shenzhen,ood_test,True,512,42,False,0.9269161866969737,0.8637873157771914,116.17667704647002,10.949372242069995
shenzhen/CHNCXR_0362_1,shenzhen,unet_resnet34_scratch,unet_resnet34,shenzhen,ood_test,False,512,42,False,0.9700569384258793,0.9418549186042245,7.0,2.5207360272792263
shenzhen/CHNCXR_0362_1,shenzhen,unet_resnet34_scratch,unet_resnet34,shenzhen,ood_test,True,512,42,False,0.9700569384258793,0.9418549186042245,7.0,2.5207360272792263
shenzhen/CHNCXR_0363_1,shenzhen,unet_resnet34_scratch,unet_resnet34,shenzhen,ood_test,False,512,42,False,0.9502218237053592,0.905164391070996,110.76551810017412,11.231548840998233
shenzhen/CHNCXR_0363_1,shenzhen,unet_resnet34_scratch,unet_resnet34,shenzhen,ood_test,True,512,42,False,0.9608563560210841,0.9246617265943454,11.40175425099138,3.399697137625031
shenzhen/CHNCXR_0364_1,shenzhen,unet_resnet34_scratch,unet_resnet34,shenzhen,ood_test,False,512,42,False,0.9168192199731506,0.8464138552665464,62.74826516782761,7.778566702321718
shenzhen/CHNCXR_0364_1,shenzhen,unet_resnet34_scratch,unet_resnet34,shenzhen,ood_test,True,512,42,False,0.9177872993987416,0.8480655409873079,62.12889826803627,7.058938269794824
shenzhen/CHNCXR_0365_1,shenzhen,unet_resnet34_scratch,unet_resnet34,shenzhen,ood_test,False,512,42,False,0.953542065916241,0.9112091703438879,54.08326913195984,6.212313685928409
shenzhen/CHNCXR_0365_1,shenzhen,unet_resnet34_scratch,unet_resnet34,shenzhen,ood_test,True,512,42,False,0.9575440716706513,0.9185463343330225,17.4928556845359,3.9196140716916354
shenzhen/CHNCXR_0366_1,shenzhen,unet_resnet34_scratch,unet_resnet34,shenzhen,ood_test,False,512,42,False,0.8943906501425627,0.8089572055969768,116.02018311647228,15.980203644357216
shenzhen/CHNCXR_0366_1,shenzhen,unet_resnet34_scratch,unet_resnet34,shenzhen,ood_test,True,512,42,False,0.9398955737510384,0.8866065931605753,15.524174696260024,4.101036144384855
shenzhen/CHNCXR_0367_1,shenzhen,unet_resnet34_scratch,unet_resnet34,shenzhen,ood_test,False,512,42,False,0.8755152334634593,0.7785923469288804,53.23109673916707,9.888202466778008
shenzhen/CHNCXR_0367_1,shenzhen,unet_resnet34_scratch,unet_resnet34,shenzhen,ood_test,True,512,42,False,0.8739681153090194,0.7761486394755727,53.93968005571561,10.280486257108572
shenzhen/CHNCXR_0368_1,shenzhen,unet_resnet34_scratch,unet_resnet34,shenzhen,ood_test,False,512,42,False,0.9100313331548866,0.8349151318165403,40.283141039730324,9.651242464520253
shenzhen/CHNCXR_0368_1,shenzhen,unet_resnet34_scratch,unet_resnet34,shenzhen,ood_test,True,512,42,False,0.9121823764830325,0.8385434807848601,22.0,6.820705842393636
shenzhen/CHNCXR_0369_1,shenzhen,unet_resnet34_scratch,unet_resnet34,shenzhen,ood_test,False,512,42,False,0.9533905188939793,0.9109324309640967,7.280109889280518,3.5474138885600492
shenzhen/CHNCXR_0369_1,shenzhen,unet_resnet34_scratch,unet_resnet34,shenzhen,ood_test,True,512,42,False,0.9533905188939793,0.9109324309640967,7.280109889280518,3.5474138885600492
shenzhen/CHNCXR_0370_1,shenzhen,unet_resnet34_scratch,unet_resnet34,shenzhen,ood_test,False,512,42,False,0.8647095352320187,0.7616636993500504,53.66091587511206,10.077049435104268
shenzhen/CHNCXR_0370_1,shenzhen,unet_resnet34_scratch,unet_resnet34,shenzhen,ood_test,True,512,42,False,0.8647832440331222,0.761778082897108,51.35794421660782,9.732101713172835
shenzhen/CHNCXR_0371_1,shenzhen,unet_resnet34_scratch,unet_resnet34,shenzhen,ood_test,False,512,42,False,0.9572423096379448,0.9179911291812973,7.0,3.1923552840645555
shenzhen/CHNCXR_0371_1,shenzhen,unet_resnet34_scratch,unet_resnet34,shenzhen,ood_test,True,512,42,False,0.9573729943303192,0.9182315335438651,6.708203932499369,3.1289908375759397
shenzhen/CHNCXR_0372_1,shenzhen,unet_resnet34_scratch,unet_resnet34,shenzhen,ood_test,False,512,42,False,0.9196497068828255,0.8512514068278043,63.370664487951956,6.999834414541456
shenzhen/CHNCXR_0372_1,shenzhen,unet_resnet34_scratch,unet_resnet34,shenzhen,ood_test,True,512,42,False,0.9212231937013354,0.8539516129032259,64.50197568952584,6.790459493973726
shenzhen/CHNCXR_0373_1,shenzhen,unet_resnet34_scratch,unet_resnet34,shenzhen,ood_test,False,512,42,False,0.963588081435978,0.9297346587552336,7.615773105863909,2.936726645262036
shenzhen/CHNCXR_0373_1,shenzhen,unet_resnet34_scratch,unet_resnet34,shenzhen,ood_test,True,512,42,False,0.963588081435978,0.9297346587552336,7.615773105863909,2.936726645262036
shenzhen/CHNCXR_0374_1,shenzhen,unet_resnet34_scratch,unet_resnet34,shenzhen,ood_test,False,512,42,False,0.9315536291845212,0.8718768247333969,25.52069118973162,7.523718321424059
shenzhen/CHNCXR_0374_1,shenzhen,unet_resnet34_scratch,unet_resnet34,shenzhen,ood_test,True,512,42,False,0.9335384463511546,0.875360619571422,16.540840786291604,5.11608645686413
shenzhen/CHNCXR_0375_1,shenzhen,unet_resnet34_scratch,unet_resnet34,shenzhen,ood_test,False,512,42,False,0.9467723063550965,0.8989246219671673,8.0,4.362957979354635
shenzhen/CHNCXR_0375_1,shenzhen,unet_resnet34_scratch,unet_resnet34,shenzhen,ood_test,True,512,42,False,0.9467723063550965,0.8989246219671673,8.0,4.362957979354635
shenzhen/CHNCXR_0376_1,shenzhen,unet_resnet34_scratch,unet_resnet34,shenzhen,ood_test,False,512,42,False,0.9475966210660088,0.9004119903395369,56.366602566211135,5.734952735893003
shenzhen/CHNCXR_0376_1,shenzhen,unet_resnet34_scratch,unet_resnet34,shenzhen,ood_test,True,512,42,False,0.9513183569320058,0.9071564885496183,17.843129638929547,3.79553286828858
shenzhen/CHNCXR_0377_1,shenzhen,unet_resnet34_scratch,unet_resnet34,shenzhen,ood_test,False,512,42,False,0.73070864065703,0.5756823563624278,170.12686336584747,38.39289664608829
shenzhen/CHNCXR_0377_1,shenzhen,unet_resnet34_scratch,unet_resnet34,shenzhen,ood_test,True,512,42,False,0.8343468705783184,0.7157762884334766,172.45144633463892,24.39012422519704
shenzhen/CHNCXR_0378_1,shenzhen,unet_resnet34_scratch,unet_resnet34,shenzhen,ood_test,False,512,42,False,0.9174607384393885,0.8475080498390032,127.47627065207706,13.946482696536055
shenzhen/CHNCXR_0378_1,shenzhen,unet_resnet34_scratch,unet_resnet34,shenzhen,ood_test,True,512,42,False,0.9329698802723971,0.8743613352831789,10.057283791424117,4.282768699023177
shenzhen/CHNCXR_0379_1,shenzhen,unet_resnet34_scratch,unet_resnet34,shenzhen,ood_test,False,512,42,False,0.8932205857054005,0.8070448132383184,75.8642025358835,11.55219417154122
shenzhen/CHNCXR_0379_1,shenzhen,unet_resnet34_scratch,unet_resnet34,shenzhen,ood_test,True,512,42,False,0.8934984479141157,0.8074985943126488,66.30887658016178,11.08618277566567
shenzhen/CHNCXR_0380_1,shenzhen,unet_resnet34_scratch,unet_resnet34,shenzhen,ood_test,False,512,42,False,0.6364245888912414,0.4667322274268264,227.5804234310763,40.34455588254445
shenzhen/CHNCXR_0380_1,shenzhen,unet_resnet34_scratch,unet_resnet34,shenzhen,ood_test,True,512,42,False,0.43807578517356466,0.28047185709470845,234.00384593336375,56.99573403293954
shenzhen/CHNCXR_0381_1,shenzhen,unet_resnet34_scratch,unet_resnet34,shenzhen,ood_test,False,512,42,False,0.8715655650368374,0.7723670405939795,132.52281832650635,19.607156175701043
shenzhen/CHNCXR_0381_1,shenzhen,unet_resnet34_scratch,unet_resnet34,shenzhen,ood_test,True,512,42,False,0.8804334826726525,0.7864056927804894,137.0624500590708,16.223935282050842
shenzhen/CHNCXR_0382_1,shenzhen,unet_resnet34_scratch,unet_resnet34,shenzhen,ood_test,False,512,42,False,0.9486027944111777,0.9022306597057428,27.74053129492698,4.819830523476326
shenzhen/CHNCXR_0382_1,shenzhen,unet_resnet34_scratch,unet_resnet34,shenzhen,ood_test,True,512,42,False,0.9488057040998218,0.9025978430441566,24.803975315279473,4.28033192607104
shenzhen/CHNCXR_0383_1,shenzhen,unet_resnet34_scratch,unet_resnet34,shenzhen,ood_test,False,512,42,False,0.9572699560470722,0.9180419818135463,11.0,4.185379718870621
shenzhen/CHNCXR_0383_1,shenzhen,unet_resnet34_scratch,unet_resnet34,shenzhen,ood_test,True,512,42,False,0.9579575585055912,0.9193076216087416,8.963776741499448,3.060444086553354
shenzhen/CHNCXR_0384_1,shenzhen,unet_resnet34_scratch,unet_resnet34,shenzhen,ood_test,False,512,42,False,0.9221068463830157,0.8554714753394516,61.406324914422626,7.456646639454531
shenzhen/CHNCXR_0384_1,shenzhen,unet_resnet34_scratch,unet_resnet34,shenzhen,ood_test,True,512,42,False,0.9221068463830157,0.8554714753394516,61.406324914422626,7.456646639454531
shenzhen/CHNCXR_0385_1,shenzhen,unet_resnet34_scratch,unet_resnet34,shenzhen,ood_test,False,512,42,False,0.9583230856797532,0.9199811117107394,9.433981132056603,3.2771354414131864
shenzhen/CHNCXR_0385_1,shenzhen,unet_resnet34_scratch,unet_resnet34,shenzhen,ood_test,True,512,42,False,0.9583230856797532,0.9199811117107394,9.433981132056603,3.2771354414131864
shenzhen/CHNCXR_0386_1,shenzhen,unet_resnet34_scratch,unet_resnet34,shenzhen,ood_test,False,512,42,False,0.9067464145604219,0.8294017295135008,91.1235057199651,9.850421714885629
shenzhen/CHNCXR_0386_1,shenzhen,unet_resnet34_scratch,unet_resnet34,shenzhen,ood_test,True,512,42,False,0.9072277721474189,0.8302075666126896,83.69823253342719,8.560842737774434
shenzhen/CHNCXR_0387_1,shenzhen,unet_resnet34_scratch,unet_resnet34,shenzhen,ood_test,False,512,42,False,0.9368997038753701,0.8812900412977922,42.04759208325728,5.906957547211614
shenzhen/CHNCXR_0387_1,shenzhen,unet_resnet34_scratch,unet_resnet34,shenzhen,ood_test,True,512,42,False,0.9368312624734436,0.8811689334027685,42.052942406123286,5.838017266404529
shenzhen/CHNCXR_0388_1,shenzhen,unet_resnet34_scratch,unet_resnet34,shenzhen,ood_test,False,512,42,False,0.9592278931791307,0.9216502699223726,7.615773105863909,3.1671404250322874
shenzhen/CHNCXR_0388_1,shenzhen,unet_resnet34_scratch,unet_resnet34,shenzhen,ood_test,True,512,42,False,0.9592278931791307,0.9216502699223726,7.615773105863909,3.1671404250322874
shenzhen/CHNCXR_0389_1,shenzhen,unet_resnet34_scratch,unet_resnet34,shenzhen,ood_test,False,512,42,False,0.8702948933109566,0.7703735144312394,130.60857494801087,15.02665632050995
shenzhen/CHNCXR_0389_1,shenzhen,unet_resnet34_scratch,unet_resnet34,shenzhen,ood_test,True,512,42,False,0.8875693140636598,0.7978648245545176,36.01371493920468,8.019243492997441
shenzhen/CHNCXR_0390_1,shenzhen,unet_resnet34_scratch,unet_resnet34,shenzhen,ood_test,False,512,42,False,0.9670184387869711,0.9361429817308673,8.246211251235321,2.8126753455359745
shenzhen/CHNCXR_0390_1,shenzhen,unet_resnet34_scratch,unet_resnet34,shenzhen,ood_test,True,512,42,False,0.9670184387869711,0.9361429817308673,8.246211251235321,2.8126753455359745
shenzhen/CHNCXR_0391_1,shenzhen,unet_resnet34_scratch,unet_resnet34,shenzhen,ood_test,False,512,42,False,0.9624343517177604,0.9275888743147345,17.316143262144248,4.24187796275166
shenzhen/CHNCXR_0391_1,shenzhen,unet_resnet34_scratch,unet_resnet34,shenzhen,ood_test,True,512,42,False,0.9634766204957118,0.929527147719996,6.708203932499369,2.6407499757380823
shenzhen/CHNCXR_0392_1,shenzhen,unet_resnet34_scratch,unet_resnet34,shenzhen,ood_test,False,512,42,False,0.965767932396355,0.9338019605542459,8.48528137423857,3.1006775078468487
shenzhen/CHNCXR_0392_1,shenzhen,unet_resnet34_scratch,unet_resnet34,shenzhen,ood_test,True,512,42,False,0.965767932396355,0.9338019605542459,8.48528137423857,3.1006775078468487
shenzhen/CHNCXR_0393_1,shenzhen,unet_resnet34_scratch,unet_resnet34,shenzhen,ood_test,False,512,42,False,0.9377040080607695,0.8827144366317177,39.38392612870974,6.342185716542765
shenzhen/CHNCXR_0393_1,shenzhen,unet_resnet34_scratch,unet_resnet34,shenzhen,ood_test,True,512,42,False,0.9377040080607695,0.8827144366317177,39.38392612870974,6.342185716542765
shenzhen/CHNCXR_0394_1,shenzhen,unet_resnet34_scratch,unet_resnet34,shenzhen,ood_test,False,512,42,False,0.9514474938863411,0.9073913689003267,11.0,4.08201755454838
shenzhen/CHNCXR_0394_1,shenzhen,unet_resnet34_scratch,unet_resnet34,shenzhen,ood_test,True,512,42,False,0.9528629152753778,0.9099696010918792,10.198039027185569,3.783211069760154
shenzhen/CHNCXR_0395_1,shenzhen,unet_resnet34_scratch,unet_resnet34,shenzhen,ood_test,False,512,42,False,0.9481617053345535,0.9014329580348004,15.538535376489104,4.9834317525581096
shenzhen/CHNCXR_0395_1,shenzhen,unet_resnet34_scratch,unet_resnet34,shenzhen,ood_test,True,512,42,False,0.9499450575379036,0.9046622411114392,11.0,4.221082718875206
shenzhen/CHNCXR_0396_1,shenzhen,unet_resnet34_scratch,unet_resnet34,shenzhen,ood_test,False,512,42,False,0.9624669458235422,0.9276494295282965,10.544718126013796,3.289173869230085
shenzhen/CHNCXR_0396_1,shenzhen,unet_resnet34_scratch,unet_resnet34,shenzhen,ood_test,True,512,42,False,0.9624669458235422,0.9276494295282965,10.544718126013796,3.289173869230085
shenzhen/CHNCXR_0397_1,shenzhen,unet_resnet34_scratch,unet_resnet34,shenzhen,ood_test,False,512,42,False,0.9618468029860435,0.9264979443810477,7.0,2.898536043130662
shenzhen/CHNCXR_0397_1,shenzhen,unet_resnet34_scratch,unet_resnet34,shenzhen,ood_test,True,512,42,False,0.9618468029860435,0.9264979443810477,7.0,2.898536043130662
shenzhen/CHNCXR_0398_1,shenzhen,unet_resnet34_scratch,unet_resnet34,shenzhen,ood_test,False,512,42,False,0.8822131809429157,0.7892499409566414,119.8467729482253,14.602495819516015
shenzhen/CHNCXR_0398_1,shenzhen,unet_resnet34_scratch,unet_resnet34,shenzhen,ood_test,True,512,42,False,0.8843486585565181,0.7926747593135203,112.45536650903634,13.111287416360694
shenzhen/CHNCXR_0399_1,shenzhen,unet_resnet34_scratch,unet_resnet34,shenzhen,ood_test,False,512,42,False,0.877453358989375,0.7816631638569661,40.487592876358505,7.210930639888894
shenzhen/CHNCXR_0399_1,shenzhen,unet_resnet34_scratch,unet_resnet34,shenzhen,ood_test,True,512,42,False,0.8769994391944489,0.7809430108969485,66.08323407444047,8.397196677670857
shenzhen/CHNCXR_0400_1,shenzhen,unet_resnet34_scratch,unet_resnet34,shenzhen,ood_test,False,512,42,False,0.961526350626233,0.9259034653465347,10.770329614269007,4.3641975448052985
shenzhen/CHNCXR_0400_1,shenzhen,unet_resnet34_scratch,unet_resnet34,shenzhen,ood_test,True,512,42,False,0.9623612343868586,0.9274530465505486,8.94427190999916,3.1516586162104145
shenzhen/CHNCXR_0401_1,shenzhen,unet_resnet34_scratch,unet_resnet34,shenzhen,ood_test,False,512,42,False,0.8901774790929964,0.8020899398991271,50.979896067090365,9.146824083147191
shenzhen/CHNCXR_0401_1,shenzhen,unet_resnet34_scratch,unet_resnet34,shenzhen,ood_test,True,512,42,False,0.8922035492621802,0.8053858167427332,48.662100242385755,8.088365525996588
shenzhen/CHNCXR_0402_1,shenzhen,unet_resnet34_scratch,unet_resnet34,shenzhen,ood_test,False,512,42,False,0.9663494602159136,0.9348899101022761,8.0,2.532531190221329
shenzhen/CHNCXR_0402_1,shenzhen,unet_resnet34_scratch,unet_resnet34,shenzhen,ood_test,True,512,42,False,0.9663494602159136,0.9348899101022761,8.0,2.532531190221329
shenzhen/CHNCXR_0403_1,shenzhen,unet_resnet34_scratch,unet_resnet34,shenzhen,ood_test,False,512,42,False,0.9492208019611277,0.9033494417597067,26.758071929125073,5.292008455191842
shenzhen/CHNCXR_0403_1,shenzhen,unet_resnet34_scratch,unet_resnet34,shenzhen,ood_test,True,512,42,False,0.9541914191419142,0.9123958596314062,17.892471598120636,3.9903978351474754
shenzhen/CHNCXR_0404_1,shenzhen,unet_resnet34_scratch,unet_resnet34,shenzhen,ood_test,False,512,42,False,0.9606240808235821,0.9242316115855009,10.770329614269007,3.4068767091122205
shenzhen/CHNCXR_0404_1,shenzhen,unet_resnet34_scratch,unet_resnet34,shenzhen,ood_test,True,512,42,False,0.9606240808235821,0.9242316115855009,10.770329614269007,3.4068767091122205
shenzhen/CHNCXR_0405_1,shenzhen,unet_resnet34_scratch,unet_resnet34,shenzhen,ood_test,False,512,42,False,0.9731856361773263,0.947771739922204,6.708203932499369,1.9745703787590116
shenzhen/CHNCXR_0405_1,shenzhen,unet_resnet34_scratch,unet_resnet34,shenzhen,ood_test,True,512,42,False,0.9731856361773263,0.947771739922204,6.708203932499369,1.9745703787590116
shenzhen/CHNCXR_0406_1,shenzhen,unet_resnet34_scratch,unet_resnet34,shenzhen,ood_test,False,512,42,False,0.9643634067841972,0.9311793471778629,70.0,5.262424681880522
shenzhen/CHNCXR_0406_1,shenzhen,unet_resnet34_scratch,unet_resnet34,shenzhen,ood_test,True,512,42,False,0.9700349971353429,0.9418135513705516,8.49115361134646,2.4205780934275896
shenzhen/CHNCXR_0407_1,shenzhen,unet_resnet34_scratch,unet_resnet34,shenzhen,ood_test,False,512,42,False,0.9149079218862296,0.843161553143606,95.15512963488598,11.526417948415247
shenzhen/CHNCXR_0407_1,shenzhen,unet_resnet34_scratch,unet_resnet34,shenzhen,ood_test,True,512,42,False,0.9607862232393566,0.9245318381307885,14.866068747318506,3.0021716325431083
shenzhen/CHNCXR_0408_1,shenzhen,unet_resnet34_scratch,unet_resnet34,shenzhen,ood_test,False,512,42,False,0.9147764115554532,0.8429381938394871,32.01171589037318,6.291247744411112
shenzhen/CHNCXR_0408_1,shenzhen,unet_resnet34_scratch,unet_resnet34,shenzhen,ood_test,True,512,42,False,0.9115972066054422,0.8375550045790614,39.74882972941492,7.062365983943545
shenzhen/CHNCXR_0409_1,shenzhen,unet_resnet34_scratch,unet_resnet34,shenzhen,ood_test,False,512,42,False,0.9514688446844948,0.9074302083071588,24.32280221249266,4.19417601989369
shenzhen/CHNCXR_0409_1,shenzhen,unet_resnet34_scratch,unet_resnet34,shenzhen,ood_test,True,512,42,False,0.9541839511718234,0.912382203582527,24.32280221249266,3.759429727522754
shenzhen/CHNCXR_0410_1,shenzhen,unet_resnet34_scratch,unet_resnet34,shenzhen,ood_test,False,512,42,False,0.9028282997366778,0.8228687447188058,79.41758801061633,8.370909293443956
shenzhen/CHNCXR_0410_1,shenzhen,unet_resnet34_scratch,unet_resnet34,shenzhen,ood_test,True,512,42,False,0.9028631766001146,0.8229266918616934,79.57968967315097,8.345645614058414
shenzhen/CHNCXR_0411_1,shenzhen,unet_resnet34_scratch,unet_resnet34,shenzhen,ood_test,False,512,42,False,0.9680620313914365,0.9381009913771702,6.082762530298219,2.160091550463771
shenzhen/CHNCXR_0411_1,shenzhen,unet_resnet34_scratch,unet_resnet34,shenzhen,ood_test,True,512,42,False,0.9680620313914365,0.9381009913771702,6.082762530298219,2.160091550463771
shenzhen/CHNCXR_0412_1,shenzhen,unet_resnet34_scratch,unet_resnet34,shenzhen,ood_test,False,512,42,False,0.9701647345942648,0.9420581788020618,5.0,1.9888554320938743
shenzhen/CHNCXR_0412_1,shenzhen,unet_resnet34_scratch,unet_resnet34,shenzhen,ood_test,True,512,42,False,0.9701647345942648,0.9420581788020618,5.0,1.9888554320938743
shenzhen/CHNCXR_0413_1,shenzhen,unet_resnet34_scratch,unet_resnet34,shenzhen,ood_test,False,512,42,False,0.933889184554432,0.8759775916578845,71.0,6.989326467362492
shenzhen/CHNCXR_0413_1,shenzhen,unet_resnet34_scratch,unet_resnet34,shenzhen,ood_test,True,512,42,False,0.933889184554432,0.8759775916578845,71.0,6.989326467362492
shenzhen/CHNCXR_0414_1,shenzhen,unet_resnet34_scratch,unet_resnet34,shenzhen,ood_test,False,512,42,False,0.9188975437968185,0.8499634225455148,53.03772242470448,6.573573981402455
shenzhen/CHNCXR_0414_1,shenzhen,unet_resnet34_scratch,unet_resnet34,shenzhen,ood_test,True,512,42,False,0.9188975437968185,0.8499634225455148,53.03772242470448,6.573573981402455
shenzhen/CHNCXR_0415_1,shenzhen,unet_resnet34_scratch,unet_resnet34,shenzhen,ood_test,False,512,42,False,0.9554161498870575,0.914638063553975,17.986002257333418,4.0520419448765495
shenzhen/CHNCXR_0415_1,shenzhen,unet_resnet34_scratch,unet_resnet34,shenzhen,ood_test,True,512,42,False,0.9554161498870575,0.914638063553975,17.986002257333418,4.0520419448765495
shenzhen/CHNCXR_0416_1,shenzhen,unet_resnet34_scratch,unet_resnet34,shenzhen,ood_test,False,512,42,False,0.9546749951200468,0.9132805497460412,33.920369279809066,4.311998741854834
shenzhen/CHNCXR_0416_1,shenzhen,unet_resnet34_scratch,unet_resnet34,shenzhen,ood_test,True,512,42,False,0.9546749951200468,0.9132805497460412,33.920369279809066,4.311998741854834
shenzhen/CHNCXR_0417_1,shenzhen,unet_resnet34_scratch,unet_resnet34,shenzhen,ood_test,False,512,42,False,0.9630087773552131,0.9286566330803787,15.118823416311301,3.598224320522272
shenzhen/CHNCXR_0417_1,shenzhen,unet_resnet34_scratch,unet_resnet34,shenzhen,ood_test,True,512,42,False,0.9630087773552131,0.9286566330803787,15.118823416311301,3.598224320522272
shenzhen/CHNCXR_0418_1,shenzhen,unet_resnet34_scratch,unet_resnet34,shenzhen,ood_test,False,512,42,False,0.9661142749183558,0.9344497670108206,7.211102550927978,3.3530848708138232
shenzhen/CHNCXR_0418_1,shenzhen,unet_resnet34_scratch,unet_resnet34,shenzhen,ood_test,True,512,42,False,0.9666947979610437,0.9355365636924363,6.708203932499369,2.7651603057787306
shenzhen/CHNCXR_0419_1,shenzhen,unet_resnet34_scratch,unet_resnet34,shenzhen,ood_test,False,512,42,False,0.9631573310485166,0.9289329614709224,10.97703296142687,4.174882282133148
shenzhen/CHNCXR_0419_1,shenzhen,unet_resnet34_scratch,unet_resnet34,shenzhen,ood_test,True,512,42,False,0.9644226386766401,0.9312898047946979,6.708203932499369,2.607425128637578
shenzhen/CHNCXR_0420_1,shenzhen,unet_resnet34_scratch,unet_resnet34,shenzhen,ood_test,False,512,42,False,0.9721100338100062,0.9457335568837751,7.810249675906654,2.5554980937646246
shenzhen/CHNCXR_0420_1,shenzhen,unet_resnet34_scratch,unet_resnet34,shenzhen,ood_test,True,512,42,False,0.9721100338100062,0.9457335568837751,7.810249675906654,2.5554980937646246
shenzhen/CHNCXR_0421_1,shenzhen,unet_resnet34_scratch,unet_resnet34,shenzhen,ood_test,False,512,42,False,0.9707640347721127,0.9431889941362201,8.784164644126472,2.4486909693514627
shenzhen/CHNCXR_0421_1,shenzhen,unet_resnet34_scratch,unet_resnet34,shenzhen,ood_test,True,512,42,False,0.9707640347721127,0.9431889941362201,8.784164644126472,2.4486909693514627
shenzhen/CHNCXR_0422_1,shenzhen,unet_resnet34_scratch,unet_resnet34,shenzhen,ood_test,False,512,42,False,0.9673352628958627,0.9367369952115576,8.154234499766936,3.261687209979361
shenzhen/CHNCXR_0422_1,shenzhen,unet_resnet34_scratch,unet_resnet34,shenzhen,ood_test,True,512,42,False,0.968062287827864,0.9381014729950901,6.708203932499369,2.2853322574537813
shenzhen/CHNCXR_0423_1,shenzhen,unet_resnet34_scratch,unet_resnet34,shenzhen,ood_test,False,512,42,False,0.8808676283852703,0.7870986942450058,48.65528749245387,8.569480232620828
shenzhen/CHNCXR_0423_1,shenzhen,unet_resnet34_scratch,unet_resnet34,shenzhen,ood_test,True,512,42,False,0.8476058898902625,0.7355173741816059,108.17116066678771,12.864619639433217
shenzhen/CHNCXR_0424_1,shenzhen,unet_resnet34_scratch,unet_resnet34,shenzhen,ood_test,False,512,42,False,0.8440325175472316,0.7301524743207626,105.5284276989138,16.54957167936112
shenzhen/CHNCXR_0424_1,shenzhen,unet_resnet34_scratch,unet_resnet34,shenzhen,ood_test,True,512,42,False,0.8524368587923188,0.7428234910849654,92.21821480624038,12.711422571930516
shenzhen/CHNCXR_0425_1,shenzhen,unet_resnet34_scratch,unet_resnet34,shenzhen,ood_test,False,512,42,False,0.9680485221353222,0.9380756197359356,6.324555320336759,2.465891454763893
shenzhen/CHNCXR_0425_1,shenzhen,unet_resnet34_scratch,unet_resnet34,shenzhen,ood_test,True,512,42,False,0.9680485221353222,0.9380756197359356,6.324555320336759,2.465891454763893
shenzhen/CHNCXR_0426_1,shenzhen,unet_resnet34_scratch,unet_resnet34,shenzhen,ood_test,False,512,42,False,0.9233393653684344,0.8575955465153624,41.40731598529172,6.961452849652113
shenzhen/CHNCXR_0426_1,shenzhen,unet_resnet34_scratch,unet_resnet34,shenzhen,ood_test,True,512,42,False,0.9233393653684344,0.8575955465153624,41.40731598529172,6.961452849652113
shenzhen/CHNCXR_0427_1,shenzhen,unet_resnet34_scratch,unet_resnet34,shenzhen,ood_test,False,512,42,False,0.9401083376824374,0.8869853128448935,108.77576060386819,9.999018793202845
shenzhen/CHNCXR_0427_1,shenzhen,unet_resnet34_scratch,unet_resnet34,shenzhen,ood_test,True,512,42,False,0.9603993160884673,0.9238155870337948,8.06225774829855,2.683734190658855
shenzhen/CHNCXR_0428_1,shenzhen,unet_resnet34_scratch,unet_resnet34,shenzhen,ood_test,False,512,42,False,0.9661714080119058,0.9345566716760263,7.615773105863909,2.343924845619516
shenzhen/CHNCXR_0428_1,shenzhen,unet_resnet34_scratch,unet_resnet34,shenzhen,ood_test,True,512,42,False,0.9661714080119058,0.9345566716760263,7.615773105863909,2.343924845619516
shenzhen/CHNCXR_0429_1,shenzhen,unet_resnet34_scratch,unet_resnet34,shenzhen,ood_test,False,512,42,False,0.9339650098632086,0.8761110268466555,125.0687527306203,14.251310523854933
shenzhen/CHNCXR_0429_1,shenzhen,unet_resnet34_scratch,unet_resnet34,shenzhen,ood_test,True,512,42,False,0.9493614713278438,0.9036042800825981,59.354550274576546,6.089958410306825
shenzhen/CHNCXR_0430_1,shenzhen,unet_resnet34_scratch,unet_resnet34,shenzhen,ood_test,False,512,42,False,0.9513837452023433,0.9072754125730431,10.638320372125595,3.079093504710751
shenzhen/CHNCXR_0430_1,shenzhen,unet_resnet34_scratch,unet_resnet34,shenzhen,ood_test,True,512,42,False,0.9514798478063234,0.9074502247912652,10.0,3.05205664348269
shenzhen/CHNCXR_0431_1,shenzhen,unet_resnet34_scratch,unet_resnet34,shenzhen,ood_test,False,512,42,False,0.9469035890218156,0.8991613485248421,75.24783125727514,7.890854578071427
shenzhen/CHNCXR_0431_1,shenzhen,unet_resnet34_scratch,unet_resnet34,shenzhen,ood_test,True,512,42,False,0.9625394932935917,0.9277842260707678,8.0,3.0920241027387845
shenzhen/CHNCXR_0432_1,shenzhen,unet_resnet34_scratch,unet_resnet34,shenzhen,ood_test,False,512,42,False,0.9534524314758615,0.9110454795862153,13.038404810405298,3.3537916987176346
shenzhen/CHNCXR_0432_1,shenzhen,unet_resnet34_scratch,unet_resnet34,shenzhen,ood_test,True,512,42,False,0.9526976673371103,0.9096682377425476,16.555517457050584,3.39208182956495
shenzhen/CHNCXR_0433_1,shenzhen,unet_resnet34_scratch,unet_resnet34,shenzhen,ood_test,False,512,42,False,0.9665621303402933,0.935288089121957,6.324555320336759,2.5200231768479315
shenzhen/CHNCXR_0433_1,shenzhen,unet_resnet34_scratch,unet_resnet34,shenzhen,ood_test,True,512,42,False,0.9665621303402933,0.935288089121957,6.324555320336759,2.5200231768479315
shenzhen/CHNCXR_0434_1,shenzhen,unet_resnet34_scratch,unet_resnet34,shenzhen,ood_test,False,512,42,False,0.9484276138570444,0.9019137687095092,60.35938665359633,5.768311938855737
shenzhen/CHNCXR_0434_1,shenzhen,unet_resnet34_scratch,unet_resnet34,shenzhen,ood_test,True,512,42,False,0.9504743818126172,0.905622850306565,10.63014581273465,3.7830226907771674
shenzhen/CHNCXR_0435_1,shenzhen,unet_resnet34_scratch,unet_resnet34,shenzhen,ood_test,False,512,42,False,0.9518401598930517,0.9081059238025483,13.0,4.00963243529671
shenzhen/CHNCXR_0435_1,shenzhen,unet_resnet34_scratch,unet_resnet34,shenzhen,ood_test,True,512,42,False,0.9525873495572875,0.9094671036812999,25.597155925805463,4.3279466456612505
shenzhen/CHNCXR_0436_1,shenzhen,unet_resnet34_scratch,unet_resnet34,shenzhen,ood_test,False,512,42,False,0.9621259291715671,0.9270160573561652,12.553793397048016,3.6660097217432317
shenzhen/CHNCXR_0436_1,shenzhen,unet_resnet34_scratch,unet_resnet34,shenzhen,ood_test,True,512,42,False,0.9630216668718454,0.9286806060516123,7.0,2.914860454918969
shenzhen/CHNCXR_0437_1,shenzhen,unet_resnet34_scratch,unet_resnet34,shenzhen,ood_test,False,512,42,False,0.9558494633034096,0.9154326217438516,11.700420298616718,3.8090878302154385
shenzhen/CHNCXR_0437_1,shenzhen,unet_resnet34_scratch,unet_resnet34,shenzhen,ood_test,True,512,42,False,0.955909014447788,0.9155418710393469,11.180339887498949,3.77721174897312
shenzhen/CHNCXR_0438_1,shenzhen,unet_resnet34_scratch,unet_resnet34,shenzhen,ood_test,False,512,42,False,0.9628282200876979,0.928320880625107,7.615773105863909,2.7951172823194526
shenzhen/CHNCXR_0438_1,shenzhen,unet_resnet34_scratch,unet_resnet34,shenzhen,ood_test,True,512,42,False,0.9628282200876979,0.928320880625107,7.615773105863909,2.7951172823194526
shenzhen/CHNCXR_0439_1,shenzhen,unet_resnet34_scratch,unet_resnet34,shenzhen,ood_test,False,512,42,False,0.8775781818716589,0.7818613000013103,79.17674067683433,10.548742269077287
shenzhen/CHNCXR_0439_1,shenzhen,unet_resnet34_scratch,unet_resnet34,shenzhen,ood_test,True,512,42,False,0.8772355749777454,0.7813175724376532,75.30040792013148,10.399935717916236
shenzhen/CHNCXR_0440_1,shenzhen,unet_resnet34_scratch,unet_resnet34,shenzhen,ood_test,False,512,42,False,0.9587060146751647,0.9206871721016356,8.246211251235321,3.300745664859878
shenzhen/CHNCXR_0440_1,shenzhen,unet_resnet34_scratch,unet_resnet34,shenzhen,ood_test,True,512,42,False,0.9587060146751647,0.9206871721016356,8.246211251235321,3.300745664859878
shenzhen/CHNCXR_0441_1,shenzhen,unet_resnet34_scratch,unet_resnet34,shenzhen,ood_test,False,512,42,False,0.9643407897700691,0.9311371735456995,7.0,2.5889178971466134
shenzhen/CHNCXR_0441_1,shenzhen,unet_resnet34_scratch,unet_resnet34,shenzhen,ood_test,True,512,42,False,0.9643407897700691,0.9311371735456995,7.0,2.5889178971466134
shenzhen/CHNCXR_0442_1,shenzhen,unet_resnet34_scratch,unet_resnet34,shenzhen,ood_test,False,512,42,False,0.9487019530687653,0.9024100785101333,99.98197662621308,8.097015684174972
shenzhen/CHNCXR_0442_1,shenzhen,unet_resnet34_scratch,unet_resnet34,shenzhen,ood_test,True,512,42,False,0.9537731206761803,0.911631252766711,19.28207837416531,3.6254058547794012
shenzhen/CHNCXR_0443_1,shenzhen,unet_resnet34_scratch,unet_resnet34,shenzhen,ood_test,False,512,42,False,0.9618142578668895,0.9264375523889354,8.06225774829855,3.1300015665092014
shenzhen/CHNCXR_0443_1,shenzhen,unet_resnet34_scratch,unet_resnet34,shenzhen,ood_test,True,512,42,False,0.9626519875971152,0.9279932829554995,6.371696670594406,2.680460605594511
shenzhen/CHNCXR_0444_1,shenzhen,unet_resnet34_scratch,unet_resnet34,shenzhen,ood_test,False,512,42,False,0.9474895594334228,0.9002186799433357,51.952834207160215,5.797813972458134
shenzhen/CHNCXR_0444_1,shenzhen,unet_resnet34_scratch,unet_resnet34,shenzhen,ood_test,True,512,42,False,0.9492828240344593,0.9034617932862191,53.15637288947413,5.414280621396837
shenzhen/CHNCXR_0445_1,shenzhen,unet_resnet34_scratch,unet_resnet34,shenzhen,ood_test,False,512,42,False,0.9610583720460513,0.9250359656285236,26.892583255976753,4.138496751247397
shenzhen/CHNCXR_0445_1,shenzhen,unet_resnet34_scratch,unet_resnet34,shenzhen,ood_test,True,512,42,False,0.9611489671146544,0.925203842215107,20.929690700465954,3.8899199071777235
shenzhen/CHNCXR_0446_1,shenzhen,unet_resnet34_scratch,unet_resnet34,shenzhen,ood_test,False,512,42,False,0.9014404241452287,0.8205658063139932,77.01330463661863,9.474438888810973
shenzhen/CHNCXR_0446_1,shenzhen,unet_resnet34_scratch,unet_resnet34,shenzhen,ood_test,True,512,42,False,0.9022464910030418,0.8219026253238255,63.62324513982573,8.25305524421118
shenzhen/CHNCXR_0447_1,shenzhen,unet_resnet34_scratch,unet_resnet34,shenzhen,ood_test,False,512,42,False,0.8153066151617576,0.6882005298553088,94.90574088488478,16.902542998277163
shenzhen/CHNCXR_0447_1,shenzhen,unet_resnet34_scratch,unet_resnet34,shenzhen,ood_test,True,512,42,False,0.8175824586306077,0.6914498728458829,97.98622341386437,15.769863075210724
shenzhen/CHNCXR_0448_1,shenzhen,unet_resnet34_scratch,unet_resnet34,shenzhen,ood_test,False,512,42,False,0.820793655749477,0.6960560038973967,75.37073403922578,14.92977401454905
shenzhen/CHNCXR_0448_1,shenzhen,unet_resnet34_scratch,unet_resnet34,shenzhen,ood_test,True,512,42,False,0.8608165377385062,0.7556434641612714,109.09012177464824,15.574249423090516
shenzhen/CHNCXR_0449_1,shenzhen,unet_resnet34_scratch,unet_resnet34,shenzhen,ood_test,False,512,42,False,0.9381006856651535,0.8834177336791689,73.49829930005184,7.892820754218812
shenzhen/CHNCXR_0449_1,shenzhen,unet_resnet34_scratch,unet_resnet34,shenzhen,ood_test,True,512,42,False,0.941868461482186,0.8901241737879919,18.0,4.551897789482991
shenzhen/CHNCXR_0450_1,shenzhen,unet_resnet34_scratch,unet_resnet34,shenzhen,ood_test,False,512,42,False,0.9538785951892506,0.9118239917496133,14.7648230602334,3.337222873181178
shenzhen/CHNCXR_0450_1,shenzhen,unet_resnet34_scratch,unet_resnet34,shenzhen,ood_test,True,512,42,False,0.9538785951892506,0.9118239917496133,14.7648230602334,3.337222873181178
shenzhen/CHNCXR_0451_1,shenzhen,unet_resnet34_scratch,unet_resnet34,shenzhen,ood_test,False,512,42,False,0.9627833522101871,0.928237465395263,66.19994246856075,5.671823664516587
shenzhen/CHNCXR_0451_1,shenzhen,unet_resnet34_scratch,unet_resnet34,shenzhen,ood_test,True,512,42,False,0.9690518051106669,0.9399616876138859,6.708203932499369,2.3321144889265795
shenzhen/CHNCXR_0452_1,shenzhen,unet_resnet34_scratch,unet_resnet34,shenzhen,ood_test,False,512,42,False,0.96103968479539,0.9250013409858928,42.74336317291177,5.041568891011363
shenzhen/CHNCXR_0452_1,shenzhen,unet_resnet34_scratch,unet_resnet34,shenzhen,ood_test,True,512,42,False,0.9656083767288202,0.9335036701816686,36.47439654454857,4.34047772503908
shenzhen/CHNCXR_0453_1,shenzhen,unet_resnet34_scratch,unet_resnet34,shenzhen,ood_test,False,512,42,False,0.9512072434607646,0.9069544364508393,14.7648230602334,3.1283313918284708
shenzhen/CHNCXR_0453_1,shenzhen,unet_resnet34_scratch,unet_resnet34,shenzhen,ood_test,True,512,42,False,0.9512176451933907,0.906973349459899,14.7648230602334,3.086679664473047
shenzhen/CHNCXR_0454_1,shenzhen,unet_resnet34_scratch,unet_resnet34,shenzhen,ood_test,False,512,42,False,0.9683886674675972,0.9387146466202477,8.209420550647959,2.6273899811467976
shenzhen/CHNCXR_0454_1,shenzhen,unet_resnet34_scratch,unet_resnet34,shenzhen,ood_test,True,512,42,False,0.9683948231584836,0.9387262151237307,8.209420550647959,2.6200781639361703
shenzhen/CHNCXR_0455_1,shenzhen,unet_resnet34_scratch,unet_resnet34,shenzhen,ood_test,False,512,42,False,0.6612683494313398,0.4939513823778271,181.21981097394004,34.72324829224181
shenzhen/CHNCXR_0455_1,shenzhen,unet_resnet34_scratch,unet_resnet34,shenzhen,ood_test,True,512,42,False,0.6672329909645532,0.5006373855603199,104.12588497837925,24.54097692695481
shenzhen/CHNCXR_0456_1,shenzhen,unet_resnet34_scratch,unet_resnet34,shenzhen,ood_test,False,512,42,False,0.9650057381682396,0.9323778631007547,9.899494936611665,3.07087494988713
shenzhen/CHNCXR_0456_1,shenzhen,unet_resnet34_scratch,unet_resnet34,shenzhen,ood_test,True,512,42,False,0.9650057381682396,0.9323778631007547,9.899494936611665,3.07087494988713
shenzhen/CHNCXR_0457_1,shenzhen,unet_resnet34_scratch,unet_resnet34,shenzhen,ood_test,False,512,42,False,0.9672679200193215,0.9366107035596475,19.86397202161648,2.8175298448004966
shenzhen/CHNCXR_0457_1,shenzhen,unet_resnet34_scratch,unet_resnet34,shenzhen,ood_test,True,512,42,False,0.9672679200193215,0.9366107035596475,19.86397202161648,2.8175298448004966
shenzhen/CHNCXR_0458_1,shenzhen,unet_resnet34_scratch,unet_resnet34,shenzhen,ood_test,False,512,42,False,0.9677135218623808,0.937446670432285,8.06225774829855,2.7268032735105643
shenzhen/CHNCXR_0458_1,shenzhen,unet_resnet34_scratch,unet_resnet34,shenzhen,ood_test,True,512,42,False,0.9677135218623808,0.937446670432285,8.06225774829855,2.7268032735105643
shenzhen/CHNCXR_0459_1,shenzhen,unet_resnet34_scratch,unet_resnet34,shenzhen,ood_test,False,512,42,False,0.9499281068637457,0.9046314953032324,19.0,4.538117115949877
shenzhen/CHNCXR_0459_1,shenzhen,unet_resnet34_scratch,unet_resnet34,shenzhen,ood_test,True,512,42,False,0.9542576598961218,0.9125169970657697,12.091293882294751,3.5603621563047323
shenzhen/CHNCXR_0460_1,shenzhen,unet_resnet34_scratch,unet_resnet34,shenzhen,ood_test,False,512,42,False,0.9693884542128558,0.9405953757993963,12.134542440145403,2.563225347843818
shenzhen/CHNCXR_0460_1,shenzhen,unet_resnet34_scratch,unet_resnet34,shenzhen,ood_test,True,512,42,False,0.9701195765454446,0.9419730237140993,9.91687179098783,2.413968714941586
shenzhen/CHNCXR_0461_1,shenzhen,unet_resnet34_scratch,unet_resnet34,shenzhen,ood_test,False,512,42,False,0.9472339239251641,0.8997572636998896,56.94349525090327,6.660844867339427
shenzhen/CHNCXR_0461_1,shenzhen,unet_resnet34_scratch,unet_resnet34,shenzhen,ood_test,True,512,42,False,0.947872513541368,0.9009103228847514,50.32393854538866,5.583778313786663
shenzhen/CHNCXR_0462_1,shenzhen,unet_resnet34_scratch,unet_resnet34,shenzhen,ood_test,False,512,42,False,0.9660070322261936,0.9342491316029092,11.40175425099138,3.7668231778148753
shenzhen/CHNCXR_0462_1,shenzhen,unet_resnet34_scratch,unet_resnet34,shenzhen,ood_test,True,512,42,False,0.9669961428596362,0.9361011928227887,10.0,2.8986802527847884
shenzhen/CHNCXR_0463_1,shenzhen,unet_resnet34_scratch,unet_resnet34,shenzhen,ood_test,False,512,42,False,0.9527026534081375,0.9096773294694606,27.0,4.330584531056026
shenzhen/CHNCXR_0463_1,shenzhen,unet_resnet34_scratch,unet_resnet34,shenzhen,ood_test,True,512,42,False,0.9527304563528253,0.909728027643092,27.0,4.337454037132513
shenzhen/CHNCXR_0464_1,shenzhen,unet_resnet34_scratch,unet_resnet34,shenzhen,ood_test,False,512,42,False,0.9076016933554206,0.8308340353833193,66.80540496676178,10.301343543019087
shenzhen/CHNCXR_0464_1,shenzhen,unet_resnet34_scratch,unet_resnet34,shenzhen,ood_test,True,512,42,False,0.9137756638432257,0.8412402792192099,28.605940717310556,7.306248271866715
shenzhen/CHNCXR_0465_1,shenzhen,unet_resnet34_scratch,unet_resnet34,shenzhen,ood_test,False,512,42,False,0.9613380518252908,0.9255543187219832,8.54400374531753,2.8490847239454338
shenzhen/CHNCXR_0465_1,shenzhen,unet_resnet34_scratch,unet_resnet34,shenzhen,ood_test,True,512,42,False,0.9613380518252908,0.9255543187219832,8.54400374531753,2.8490847239454338
shenzhen/CHNCXR_0466_1,shenzhen,unet_resnet34_scratch,unet_resnet34,shenzhen,ood_test,False,512,42,False,0.9661274302741086,0.9344743816254417,91.32997668790159,6.127071634290195
shenzhen/CHNCXR_0466_1,shenzhen,unet_resnet34_scratch,unet_resnet34,shenzhen,ood_test,True,512,42,False,0.9695810084669058,0.9409580145881515,8.0,2.635338044068099
shenzhen/CHNCXR_0467_1,shenzhen,unet_resnet34_scratch,unet_resnet34,shenzhen,ood_test,False,512,42,False,0.9627190681078812,0.9281179654500847,134.95834382683393,8.795832070160726
shenzhen/CHNCXR_0467_1,shenzhen,unet_resnet34_scratch,unet_resnet34,shenzhen,ood_test,True,512,42,False,0.9675229224755615,0.9370890100489038,7.615773105863909,2.603559154111419
shenzhen/CHNCXR_0468_1,shenzhen,unet_resnet34_scratch,unet_resnet34,shenzhen,ood_test,False,512,42,False,0.9027881040892193,0.8228019651024903,134.5362404707371,13.52534607293341
shenzhen/CHNCXR_0468_1,shenzhen,unet_resnet34_scratch,unet_resnet34,shenzhen,ood_test,True,512,42,False,0.906669155635593,0.8292724570143017,83.93534557492035,8.690206045334431
shenzhen/CHNCXR_0469_1,shenzhen,unet_resnet34_scratch,unet_resnet34,shenzhen,ood_test,False,512,42,False,0.9596064969956931,0.9223495669904436,10.44030650891055,3.5332892184942972
shenzhen/CHNCXR_0469_1,shenzhen,unet_resnet34_scratch,unet_resnet34,shenzhen,ood_test,True,512,42,False,0.9596064969956931,0.9223495669904436,10.44030650891055,3.5332892184942972
shenzhen/CHNCXR_0470_1,shenzhen,unet_resnet34_scratch,unet_resnet34,shenzhen,ood_test,False,512,42,False,0.966052277106174,0.9343337730870712,134.77700468254093,9.871924072272583
shenzhen/CHNCXR_0470_1,shenzhen,unet_resnet34_scratch,unet_resnet34,shenzhen,ood_test,True,512,42,False,0.9717408828187083,0.9450350272434116,7.0,2.610720044581871
shenzhen/CHNCXR_0471_1,shenzhen,unet_resnet34_scratch,unet_resnet34,shenzhen,ood_test,False,512,42,False,0.9479173733125297,0.9009913758362215,69.34666496043677,6.823630404692535
shenzhen/CHNCXR_0471_1,shenzhen,unet_resnet34_scratch,unet_resnet34,shenzhen,ood_test,True,512,42,False,0.9593635482016117,0.9219007719205647,8.0,3.0413207113816014
shenzhen/CHNCXR_0472_1,shenzhen,unet_resnet34_scratch,unet_resnet34,shenzhen,ood_test,False,512,42,False,0.9688664149011074,0.9396128968180069,8.51464255977805,3.771832860871897
shenzhen/CHNCXR_0472_1,shenzhen,unet_resnet34_scratch,unet_resnet34,shenzhen,ood_test,True,512,42,False,0.9691455645548548,0.9401381332140817,8.0,2.6978679542369988
shenzhen/CHNCXR_0473_1,shenzhen,unet_resnet34_scratch,unet_resnet34,shenzhen,ood_test,False,512,42,False,0.9566224514324425,0.9168516734386126,9.219544457292887,3.3501145480443713
shenzhen/CHNCXR_0473_1,shenzhen,unet_resnet34_scratch,unet_resnet34,shenzhen,ood_test,True,512,42,False,0.9566224514324425,0.9168516734386126,9.219544457292887,3.3501145480443713
shenzhen/CHNCXR_0474_1,shenzhen,unet_resnet34_scratch,unet_resnet34,shenzhen,ood_test,False,512,42,False,0.9004201203588055,0.818876497315159,39.05124837953327,7.089649982147336
shenzhen/CHNCXR_0474_1,shenzhen,unet_resnet34_scratch,unet_resnet34,shenzhen,ood_test,True,512,42,False,0.8951849898274433,0.81025780930296,64.198440882075,8.391286859361474
shenzhen/CHNCXR_0475_1,shenzhen,unet_resnet34_scratch,unet_resnet34,shenzhen,ood_test,False,512,42,False,0.5871310542142294,0.41555945862175847,94.38855376003558,25.132332023058005
shenzhen/CHNCXR_0475_1,shenzhen,unet_resnet34_scratch,unet_resnet34,shenzhen,ood_test,True,512,42,False,0.5841766802631095,0.4126056352650485,144.65310355720808,31.619013247242123
shenzhen/CHNCXR_0476_1,shenzhen,unet_resnet34_scratch,unet_resnet34,shenzhen,ood_test,False,512,42,False,0.9681705179932347,0.938304763409432,7.280109889280518,3.324892281904454
shenzhen/CHNCXR_0476_1,shenzhen,unet_resnet34_scratch,unet_resnet34,shenzhen,ood_test,True,512,42,False,0.9688417618270799,0.9395665242841322,6.708203932499369,2.718325941884378
shenzhen/CHNCXR_0477_1,shenzhen,unet_resnet34_scratch,unet_resnet34,shenzhen,ood_test,False,512,42,False,0.969215768212843,0.9402702702702703,7.0,2.5150598921403673
shenzhen/CHNCXR_0477_1,shenzhen,unet_resnet34_scratch,unet_resnet34,shenzhen,ood_test,True,512,42,False,0.969215768212843,0.9402702702702703,7.0,2.5150598921403673
shenzhen/CHNCXR_0478_1,shenzhen,unet_resnet34_scratch,unet_resnet34,shenzhen,ood_test,False,512,42,False,0.9214293686739627,0.8543060064050892,81.81655853940848,7.6715395553029015
shenzhen/CHNCXR_0478_1,shenzhen,unet_resnet34_scratch,unet_resnet34,shenzhen,ood_test,True,512,42,False,0.9214726737594069,0.8543804605965531,81.83855971543693,7.648272696825111
shenzhen/CHNCXR_0479_1,shenzhen,unet_resnet34_scratch,unet_resnet34,shenzhen,ood_test,False,512,42,False,0.9584634980223906,0.9202399495385091,10.0,3.3292040762654667
shenzhen/CHNCXR_0479_1,shenzhen,unet_resnet34_scratch,unet_resnet34,shenzhen,ood_test,True,512,42,False,0.9584634980223906,0.9202399495385091,10.0,3.3292040762654667
shenzhen/CHNCXR_0480_1,shenzhen,unet_resnet34_scratch,unet_resnet34,shenzhen,ood_test,False,512,42,False,0.9717527782604426,0.9450575286908733,5.385164807134504,2.1599739889083276
shenzhen/CHNCXR_0480_1,shenzhen,unet_resnet34_scratch,unet_resnet34,shenzhen,ood_test,True,512,42,False,0.9717527782604426,0.9450575286908733,5.385164807134504,2.1599739889083276
shenzhen/CHNCXR_0501_1,shenzhen,unet_resnet34_scratch,unet_resnet34,shenzhen,ood_test,False,512,42,False,0.9371050886114246,0.8816535657200412,18.0,5.8313101829685
shenzhen/CHNCXR_0501_1,shenzhen,unet_resnet34_scratch,unet_resnet34,shenzhen,ood_test,True,512,42,False,0.9371050886114246,0.8816535657200412,18.0,5.8313101829685
shenzhen/CHNCXR_0503_1,shenzhen,unet_resnet34_scratch,unet_resnet34,shenzhen,ood_test,False,512,42,False,0.9431531231908158,0.8924217347723723,11.180339887498949,4.640769026049531
shenzhen/CHNCXR_0503_1,shenzhen,unet_resnet34_scratch,unet_resnet34,shenzhen,ood_test,True,512,42,False,0.9431531231908158,0.8924217347723723,11.180339887498949,4.640769026049531
shenzhen/CHNCXR_0504_1,shenzhen,unet_resnet34_scratch,unet_resnet34,shenzhen,ood_test,False,512,42,False,0.9495038738616284,0.903862327747946,21.038041455248695,4.540748480474047
shenzhen/CHNCXR_0504_1,shenzhen,unet_resnet34_scratch,unet_resnet34,shenzhen,ood_test,True,512,42,False,0.9495038738616284,0.903862327747946,21.038041455248695,4.540748480474047
shenzhen/CHNCXR_0506_1,shenzhen,unet_resnet34_scratch,unet_resnet34,shenzhen,ood_test,False,512,42,False,0.9261279571981528,0.8624192830104653,19.235384061671343,5.806510203994321
shenzhen/CHNCXR_0506_1,shenzhen,unet_resnet34_scratch,unet_resnet34,shenzhen,ood_test,True,512,42,False,0.9261279571981528,0.8624192830104653,19.235384061671343,5.806510203994321
shenzhen/CHNCXR_0507_1,shenzhen,unet_resnet34_scratch,unet_resnet34,shenzhen,ood_test,False,512,42,False,0.7794780565209991,0.638643213819785,102.70514638059245,17.38299496310976
shenzhen/CHNCXR_0507_1,shenzhen,unet_resnet34_scratch,unet_resnet34,shenzhen,ood_test,True,512,42,False,0.7736801734936568,0.6308959186428476,124.38559366302046,23.36972350356501
shenzhen/CHNCXR_0508_1,shenzhen,unet_resnet34_scratch,unet_resnet34,shenzhen,ood_test,False,512,42,False,0.8682050859271362,0.7671046009588642,73.90086834758671,12.62391416570138
shenzhen/CHNCXR_0508_1,shenzhen,unet_resnet34_scratch,unet_resnet34,shenzhen,ood_test,True,512,42,False,0.8710121280931149,0.7714982151419895,49.64876634922564,9.738326765457678
shenzhen/CHNCXR_0509_1,shenzhen,unet_resnet34_scratch,unet_resnet34,shenzhen,ood_test,False,512,42,False,0.9468468227424749,0.8990589813422218,13.0,4.883435949734786
shenzhen/CHNCXR_0509_1,shenzhen,unet_resnet34_scratch,unet_resnet34,shenzhen,ood_test,True,512,42,False,0.9469431005694224,0.899232606596534,12.36931687685298,4.767679605788578
shenzhen/CHNCXR_0510_1,shenzhen,unet_resnet34_scratch,unet_resnet34,shenzhen,ood_test,False,512,42,False,0.9332804599980172,0.874907063197026,30.265491900843113,5.608420814675751
shenzhen/CHNCXR_0510_1,shenzhen,unet_resnet34_scratch,unet_resnet34,shenzhen,ood_test,True,512,42,False,0.9360699078190071,0.8798227578093217,31.178484499385974,5.465522681471261
shenzhen/CHNCXR_0511_1,shenzhen,unet_resnet34_scratch,unet_resnet34,shenzhen,ood_test,False,512,42,False,0.8286796454814029,0.7074748101871613,65.88044117318061,17.829520478433817
shenzhen/CHNCXR_0511_1,shenzhen,unet_resnet34_scratch,unet_resnet34,shenzhen,ood_test,True,512,42,False,0.8328126190657624,0.713520924463015,55.407114770583576,14.291882430187185
shenzhen/CHNCXR_0512_1,shenzhen,unet_resnet34_scratch,unet_resnet34,shenzhen,ood_test,False,512,42,False,0.9603006195021646,0.9236329630612529,8.0,3.103146642288054
shenzhen/CHNCXR_0512_1,shenzhen,unet_resnet34_scratch,unet_resnet34,shenzhen,ood_test,True,512,42,False,0.9603006195021646,0.9236329630612529,8.0,3.103146642288054
shenzhen/CHNCXR_0513_1,shenzhen,unet_resnet34_scratch,unet_resnet34,shenzhen,ood_test,False,512,42,False,0.8627426496220103,0.7586169034961707,61.4897591366673,12.333917165278788
shenzhen/CHNCXR_0513_1,shenzhen,unet_resnet34_scratch,unet_resnet34,shenzhen,ood_test,True,512,42,False,0.8695880181238462,0.7692664551207111,73.84745704890094,11.81966925524379
shenzhen/CHNCXR_0514_1,shenzhen,unet_resnet34_scratch,unet_resnet34,shenzhen,ood_test,False,512,42,False,0.8989968230532962,0.8165251852827433,39.40298618940862,10.216720888389114
shenzhen/CHNCXR_0514_1,shenzhen,unet_resnet34_scratch,unet_resnet34,shenzhen,ood_test,True,512,42,False,0.8998568346605266,0.8179452120514297,35.14191872623667,8.588528659364862
shenzhen/CHNCXR_0515_1,shenzhen,unet_resnet34_scratch,unet_resnet34,shenzhen,ood_test,False,512,42,False,0.9331247364529159,0.8746333974887728,77.00608340884826,9.576156194873933
shenzhen/CHNCXR_0515_1,shenzhen,unet_resnet34_scratch,unet_resnet34,shenzhen,ood_test,True,512,42,False,0.9375767549245959,0.882488932043324,21.482295735677425,5.870764143550212
shenzhen/CHNCXR_0516_1,shenzhen,unet_resnet34_scratch,unet_resnet34,shenzhen,ood_test,False,512,42,False,0.9372983783313769,0.8819958106958172,36.062093347291075,5.515607105028117
shenzhen/CHNCXR_0516_1,shenzhen,unet_resnet34_scratch,unet_resnet34,shenzhen,ood_test,True,512,42,False,0.9403564480812345,0.8874271413047058,10.807388983967375,4.106488657568463
shenzhen/CHNCXR_0517_1,shenzhen,unet_resnet34_scratch,unet_resnet34,shenzhen,ood_test,False,512,42,False,0.9328286545403568,0.8741132888445169,22.344972128615538,5.989345383337537
shenzhen/CHNCXR_0517_1,shenzhen,unet_resnet34_scratch,unet_resnet34,shenzhen,ood_test,True,512,42,False,0.9328286545403568,0.8741132888445169,22.344972128615538,5.989345383337537
shenzhen/CHNCXR_0518_1,shenzhen,unet_resnet34_scratch,unet_resnet34,shenzhen,ood_test,False,512,42,False,0.9079770897318834,0.8314634072182189,24.788724649319843,8.111703999266139
shenzhen/CHNCXR_0518_1,shenzhen,unet_resnet34_scratch,unet_resnet34,shenzhen,ood_test,True,512,42,False,0.9079770897318834,0.8314634072182189,24.788724649319843,8.111703999266139
shenzhen/CHNCXR_0519_1,shenzhen,unet_resnet34_scratch,unet_resnet34,shenzhen,ood_test,False,512,42,False,0.9248096777557618,0.8601357904946654,83.6746667916709,10.207348116117196
shenzhen/CHNCXR_0519_1,shenzhen,unet_resnet34_scratch,unet_resnet34,shenzhen,ood_test,True,512,42,False,0.9371455410086303,0.8817251817318102,14.866068747318506,5.550788439381942
shenzhen/CHNCXR_0520_1,shenzhen,unet_resnet34_scratch,unet_resnet34,shenzhen,ood_test,False,512,42,False,0.8900777214447045,0.8019279715722559,62.56152859647199,9.898434633809599
shenzhen/CHNCXR_0520_1,shenzhen,unet_resnet34_scratch,unet_resnet34,shenzhen,ood_test,True,512,42,False,0.8903146542898096,0.8023127075901095,52.6725046566048,9.366271171080188
shenzhen/CHNCXR_0521_1,shenzhen,unet_resnet34_scratch,unet_resnet34,shenzhen,ood_test,False,512,42,False,0.9557254893441376,0.9152052258212153,8.94427190999916,3.9756363054553234
shenzhen/CHNCXR_0521_1,shenzhen,unet_resnet34_scratch,unet_resnet34,shenzhen,ood_test,True,512,42,False,0.9557254893441376,0.9152052258212153,8.94427190999916,3.9756363054553234
shenzhen/CHNCXR_0522_1,shenzhen,unet_resnet34_scratch,unet_resnet34,shenzhen,ood_test,False,512,42,False,0.8619246861924686,0.7573529411764706,119.26440417240931,19.66530521314063
shenzhen/CHNCXR_0522_1,shenzhen,unet_resnet34_scratch,unet_resnet34,shenzhen,ood_test,True,512,42,False,0.8644782611726489,0.7613048976635113,107.91093420713668,14.89723027849474
shenzhen/CHNCXR_0523_1,shenzhen,unet_resnet34_scratch,unet_resnet34,shenzhen,ood_test,False,512,42,False,0.9388993306294721,0.8848353014294593,16.475576098417225,4.855314961594914
shenzhen/CHNCXR_0523_1,shenzhen,unet_resnet34_scratch,unet_resnet34,shenzhen,ood_test,True,512,42,False,0.9388993306294721,0.8848353014294593,16.475576098417225,4.855314961594914
shenzhen/CHNCXR_0524_1,shenzhen,unet_resnet34_scratch,unet_resnet34,shenzhen,ood_test,False,512,42,False,0.9549672151428925,0.9138155558186338,9.433981132056603,3.539125581024181
shenzhen/CHNCXR_0524_1,shenzhen,unet_resnet34_scratch,unet_resnet34,shenzhen,ood_test,True,512,42,False,0.9549672151428925,0.9138155558186338,9.433981132056603,3.539125581024181
shenzhen/CHNCXR_0525_1,shenzhen,unet_resnet34_scratch,unet_resnet34,shenzhen,ood_test,False,512,42,False,0.9672139367231765,0.9365094777270717,9.0,2.831789940122773
shenzhen/CHNCXR_0525_1,shenzhen,unet_resnet34_scratch,unet_resnet34,shenzhen,ood_test,True,512,42,False,0.9670433774686817,0.9361897260495678,9.0,2.880375227033045
shenzhen/CHNCXR_0526_1,shenzhen,unet_resnet34_scratch,unet_resnet34,shenzhen,ood_test,False,512,42,False,0.9006142429533549,0.8191976630411663,34.1518045040016,8.526347892289312
shenzhen/CHNCXR_0526_1,shenzhen,unet_resnet34_scratch,unet_resnet34,shenzhen,ood_test,True,512,42,False,0.9011832427246562,0.8201396973224679,34.1518045040016,8.534797318749884
shenzhen/CHNCXR_0527_1,shenzhen,unet_resnet34_scratch,unet_resnet34,shenzhen,ood_test,False,512,42,False,0.9040846864449749,0.8249585303377379,50.4281315308264,9.266727552833666
shenzhen/CHNCXR_0527_1,shenzhen,unet_resnet34_scratch,unet_resnet34,shenzhen,ood_test,True,512,42,False,0.9040846864449749,0.8249585303377379,50.4281315308264,9.266727552833666
shenzhen/CHNCXR_0528_1,shenzhen,unet_resnet34_scratch,unet_resnet34,shenzhen,ood_test,False,512,42,False,0.9216486208894933,0.8546830270201241,40.8166632639171,7.359942109543276
shenzhen/CHNCXR_0528_1,shenzhen,unet_resnet34_scratch,unet_resnet34,shenzhen,ood_test,True,512,42,False,0.9227851157016244,0.8566397746190293,36.40054944640259,6.575793352817248
shenzhen/CHNCXR_0529_1,shenzhen,unet_resnet34_scratch,unet_resnet34,shenzhen,ood_test,False,512,42,False,0.943306463742765,0.8926963508113408,72.17365534088168,7.650998521923658
shenzhen/CHNCXR_0529_1,shenzhen,unet_resnet34_scratch,unet_resnet34,shenzhen,ood_test,True,512,42,False,0.9437217856545728,0.893440547043181,56.153536009792454,6.65312766578486
shenzhen/CHNCXR_0530_1,shenzhen,unet_resnet34_scratch,unet_resnet34,shenzhen,ood_test,False,512,42,False,0.9142023196866119,0.8419637804187889,24.166091947189145,6.285843259625828
shenzhen/CHNCXR_0530_1,shenzhen,unet_resnet34_scratch,unet_resnet34,shenzhen,ood_test,True,512,42,False,0.9142023196866119,0.8419637804187889,24.166091947189145,6.285843259625828
shenzhen/CHNCXR_0531_1,shenzhen,unet_resnet34_scratch,unet_resnet34,shenzhen,ood_test,False,512,42,False,0.9702439479914527,0.9422075705202065,8.980495168499699,2.6322623429266203
shenzhen/CHNCXR_0531_1,shenzhen,unet_resnet34_scratch,unet_resnet34,shenzhen,ood_test,True,512,42,False,0.9702439479914527,0.9422075705202065,8.980495168499699,2.6322623429266203
shenzhen/CHNCXR_0532_1,shenzhen,unet_resnet34_scratch,unet_resnet34,shenzhen,ood_test,False,512,42,False,0.9573058356131188,0.9181079824840375,11.081152949374495,3.5577322199208075
shenzhen/CHNCXR_0532_1,shenzhen,unet_resnet34_scratch,unet_resnet34,shenzhen,ood_test,True,512,42,False,0.9573119404127235,0.9181192127506024,11.0,3.553081767456933
shenzhen/CHNCXR_0533_1,shenzhen,unet_resnet34_scratch,unet_resnet34,shenzhen,ood_test,False,512,42,False,0.9175760390062688,0.8477048477048477,69.7945909259897,8.662298380333882
shenzhen/CHNCXR_0533_1,shenzhen,unet_resnet34_scratch,unet_resnet34,shenzhen,ood_test,True,512,42,False,0.9317784999681387,0.8722708726049297,21.93171219946131,5.229417612038425
shenzhen/CHNCXR_0534_1,shenzhen,unet_resnet34_scratch,unet_resnet34,shenzhen,ood_test,False,512,42,False,0.9689946567722517,0.9398541560789968,6.324555320336759,2.599351916241509
shenzhen/CHNCXR_0534_1,shenzhen,unet_resnet34_scratch,unet_resnet34,shenzhen,ood_test,True,512,42,False,0.9689946567722517,0.9398541560789968,6.324555320336759,2.599351916241509
shenzhen/CHNCXR_0535_1,shenzhen,unet_resnet34_scratch,unet_resnet34,shenzhen,ood_test,False,512,42,False,0.9657326927883146,0.9337360719559672,7.615773105863909,2.754242716816405
shenzhen/CHNCXR_0535_1,shenzhen,unet_resnet34_scratch,unet_resnet34,shenzhen,ood_test,True,512,42,False,0.9657326927883146,0.9337360719559672,7.615773105863909,2.754242716816405
shenzhen/CHNCXR_0536_1,shenzhen,unet_resnet34_scratch,unet_resnet34,shenzhen,ood_test,False,512,42,False,0.8506215064192552,0.740070839301378,38.39252159106551,7.638898325264918
shenzhen/CHNCXR_0536_1,shenzhen,unet_resnet34_scratch,unet_resnet34,shenzhen,ood_test,True,512,42,False,0.811047513050852,0.6821530060734384,145.1397530995275,18.780081800655328
shenzhen/CHNCXR_0537_1,shenzhen,unet_resnet34_scratch,unet_resnet34,shenzhen,ood_test,False,512,42,False,0.9664653173398987,0.9351068073036696,8.0,2.967448507803173
shenzhen/CHNCXR_0537_1,shenzhen,unet_resnet34_scratch,unet_resnet34,shenzhen,ood_test,True,512,42,False,0.9664653173398987,0.9351068073036696,8.0,2.967448507803173
shenzhen/CHNCXR_0538_1,shenzhen,unet_resnet34_scratch,unet_resnet34,shenzhen,ood_test,False,512,42,False,0.9557180426553973,0.9151915686502853,10.198039027185569,4.184800725955759
shenzhen/CHNCXR_0538_1,shenzhen,unet_resnet34_scratch,unet_resnet34,shenzhen,ood_test,True,512,42,False,0.9557180426553973,0.9151915686502853,10.198039027185569,4.184800725955759
shenzhen/CHNCXR_0539_1,shenzhen,unet_resnet34_scratch,unet_resnet34,shenzhen,ood_test,False,512,42,False,0.9556616830507826,0.9150882118761262,10.0,4.7273940515527455
shenzhen/CHNCXR_0539_1,shenzhen,unet_resnet34_scratch,unet_resnet34,shenzhen,ood_test,True,512,42,False,0.9561533619769574,0.9159902682522704,9.219544457292887,3.9907549274037466
shenzhen/CHNCXR_0540_1,shenzhen,unet_resnet34_scratch,unet_resnet34,shenzhen,ood_test,False,512,42,False,0.946795784296035,0.8989669526371897,11.40175425099138,4.349046448940083
shenzhen/CHNCXR_0540_1,shenzhen,unet_resnet34_scratch,unet_resnet34,shenzhen,ood_test,True,512,42,False,0.946795784296035,0.8989669526371897,11.40175425099138,4.349046448940083
shenzhen/CHNCXR_0541_1,shenzhen,unet_resnet34_scratch,unet_resnet34,shenzhen,ood_test,False,512,42,False,0.959538652681114,0.9222242182794221,9.36965012962745,3.6324116986070893
shenzhen/CHNCXR_0541_1,shenzhen,unet_resnet34_scratch,unet_resnet34,shenzhen,ood_test,True,512,42,False,0.959538652681114,0.9222242182794221,9.36965012962745,3.6324116986070893
shenzhen/CHNCXR_0542_1,shenzhen,unet_resnet34_scratch,unet_resnet34,shenzhen,ood_test,False,512,42,False,0.9094781682641108,0.833984375,73.2217420996997,8.53969944658158
shenzhen/CHNCXR_0542_1,shenzhen,unet_resnet34_scratch,unet_resnet34,shenzhen,ood_test,True,512,42,False,0.9094726062467998,0.8339750211287444,73.49829930005184,8.566096730539266
shenzhen/CHNCXR_0543_1,shenzhen,unet_resnet34_scratch,unet_resnet34,shenzhen,ood_test,False,512,42,False,0.9520266325478554,0.9084454453861198,12.165525060596439,3.944781208691084
shenzhen/CHNCXR_0543_1,shenzhen,unet_resnet34_scratch,unet_resnet34,shenzhen,ood_test,True,512,42,False,0.9520266325478554,0.9084454453861198,12.165525060596439,3.944781208691084
shenzhen/CHNCXR_0544_1,shenzhen,unet_resnet34_scratch,unet_resnet34,shenzhen,ood_test,False,512,42,False,0.9483681435872671,0.9018062146027859,14.056636685112199,5.108540858902476
shenzhen/CHNCXR_0544_1,shenzhen,unet_resnet34_scratch,unet_resnet34,shenzhen,ood_test,True,512,42,False,0.94969624308613,0.90421103117506,10.0,3.337518391583288
shenzhen/CHNCXR_0545_1,shenzhen,unet_resnet34_scratch,unet_resnet34,shenzhen,ood_test,False,512,42,False,0.9614821734392028,0.9258215399376349,13.520154954821463,3.3822642798957516
shenzhen/CHNCXR_0545_1,shenzhen,unet_resnet34_scratch,unet_resnet34,shenzhen,ood_test,True,512,42,False,0.9617217429221042,0.9262658987281017,11.112850452343105,3.1535822039700663
shenzhen/CHNCXR_0546_1,shenzhen,unet_resnet34_scratch,unet_resnet34,shenzhen,ood_test,False,512,42,False,0.8410224152956054,0.7256589138521726,123.5556554755791,17.07575287961578
shenzhen/CHNCXR_0546_1,shenzhen,unet_resnet34_scratch,unet_resnet34,shenzhen,ood_test,True,512,42,False,0.8427009815185635,0.7281618389552629,108.23561549012064,14.323919962244966
shenzhen/CHNCXR_0547_1,shenzhen,unet_resnet34_scratch,unet_resnet34,shenzhen,ood_test,False,512,42,False,0.9542962068618573,0.9125874966925649,74.7617565041225,7.033477705679205
shenzhen/CHNCXR_0547_1,shenzhen,unet_resnet34_scratch,unet_resnet34,shenzhen,ood_test,True,512,42,False,0.9597824368339499,0.9226747084645598,8.48528137423857,3.3241162745238477
shenzhen/CHNCXR_0548_1,shenzhen,unet_resnet34_scratch,unet_resnet34,shenzhen,ood_test,False,512,42,False,0.9539562078966632,0.9119658422507264,6.082762530298219,2.905944615657077
shenzhen/CHNCXR_0548_1,shenzhen,unet_resnet34_scratch,unet_resnet34,shenzhen,ood_test,True,512,42,False,0.9539562078966632,0.9119658422507264,6.082762530298219,2.905944615657077
shenzhen/CHNCXR_0549_1,shenzhen,unet_resnet34_scratch,unet_resnet34,shenzhen,ood_test,False,512,42,False,0.9121577504026466,0.8385018606698411,56.03971788203187,8.029786809930634
shenzhen/CHNCXR_0549_1,shenzhen,unet_resnet34_scratch,unet_resnet34,shenzhen,ood_test,True,512,42,False,0.9121577504026466,0.8385018606698411,56.03971788203187,8.029786809930634
shenzhen/CHNCXR_0550_1,shenzhen,unet_resnet34_scratch,unet_resnet34,shenzhen,ood_test,False,512,42,False,0.8044558293586062,0.6728783838467685,129.310334640652,23.826573840823023
shenzhen/CHNCXR_0550_1,shenzhen,unet_resnet34_scratch,unet_resnet34,shenzhen,ood_test,True,512,42,False,0.8159644674840991,0.6891384971786234,136.94683498313753,20.069134901427418
shenzhen/CHNCXR_0551_1,shenzhen,unet_resnet34_scratch,unet_resnet34,shenzhen,ood_test,False,512,42,False,0.9599639669358574,0.923010296198702,16.549919214508026,4.910175081041423
shenzhen/CHNCXR_0551_1,shenzhen,unet_resnet34_scratch,unet_resnet34,shenzhen,ood_test,True,512,42,False,0.9611407520325204,0.9251886181048925,11.045361017187261,3.261625828264026
shenzhen/CHNCXR_0552_1,shenzhen,unet_resnet34_scratch,unet_resnet34,shenzhen,ood_test,False,512,42,False,0.9510123064708218,0.9066000605510143,10.44030650891055,3.404511125704313
shenzhen/CHNCXR_0552_1,shenzhen,unet_resnet34_scratch,unet_resnet34,shenzhen,ood_test,True,512,42,False,0.9527332020919088,0.9097330345953746,8.94427190999916,3.062373807580975
shenzhen/CHNCXR_0553_1,shenzhen,unet_resnet34_scratch,unet_resnet34,shenzhen,ood_test,False,512,42,False,0.9512793881597583,0.9070856216800216,19.097105616132552,4.490447538367576
shenzhen/CHNCXR_0553_1,shenzhen,unet_resnet34_scratch,unet_resnet34,shenzhen,ood_test,True,512,42,False,0.9512793881597583,0.9070856216800216,19.097105616132552,4.490447538367576
shenzhen/CHNCXR_0554_1,shenzhen,unet_resnet34_scratch,unet_resnet34,shenzhen,ood_test,False,512,42,False,0.9350946585133977,0.8781012002512922,26.053775237492502,5.026227761073655
shenzhen/CHNCXR_0554_1,shenzhen,unet_resnet34_scratch,unet_resnet34,shenzhen,ood_test,True,512,42,False,0.935100146125903,0.8781108784305081,26.053775237492502,5.02529416872115
shenzhen/CHNCXR_0555_1,shenzhen,unet_resnet34_scratch,unet_resnet34,shenzhen,ood_test,False,512,42,False,0.9691782581568613,0.9401996667473689,6.0,2.435706921696392
shenzhen/CHNCXR_0555_1,shenzhen,unet_resnet34_scratch,unet_resnet34,shenzhen,ood_test,True,512,42,False,0.9691782581568613,0.9401996667473689,6.0,2.435706921696392
shenzhen/CHNCXR_0556_1,shenzhen,unet_resnet34_scratch,unet_resnet34,shenzhen,ood_test,False,512,42,False,0.9593556679815869,0.9218862184362641,8.596493114870109,3.251567841473737
shenzhen/CHNCXR_0556_1,shenzhen,unet_resnet34_scratch,unet_resnet34,shenzhen,ood_test,True,512,42,False,0.9593556679815869,0.9218862184362641,8.596493114870109,3.251567841473737
shenzhen/CHNCXR_0557_1,shenzhen,unet_resnet34_scratch,unet_resnet34,shenzhen,ood_test,False,512,42,False,0.9547879276417175,0.9134872748718414,24.020815280171306,4.3113214252591305
shenzhen/CHNCXR_0557_1,shenzhen,unet_resnet34_scratch,unet_resnet34,shenzhen,ood_test,True,512,42,False,0.954799246061382,0.9135079959169785,24.0,4.26787920259614
shenzhen/CHNCXR_0558_1,shenzhen,unet_resnet34_scratch,unet_resnet34,shenzhen,ood_test,False,512,42,False,0.9412299511107299,0.8889843003191782,68.9622419009797,7.75442373442787
shenzhen/CHNCXR_0558_1,shenzhen,unet_resnet34_scratch,unet_resnet34,shenzhen,ood_test,True,512,42,False,0.942223977607391,0.8907594402415663,42.965095818905866,5.893285366147615
shenzhen/CHNCXR_0559_1,shenzhen,unet_resnet34_scratch,unet_resnet34,shenzhen,ood_test,False,512,42,False,0.9687132904546459,0.9393249049837035,8.0,2.6888366766878846
shenzhen/CHNCXR_0559_1,shenzhen,unet_resnet34_scratch,unet_resnet34,shenzhen,ood_test,True,512,42,False,0.9687132904546459,0.9393249049837035,8.0,2.6888366766878846
shenzhen/CHNCXR_0566_1,shenzhen,unet_resnet34_scratch,unet_resnet34,shenzhen,ood_test,False,512,42,False,0.9649568838208638,0.932286654282581,6.395267345723229,3.1225040151605294
shenzhen/CHNCXR_0566_1,shenzhen,unet_resnet34_scratch,unet_resnet34,shenzhen,ood_test,True,512,42,False,0.9649568838208638,0.932286654282581,6.395267345723229,3.1225040151605294
shenzhen/CHNCXR_0567_1,shenzhen,unet_resnet34_scratch,unet_resnet34,shenzhen,ood_test,False,512,42,False,0.9433661472241043,0.8928032589016295,81.62583863409455,7.752902296171442
shenzhen/CHNCXR_0567_1,shenzhen,unet_resnet34_scratch,unet_resnet34,shenzhen,ood_test,True,512,42,False,0.9517873657967751,0.9080098204695412,7.0,3.2943421275401312
shenzhen/CHNCXR_0568_1,shenzhen,unet_resnet34_scratch,unet_resnet34,shenzhen,ood_test,False,512,42,False,0.9333467423761855,0.8750235708794476,16.0,4.759534411792627
shenzhen/CHNCXR_0568_1,shenzhen,unet_resnet34_scratch,unet_resnet34,shenzhen,ood_test,True,512,42,False,0.9333467423761855,0.8750235708794476,16.0,4.759534411792627
shenzhen/CHNCXR_0569_1,shenzhen,unet_resnet34_scratch,unet_resnet34,shenzhen,ood_test,False,512,42,False,0.753635986330281,0.6046676396820223,75.46521330829148,16.14376629917127
shenzhen/CHNCXR_0569_1,shenzhen,unet_resnet34_scratch,unet_resnet34,shenzhen,ood_test,True,512,42,False,0.7483376595669026,0.5978750301842304,160.0890373526686,29.552851579315696
shenzhen/CHNCXR_0570_1,shenzhen,unet_resnet34_scratch,unet_resnet34,shenzhen,ood_test,False,512,42,False,0.9613679043257668,0.9256096632577968,9.0,3.1594492157990914
shenzhen/CHNCXR_0570_1,shenzhen,unet_resnet34_scratch,unet_resnet34,shenzhen,ood_test,True,512,42,False,0.9613679043257668,0.9256096632577968,9.0,3.1594492157990914
shenzhen/CHNCXR_0571_1,shenzhen,unet_resnet34_scratch,unet_resnet34,shenzhen,ood_test,False,512,42,False,0.9544767199043738,0.9129177112317144,7.0,3.4678293790542813
shenzhen/CHNCXR_0571_1,shenzhen,unet_resnet34_scratch,unet_resnet34,shenzhen,ood_test,True,512,42,False,0.9544767199043738,0.9129177112317144,7.0,3.4678293790542813
shenzhen/CHNCXR_0572_1,shenzhen,unet_resnet34_scratch,unet_resnet34,shenzhen,ood_test,False,512,42,False,0.9055285295777676,0.8273660429252001,40.311288741492746,7.337980920125033
shenzhen/CHNCXR_0572_1,shenzhen,unet_resnet34_scratch,unet_resnet34,shenzhen,ood_test,True,512,42,False,0.9058125571308229,0.8278403878914952,38.81459310400028,6.870109038628814
shenzhen/CHNCXR_0573_1,shenzhen,unet_resnet34_scratch,unet_resnet34,shenzhen,ood_test,False,512,42,False,0.9588387327062525,0.9209320043171862,8.0,3.3209433382020954
shenzhen/CHNCXR_0573_1,shenzhen,unet_resnet34_scratch,unet_resnet34,shenzhen,ood_test,True,512,42,False,0.9588387327062525,0.9209320043171862,8.0,3.3209433382020954
shenzhen/CHNCXR_0574_1,shenzhen,unet_resnet34_scratch,unet_resnet34,shenzhen,ood_test,False,512,42,False,0.9184968798798264,0.8492780675267636,68.31359496130311,10.286080810246288
shenzhen/CHNCXR_0574_1,shenzhen,unet_resnet34_scratch,unet_resnet34,shenzhen,ood_test,True,512,42,False,0.9185677810106289,0.8493993103599745,65.24594641416597,9.967898048654579
shenzhen/CHNCXR_0575_1,shenzhen,unet_resnet34_scratch,unet_resnet34,shenzhen,ood_test,False,512,42,False,0.9015718761616484,0.8207836785999179,77.43222595940205,10.490457695078891
shenzhen/CHNCXR_0575_1,shenzhen,unet_resnet34_scratch,unet_resnet34,shenzhen,ood_test,True,512,42,False,0.9129385507908871,0.8398223959235165,25.955730042689744,7.027228611914913
shenzhen/CHNCXR_0576_1,shenzhen,unet_resnet34_scratch,unet_resnet34,shenzhen,ood_test,False,512,42,False,0.9632529296996358,0.9291108287584207,6.708203932499369,2.9784301224981453
shenzhen/CHNCXR_0576_1,shenzhen,unet_resnet34_scratch,unet_resnet34,shenzhen,ood_test,True,512,42,False,0.9632529296996358,0.9291108287584207,6.708203932499369,2.9784301224981453
shenzhen/CHNCXR_0577_1,shenzhen,unet_resnet34_scratch,unet_resnet34,shenzhen,ood_test,False,512,42,False,0.9459373713236535,0.8974204621138377,37.210884952123706,5.4398217295552405
shenzhen/CHNCXR_0577_1,shenzhen,unet_resnet34_scratch,unet_resnet34,shenzhen,ood_test,True,512,42,False,0.9513574430240531,0.9072275740625647,13.152946437965905,4.031770331490508
shenzhen/CHNCXR_0578_1,shenzhen,unet_resnet34_scratch,unet_resnet34,shenzhen,ood_test,False,512,42,False,0.9672756296559063,0.9366251610133104,5.830951894845301,2.6823260448298534
shenzhen/CHNCXR_0578_1,shenzhen,unet_resnet34_scratch,unet_resnet34,shenzhen,ood_test,True,512,42,False,0.9672756296559063,0.9366251610133104,5.830951894845301,2.6823260448298534
shenzhen/CHNCXR_0579_1,shenzhen,unet_resnet34_scratch,unet_resnet34,shenzhen,ood_test,False,512,42,False,0.9264965266084058,0.8630587134303914,57.40839474457725,8.909015998325652
shenzhen/CHNCXR_0579_1,shenzhen,unet_resnet34_scratch,unet_resnet34,shenzhen,ood_test,True,512,42,False,0.9279372502386847,0.8655624406736276,40.956959642766485,7.417898610731949
shenzhen/CHNCXR_0580_1,shenzhen,unet_resnet34_scratch,unet_resnet34,shenzhen,ood_test,False,512,42,False,0.9540198165523404,0.9120821136474992,10.251714139776352,3.7999893205491873
shenzhen/CHNCXR_0580_1,shenzhen,unet_resnet34_scratch,unet_resnet34,shenzhen,ood_test,True,512,42,False,0.9540198165523404,0.9120821136474992,10.251714139776352,3.7999893205491873
shenzhen/CHNCXR_0581_1,shenzhen,unet_resnet34_scratch,unet_resnet34,shenzhen,ood_test,False,512,42,False,0.9466651322183008,0.898731411229135,51.22254787080807,6.152983006233773
shenzhen/CHNCXR_0581_1,shenzhen,unet_resnet34_scratch,unet_resnet34,shenzhen,ood_test,True,512,42,False,0.9525543453786324,0.9094069378930818,17.313069675367295,4.224906987418912
shenzhen/CHNCXR_0582_1,shenzhen,unet_resnet34_scratch,unet_resnet34,shenzhen,ood_test,False,512,42,False,0.955066736261278,0.9139978306787692,10.0,3.676452902348779
shenzhen/CHNCXR_0582_1,shenzhen,unet_resnet34_scratch,unet_resnet34,shenzhen,ood_test,True,512,42,False,0.9555940195171446,0.91496413978341,8.523450915439886,3.27452146342088
shenzhen/CHNCXR_0583_1,shenzhen,unet_resnet34_scratch,unet_resnet34,shenzhen,ood_test,False,512,42,False,0.9682679719961296,0.9384878492814388,5.0,2.4289809754083547
shenzhen/CHNCXR_0583_1,shenzhen,unet_resnet34_scratch,unet_resnet34,shenzhen,ood_test,True,512,42,False,0.9682679719961296,0.9384878492814388,5.0,2.4289809754083547
shenzhen/CHNCXR_0584_1,shenzhen,unet_resnet34_scratch,unet_resnet34,shenzhen,ood_test,False,512,42,False,0.9307010844661677,0.8703843901324153,116.029157820151,12.641383596030566
shenzhen/CHNCXR_0584_1,shenzhen,unet_resnet34_scratch,unet_resnet34,shenzhen,ood_test,True,512,42,False,0.9312985266246867,0.8714300015731591,104.93730314239897,10.652788521701236
shenzhen/CHNCXR_0585_1,shenzhen,unet_resnet34_scratch,unet_resnet34,shenzhen,ood_test,False,512,42,False,0.9479736112040817,0.9010929966206185,39.81205847478876,5.5371413875523166
shenzhen/CHNCXR_0585_1,shenzhen,unet_resnet34_scratch,unet_resnet34,shenzhen,ood_test,True,512,42,False,0.9481428582055689,0.9013988882445296,40.1180740589339,5.472374833601782
shenzhen/CHNCXR_0586_1,shenzhen,unet_resnet34_scratch,unet_resnet34,shenzhen,ood_test,False,512,42,False,0.9173152383636481,0.8472597665244989,57.66702891887542,7.611363995557124
shenzhen/CHNCXR_0586_1,shenzhen,unet_resnet34_scratch,unet_resnet34,shenzhen,ood_test,True,512,42,False,0.91087570312329,0.8363376941781716,61.88061012797314,8.316245159810217
shenzhen/CHNCXR_0587_1,shenzhen,unet_resnet34_scratch,unet_resnet34,shenzhen,ood_test,False,512,42,False,0.9409968609551109,0.8885685285161594,12.74358734405941,4.264824055015513
shenzhen/CHNCXR_0587_1,shenzhen,unet_resnet34_scratch,unet_resnet34,shenzhen,ood_test,True,512,42,False,0.9409968609551109,0.8885685285161594,12.74358734405941,4.264824055015513
shenzhen/CHNCXR_0588_1,shenzhen,unet_resnet34_scratch,unet_resnet34,shenzhen,ood_test,False,512,42,False,0.958691373569966,0.9206601666757449,10.770329614269007,3.6536996962091326
shenzhen/CHNCXR_0588_1,shenzhen,unet_resnet34_scratch,unet_resnet34,shenzhen,ood_test,True,512,42,False,0.958691373569966,0.9206601666757449,10.770329614269007,3.6536996962091326
shenzhen/CHNCXR_0589_1,shenzhen,unet_resnet34_scratch,unet_resnet34,shenzhen,ood_test,False,512,42,False,0.9542893264727673,0.9125749125749125,8.94427190999916,3.5706906710681587
shenzhen/CHNCXR_0589_1,shenzhen,unet_resnet34_scratch,unet_resnet34,shenzhen,ood_test,True,512,42,False,0.9542893264727673,0.9125749125749125,8.94427190999916,3.5706906710681587
shenzhen/CHNCXR_0590_1,shenzhen,unet_resnet34_scratch,unet_resnet34,shenzhen,ood_test,False,512,42,False,0.9616366594061044,0.9261080604560759,8.06225774829855,3.2421970833099434
shenzhen/CHNCXR_0590_1,shenzhen,unet_resnet34_scratch,unet_resnet34,shenzhen,ood_test,True,512,42,False,0.9616419622375154,0.9261178969729156,8.06225774829855,3.240719587052132
shenzhen/CHNCXR_0591_1,shenzhen,unet_resnet34_scratch,unet_resnet34,shenzhen,ood_test,False,512,42,False,0.9661752308103551,0.9345638251322647,5.830951894845301,2.6916960940983166
shenzhen/CHNCXR_0591_1,shenzhen,unet_resnet34_scratch,unet_resnet34,shenzhen,ood_test,True,512,42,False,0.9661752308103551,0.9345638251322647,5.830951894845301,2.6916960940983166
shenzhen/CHNCXR_0592_1,shenzhen,unet_resnet34_scratch,unet_resnet34,shenzhen,ood_test,False,512,42,False,0.9645908341978398,0.9316035303304896,6.0,2.6892624931038194
shenzhen/CHNCXR_0592_1,shenzhen,unet_resnet34_scratch,unet_resnet34,shenzhen,ood_test,True,512,42,False,0.9645908341978398,0.9316035303304896,6.0,2.6892624931038194
shenzhen/CHNCXR_0593_1,shenzhen,unet_resnet34_scratch,unet_resnet34,shenzhen,ood_test,False,512,42,False,0.9419524108913285,0.890274143230982,63.88664460087081,8.108573210270135
shenzhen/CHNCXR_0593_1,shenzhen,unet_resnet34_scratch,unet_resnet34,shenzhen,ood_test,True,512,42,False,0.9419524108913285,0.890274143230982,63.88664460087081,8.108573210270135
shenzhen/CHNCXR_0594_1,shenzhen,unet_resnet34_scratch,unet_resnet34,shenzhen,ood_test,False,512,42,False,0.9378166794117809,0.8829141460180658,66.3460106002672,8.363456576461132
shenzhen/CHNCXR_0594_1,shenzhen,unet_resnet34_scratch,unet_resnet34,shenzhen,ood_test,True,512,42,False,0.9490315720322234,0.9030067381446794,15.0,4.426835148398519
shenzhen/CHNCXR_0595_1,shenzhen,unet_resnet34_scratch,unet_resnet34,shenzhen,ood_test,False,512,42,False,0.9010212263155674,0.8198713641163483,108.8834070409756,14.24371516443873
shenzhen/CHNCXR_0595_1,shenzhen,unet_resnet34_scratch,unet_resnet34,shenzhen,ood_test,True,512,42,False,0.9047437445708596,0.8260566785956088,90.08327768950298,11.572897853750208
shenzhen/CHNCXR_0596_1,shenzhen,unet_resnet34_scratch,unet_resnet34,shenzhen,ood_test,False,512,42,False,0.9555743103018899,0.9149280027553683,7.0,3.560753594600952
shenzhen/CHNCXR_0596_1,shenzhen,unet_resnet34_scratch,unet_resnet34,shenzhen,ood_test,True,512,42,False,0.9555743103018899,0.9149280027553683,7.0,3.560753594600952
shenzhen/CHNCXR_0597_1,shenzhen,unet_resnet34_scratch,unet_resnet34,shenzhen,ood_test,False,512,42,False,0.9556034411856629,0.9149814149814149,7.280109889280518,3.243247899355353
shenzhen/CHNCXR_0597_1,shenzhen,unet_resnet34_scratch,unet_resnet34,shenzhen,ood_test,True,512,42,False,0.9561932664532429,0.9160635160918996,6.324555320336759,3.0713454390877972
shenzhen/CHNCXR_0598_1,shenzhen,unet_resnet34_scratch,unet_resnet34,shenzhen,ood_test,False,512,42,False,0.9479517190929042,0.9010534367068803,10.44030650891055,4.552550691053508
shenzhen/CHNCXR_0598_1,shenzhen,unet_resnet34_scratch,unet_resnet34,shenzhen,ood_test,True,512,42,False,0.9479574979120818,0.9010638791025404,10.44030650891055,4.554042154082363
shenzhen/CHNCXR_0599_1,shenzhen,unet_resnet34_scratch,unet_resnet34,shenzhen,ood_test,False,512,42,False,0.8741756541199438,0.7764760615801048,61.97700464499781,10.674994781138743
shenzhen/CHNCXR_0599_1,shenzhen,unet_resnet34_scratch,unet_resnet34,shenzhen,ood_test,True,512,42,False,0.8741756541199438,0.7764760615801048,61.97700464499781,10.674994781138743
shenzhen/CHNCXR_0600_1,shenzhen,unet_resnet34_scratch,unet_resnet34,shenzhen,ood_test,False,512,42,False,0.945748264502801,0.897080111570102,12.649110640673518,4.345283173624161
shenzhen/CHNCXR_0600_1,shenzhen,unet_resnet34_scratch,unet_resnet34,shenzhen,ood_test,True,512,42,False,0.945748264502801,0.897080111570102,12.649110640673518,4.345283173624161
shenzhen/CHNCXR_0601_1,shenzhen,unet_resnet34_scratch,unet_resnet34,shenzhen,ood_test,False,512,42,False,0.9736166453477136,0.94858966772464,7.0,1.8422061670632692
shenzhen/CHNCXR_0601_1,shenzhen,unet_resnet34_scratch,unet_resnet34,shenzhen,ood_test,True,512,42,False,0.9736166453477136,0.94858966772464,7.0,1.8422061670632692
shenzhen/CHNCXR_0602_1,shenzhen,unet_resnet34_scratch,unet_resnet34,shenzhen,ood_test,False,512,42,False,0.9718437875559236,0.9452296993330518,7.867174773134649,2.662491383903633
shenzhen/CHNCXR_0602_1,shenzhen,unet_resnet34_scratch,unet_resnet34,shenzhen,ood_test,True,512,42,False,0.9718437875559236,0.9452296993330518,7.867174773134649,2.662491383903633
shenzhen/CHNCXR_0603_1,shenzhen,unet_resnet34_scratch,unet_resnet34,shenzhen,ood_test,False,512,42,False,0.7743260337434903,0.6317553077417971,160.11807979063283,29.902208790665497
shenzhen/CHNCXR_0603_1,shenzhen,unet_resnet34_scratch,unet_resnet34,shenzhen,ood_test,True,512,42,False,0.7709978106548132,0.6273364013009622,163.749426590676,33.06989067745841
shenzhen/CHNCXR_0604_1,shenzhen,unet_resnet34_scratch,unet_resnet34,shenzhen,ood_test,False,512,42,False,0.9422999356829058,0.8908952239605878,125.07184097472835,11.660642584723087
shenzhen/CHNCXR_0604_1,shenzhen,unet_resnet34_scratch,unet_resnet34,shenzhen,ood_test,True,512,42,False,0.9760834707197543,0.9532842207419825,5.0990195135927845,1.5520157033189643
shenzhen/CHNCXR_0605_1,shenzhen,unet_resnet34_scratch,unet_resnet34,shenzhen,ood_test,False,512,42,False,0.9769198788382728,0.9548811071892996,8.06225774829855,2.1271261964151704
shenzhen/CHNCXR_0605_1,shenzhen,unet_resnet34_scratch,unet_resnet34,shenzhen,ood_test,True,512,42,False,0.9771462178683665,0.955313686998339,7.0,2.000064018561175
shenzhen/CHNCXR_0606_1,shenzhen,unet_resnet34_scratch,unet_resnet34,shenzhen,ood_test,False,512,42,False,0.8672854707330934,0.7656699444778915,39.65728017832528,8.867199272532371
shenzhen/CHNCXR_0606_1,shenzhen,unet_resnet34_scratch,unet_resnet34,shenzhen,ood_test,True,512,42,False,0.8670923248896383,0.7653689209980601,82.37838869885519,11.628246246644958
shenzhen/CHNCXR_0607_1,shenzhen,unet_resnet34_scratch,unet_resnet34,shenzhen,ood_test,False,512,42,False,0.976094272033193,0.9533048261888775,6.324555320336759,1.9541258664366543
shenzhen/CHNCXR_0607_1,shenzhen,unet_resnet34_scratch,unet_resnet34,shenzhen,ood_test,True,512,42,False,0.976094272033193,0.9533048261888775,6.324555320336759,1.9541258664366543
shenzhen/CHNCXR_0608_1,shenzhen,unet_resnet34_scratch,unet_resnet34,shenzhen,ood_test,False,512,42,False,0.9691495793803044,0.9401456894179664,8.0,2.179617072001616
shenzhen/CHNCXR_0608_1,shenzhen,unet_resnet34_scratch,unet_resnet34,shenzhen,ood_test,True,512,42,False,0.9691495793803044,0.9401456894179664,8.0,2.179617072001616
shenzhen/CHNCXR_0609_1,shenzhen,unet_resnet34_scratch,unet_resnet34,shenzhen,ood_test,False,512,42,False,0.974317978673851,0.94992206006898,13.416407864998739,2.4028218436473945
shenzhen/CHNCXR_0609_1,shenzhen,unet_resnet34_scratch,unet_resnet34,shenzhen,ood_test,True,512,42,False,0.9743115223617537,0.9499097860640948,13.416407864998739,2.4237884098733944
shenzhen/CHNCXR_0610_1,shenzhen,unet_resnet34_scratch,unet_resnet34,shenzhen,ood_test,False,512,42,False,0.8477331220243748,0.7357090082409775,95.3834274985513,14.55267536062379
shenzhen/CHNCXR_0610_1,shenzhen,unet_resnet34_scratch,unet_resnet34,shenzhen,ood_test,True,512,42,False,0.8489395469629202,0.7375282025570319,72.66976500253736,12.455970945904241
shenzhen/CHNCXR_0611_1,shenzhen,unet_resnet34_scratch,unet_resnet34,shenzhen,ood_test,False,512,42,False,0.9606390491545523,0.924259323359358,56.17486763062868,5.3107643773648565
shenzhen/CHNCXR_0611_1,shenzhen,unet_resnet34_scratch,unet_resnet34,shenzhen,ood_test,True,512,42,False,0.96204913329508,0.9268734813519663,57.32574554163387,5.0590463226779585
shenzhen/CHNCXR_0612_1,shenzhen,unet_resnet34_scratch,unet_resnet34,shenzhen,ood_test,False,512,42,False,0.9816283622127165,0.9639195808178608,5.0297058540778306,1.4908779402772079
shenzhen/CHNCXR_0612_1,shenzhen,unet_resnet34_scratch,unet_resnet34,shenzhen,ood_test,True,512,42,False,0.981948725387098,0.9645375924316469,5.0297058540778306,1.3834880812498573
shenzhen/CHNCXR_0613_1,shenzhen,unet_resnet34_scratch,unet_resnet34,shenzhen,ood_test,False,512,42,False,0.9652958618022431,0.9329196880217289,62.691664097570666,5.458313064845511
shenzhen/CHNCXR_0613_1,shenzhen,unet_resnet34_scratch,unet_resnet34,shenzhen,ood_test,True,512,42,False,0.9728900986818598,0.9472112939747758,7.0,2.2442526964945557
shenzhen/CHNCXR_0614_1,shenzhen,unet_resnet34_scratch,unet_resnet34,shenzhen,ood_test,False,512,42,False,0.9774533714666713,0.9559010261162016,7.0710678118654755,1.9308060192014471
shenzhen/CHNCXR_0614_1,shenzhen,unet_resnet34_scratch,unet_resnet34,shenzhen,ood_test,True,512,42,False,0.9774533714666713,0.9559010261162016,7.0710678118654755,1.9308060192014471
shenzhen/CHNCXR_0615_1,shenzhen,unet_resnet34_scratch,unet_resnet34,shenzhen,ood_test,False,512,42,False,0.9148885318603694,0.8431286174026896,86.9769504272639,9.260436008428048
shenzhen/CHNCXR_0615_1,shenzhen,unet_resnet34_scratch,unet_resnet34,shenzhen,ood_test,True,512,42,False,0.9162693900890299,0.845477078629626,75.04165326881729,7.633325003531624
shenzhen/CHNCXR_0616_1,shenzhen,unet_resnet34_scratch,unet_resnet34,shenzhen,ood_test,False,512,42,False,0.9709311735192913,0.943504601961133,8.864218277062815,2.3761913326203725
shenzhen/CHNCXR_0616_1,shenzhen,unet_resnet34_scratch,unet_resnet34,shenzhen,ood_test,True,512,42,False,0.9709311735192913,0.943504601961133,8.864218277062815,2.3761913326203725
shenzhen/CHNCXR_0617_1,shenzhen,unet_resnet34_scratch,unet_resnet34,shenzhen,ood_test,False,512,42,False,0.9804718613529622,0.9616918103448275,5.0,1.5718326412762726
shenzhen/CHNCXR_0617_1,shenzhen,unet_resnet34_scratch,unet_resnet34,shenzhen,ood_test,True,512,42,False,0.9804718613529622,0.9616918103448275,5.0,1.5718326412762726
shenzhen/CHNCXR_0618_1,shenzhen,unet_resnet34_scratch,unet_resnet34,shenzhen,ood_test,False,512,42,False,0.9657268851977069,0.9337252137529561,30.06573244516675,3.734446945118756
shenzhen/CHNCXR_0618_1,shenzhen,unet_resnet34_scratch,unet_resnet34,shenzhen,ood_test,True,512,42,False,0.9641334307050814,0.9307505998203381,30.41134466398543,3.845266266519869
shenzhen/CHNCXR_0619_1,shenzhen,unet_resnet34_scratch,unet_resnet34,shenzhen,ood_test,False,512,42,False,0.9464051878400868,0.8982629535731262,60.2284208952172,6.589105061481738
shenzhen/CHNCXR_0619_1,shenzhen,unet_resnet34_scratch,unet_resnet34,shenzhen,ood_test,True,512,42,False,0.9656651903585726,0.9336098730867807,17.7073375364975,3.0898818634894534
shenzhen/CHNCXR_0620_1,shenzhen,unet_resnet34_scratch,unet_resnet34,shenzhen,ood_test,False,512,42,False,0.977776675737833,0.9565196298407539,7.280109889280518,1.9393123616494
shenzhen/CHNCXR_0620_1,shenzhen,unet_resnet34_scratch,unet_resnet34,shenzhen,ood_test,True,512,42,False,0.977776675737833,0.9565196298407539,7.280109889280518,1.9393123616494
shenzhen/CHNCXR_0621_1,shenzhen,unet_resnet34_scratch,unet_resnet34,shenzhen,ood_test,False,512,42,False,0.8971675548655114,0.8135121149397297,61.389730327120276,9.563569242315982
shenzhen/CHNCXR_0621_1,shenzhen,unet_resnet34_scratch,unet_resnet34,shenzhen,ood_test,True,512,42,False,0.8971675548655114,0.8135121149397297,61.389730327120276,9.563569242315982
shenzhen/CHNCXR_0622_1,shenzhen,unet_resnet34_scratch,unet_resnet34,shenzhen,ood_test,False,512,42,False,0.9297935249217523,0.8687982614324686,23.747612334996905,6.274229590811046
shenzhen/CHNCXR_0622_1,shenzhen,unet_resnet34_scratch,unet_resnet34,shenzhen,ood_test,True,512,42,False,0.9358311076246864,0.8794009243549992,13.45362404707371,5.368413919611228
shenzhen/CHNCXR_0623_1,shenzhen,unet_resnet34_scratch,unet_resnet34,shenzhen,ood_test,False,512,42,False,0.9647179882950672,0.9318407712950999,8.526387033993831,4.343942716759597
shenzhen/CHNCXR_0623_1,shenzhen,unet_resnet34_scratch,unet_resnet34,shenzhen,ood_test,True,512,42,False,0.9654071657045031,0.933127636015278,7.615773105863909,2.80268986860227
shenzhen/CHNCXR_0624_1,shenzhen,unet_resnet34_scratch,unet_resnet34,shenzhen,ood_test,False,512,42,False,0.8951154668195799,0.810143901863647,33.77857520803267,8.067566348325512
shenzhen/CHNCXR_0624_1,shenzhen,unet_resnet34_scratch,unet_resnet34,shenzhen,ood_test,True,512,42,False,0.8965994386789374,0.8125783782504792,25.515634618162206,6.201726175991299
shenzhen/CHNCXR_0625_1,shenzhen,unet_resnet34_scratch,unet_resnet34,shenzhen,ood_test,False,512,42,False,0.9514468614544871,0.9073902184626279,19.773526903779835,4.674414952826489
shenzhen/CHNCXR_0625_1,shenzhen,unet_resnet34_scratch,unet_resnet34,shenzhen,ood_test,True,512,42,False,0.9514468614544871,0.9073902184626279,19.773526903779835,4.674414952826489
shenzhen/CHNCXR_0626_1,shenzhen,unet_resnet34_scratch,unet_resnet34,shenzhen,ood_test,False,512,42,False,0.9487296151727771,0.9024601366742597,25.553864678361276,3.9457226189162906
shenzhen/CHNCXR_0626_1,shenzhen,unet_resnet34_scratch,unet_resnet34,shenzhen,ood_test,True,512,42,False,0.9487296151727771,0.9024601366742597,25.553864678361276,3.9457226189162906
shenzhen/CHNCXR_0627_1,shenzhen,unet_resnet34_scratch,unet_resnet34,shenzhen,ood_test,False,512,42,False,0.9411595887413274,0.8888587729878438,73.55270219373317,8.078460293449831
shenzhen/CHNCXR_0627_1,shenzhen,unet_resnet34_scratch,unet_resnet34,shenzhen,ood_test,True,512,42,False,0.9639411241668687,0.9303922263990354,7.615773105863909,2.9005190856428875
shenzhen/CHNCXR_0628_1,shenzhen,unet_resnet34_scratch,unet_resnet34,shenzhen,ood_test,False,512,42,False,0.9648214273751063,0.9320338083588967,7.810249675906654,2.815674362691479
shenzhen/CHNCXR_0628_1,shenzhen,unet_resnet34_scratch,unet_resnet34,shenzhen,ood_test,True,512,42,False,0.9648214273751063,0.9320338083588967,7.810249675906654,2.815674362691479
shenzhen/CHNCXR_0629_1,shenzhen,unet_resnet34_scratch,unet_resnet34,shenzhen,ood_test,False,512,42,False,0.9538363758341867,0.911746837493756,14.317821063276353,3.9028287659304293
shenzhen/CHNCXR_0629_1,shenzhen,unet_resnet34_scratch,unet_resnet34,shenzhen,ood_test,True,512,42,False,0.9559561472422164,0.9156283471399325,10.665191763118239,3.5851827913235903
shenzhen/CHNCXR_0630_1,shenzhen,unet_resnet34_scratch,unet_resnet34,shenzhen,ood_test,False,512,42,False,0.961740349504434,0.9263004192115055,9.848857801796104,2.8824939540527854
shenzhen/CHNCXR_0630_1,shenzhen,unet_resnet34_scratch,unet_resnet34,shenzhen,ood_test,True,512,42,False,0.961740349504434,0.9263004192115055,9.848857801796104,2.8824939540527854
shenzhen/CHNCXR_0631_1,shenzhen,unet_resnet34_scratch,unet_resnet34,shenzhen,ood_test,False,512,42,False,0.9520847461590627,0.9085512809069,73.51605526519195,6.528198057785489
shenzhen/CHNCXR_0631_1,shenzhen,unet_resnet34_scratch,unet_resnet34,shenzhen,ood_test,True,512,42,False,0.9522925908888906,0.9089299002827802,65.70936741175133,6.12223309447177
shenzhen/CHNCXR_0632_1,shenzhen,unet_resnet34_scratch,unet_resnet34,shenzhen,ood_test,False,512,42,False,0.9476565048754848,0.900520133650236,95.08180632253827,8.920267568395241
shenzhen/CHNCXR_0632_1,shenzhen,unet_resnet34_scratch,unet_resnet34,shenzhen,ood_test,True,512,42,False,0.9593761467889909,0.9219240399195966,10.679210143271662,2.9201972769924547
shenzhen/CHNCXR_0633_1,shenzhen,unet_resnet34_scratch,unet_resnet34,shenzhen,ood_test,False,512,42,False,0.8867080862279959,0.796474020208853,82.08471001425974,12.838192673975108
shenzhen/CHNCXR_0633_1,shenzhen,unet_resnet34_scratch,unet_resnet34,shenzhen,ood_test,True,512,42,False,0.8974014941607057,0.8138968894009216,81.05491960867684,10.545602115140817
shenzhen/CHNCXR_0634_1,shenzhen,unet_resnet34_scratch,unet_resnet34,shenzhen,ood_test,False,512,42,False,0.9667713254160042,0.9356799217803851,8.06225774829855,2.995983661167007
shenzhen/CHNCXR_0634_1,shenzhen,unet_resnet34_scratch,unet_resnet34,shenzhen,ood_test,True,512,42,False,0.9667713254160042,0.9356799217803851,8.06225774829855,2.995983661167007
shenzhen/CHNCXR_0635_1,shenzhen,unet_resnet34_scratch,unet_resnet34,shenzhen,ood_test,False,512,42,False,0.9230643590057691,0.8571211907831305,48.70743687382041,6.987595013587278
shenzhen/CHNCXR_0635_1,shenzhen,unet_resnet34_scratch,unet_resnet34,shenzhen,ood_test,True,512,42,False,0.9229701191267925,0.8569586930851812,52.41182725269613,6.917380752085213
shenzhen/CHNCXR_0636_1,shenzhen,unet_resnet34_scratch,unet_resnet34,shenzhen,ood_test,False,512,42,False,0.965361479460632,0.9330422754387482,7.0,2.6843124051178973
shenzhen/CHNCXR_0636_1,shenzhen,unet_resnet34_scratch,unet_resnet34,shenzhen,ood_test,True,512,42,False,0.965361479460632,0.9330422754387482,7.0,2.6843124051178973
shenzhen/CHNCXR_0637_1,shenzhen,unet_resnet34_scratch,unet_resnet34,shenzhen,ood_test,False,512,42,False,0.9246235982486612,0.8598139188686267,19.07350294090185,5.676773562632438
shenzhen/CHNCXR_0637_1,shenzhen,unet_resnet34_scratch,unet_resnet34,shenzhen,ood_test,True,512,42,False,0.9260764648821119,0.8623299840248436,18.35755975068582,5.520574967648905
shenzhen/CHNCXR_0638_1,shenzhen,unet_resnet34_scratch,unet_resnet34,shenzhen,ood_test,False,512,42,False,0.9417752881611547,0.8899577543645341,36.57246386214934,6.122804628850641
shenzhen/CHNCXR_0638_1,shenzhen,unet_resnet34_scratch,unet_resnet34,shenzhen,ood_test,True,512,42,False,0.9424605848268427,0.8911824668705403,37.18542280946528,5.998218389747415
shenzhen/CHNCXR_0639_1,shenzhen,unet_resnet34_scratch,unet_resnet34,shenzhen,ood_test,False,512,42,False,0.9388948745574881,0.8848273861328692,55.54277630799526,6.920405006725599
shenzhen/CHNCXR_0639_1,shenzhen,unet_resnet34_scratch,unet_resnet34,shenzhen,ood_test,True,512,42,False,0.9539477799602157,0.9119504377362101,13.892443989449804,3.9060129484118997
shenzhen/CHNCXR_0640_1,shenzhen,unet_resnet34_scratch,unet_resnet34,shenzhen,ood_test,False,512,42,False,0.9509675693350376,0.9065187515053627,16.077747210701755,3.6824702603553425
shenzhen/CHNCXR_0640_1,shenzhen,unet_resnet34_scratch,unet_resnet34,shenzhen,ood_test,True,512,42,False,0.9509675693350376,0.9065187515053627,16.077747210701755,3.6824702603553425
shenzhen/CHNCXR_0641_1,shenzhen,unet_resnet34_scratch,unet_resnet34,shenzhen,ood_test,False,512,42,False,0.9119340976766578,0.8381239552948118,40.173354411217424,7.212694961396152
shenzhen/CHNCXR_0641_1,shenzhen,unet_resnet34_scratch,unet_resnet34,shenzhen,ood_test,True,512,42,False,0.9116171224732461,0.8375886292375427,40.326163761411244,7.301350249777421
shenzhen/CHNCXR_0642_1,shenzhen,unet_resnet34_scratch,unet_resnet34,shenzhen,ood_test,False,512,42,False,0.9667947280780993,0.9357237659847895,7.0,2.9917777178078193
shenzhen/CHNCXR_0642_1,shenzhen,unet_resnet34_scratch,unet_resnet34,shenzhen,ood_test,True,512,42,False,0.9667947280780993,0.9357237659847895,7.0,2.9917777178078193
shenzhen/CHNCXR_0643_1,shenzhen,unet_resnet34_scratch,unet_resnet34,shenzhen,ood_test,False,512,42,False,0.9635635764212239,0.92968903301765,53.137546135990014,5.4467987887561655
shenzhen/CHNCXR_0643_1,shenzhen,unet_resnet34_scratch,unet_resnet34,shenzhen,ood_test,True,512,42,False,0.9635635764212239,0.92968903301765,53.137546135990014,5.4467987887561655
shenzhen/CHNCXR_0644_1,shenzhen,unet_resnet34_scratch,unet_resnet34,shenzhen,ood_test,False,512,42,False,0.9337429128986783,0.8757202406383151,27.167994694565177,5.785624534806929
shenzhen/CHNCXR_0644_1,shenzhen,unet_resnet34_scratch,unet_resnet34,shenzhen,ood_test,True,512,42,False,0.9339498913224183,0.8760844201601072,25.495097567963924,5.647221698042167
shenzhen/CHNCXR_0645_1,shenzhen,unet_resnet34_scratch,unet_resnet34,shenzhen,ood_test,False,512,42,False,0.9412476828207166,0.8890159365396985,34.09246743222639,6.718317579359066
shenzhen/CHNCXR_0645_1,shenzhen,unet_resnet34_scratch,unet_resnet34,shenzhen,ood_test,True,512,42,False,0.9484538702483593,0.9019612582021196,10.0,4.194430979082393
shenzhen/CHNCXR_0646_1,shenzhen,unet_resnet34_scratch,unet_resnet34,shenzhen,ood_test,False,512,42,False,0.9148646461183954,0.8430880468928239,94.9428753015394,12.060434392679987
shenzhen/CHNCXR_0646_1,shenzhen,unet_resnet34_scratch,unet_resnet34,shenzhen,ood_test,True,512,42,False,0.929099137430859,0.8675865058152135,13.96061355245127,4.706961264364904
shenzhen/CHNCXR_0647_1,shenzhen,unet_resnet34_scratch,unet_resnet34,shenzhen,ood_test,False,512,42,False,0.9600889593821116,0.9232414330476301,7.211102550927978,2.7095379748124127
shenzhen/CHNCXR_0647_1,shenzhen,unet_resnet34_scratch,unet_resnet34,shenzhen,ood_test,True,512,42,False,0.9600889593821116,0.9232414330476301,7.211102550927978,2.7095379748124127
shenzhen/CHNCXR_0648_1,shenzhen,unet_resnet34_scratch,unet_resnet34,shenzhen,ood_test,False,512,42,False,0.8225772218527585,0.6986251982887084,44.553338819890925,11.213575960573884
shenzhen/CHNCXR_0648_1,shenzhen,unet_resnet34_scratch,unet_resnet34,shenzhen,ood_test,True,512,42,False,0.8012973192114732,0.6684704489726896,145.92441935279362,19.943345884665664
shenzhen/CHNCXR_0649_1,shenzhen,unet_resnet34_scratch,unet_resnet34,shenzhen,ood_test,False,512,42,False,0.9637348895373072,0.9300080450522928,6.391338899868428,2.8032180577527375
shenzhen/CHNCXR_0649_1,shenzhen,unet_resnet34_scratch,unet_resnet34,shenzhen,ood_test,True,512,42,False,0.9637348895373072,0.9300080450522928,6.391338899868428,2.8032180577527375
shenzhen/CHNCXR_0650_1,shenzhen,unet_resnet34_scratch,unet_resnet34,shenzhen,ood_test,False,512,42,False,0.9649301682667634,0.9322367812140524,9.0,2.8003893260052615
shenzhen/CHNCXR_0650_1,shenzhen,unet_resnet34_scratch,unet_resnet34,shenzhen,ood_test,True,512,42,False,0.9649301682667634,0.9322367812140524,9.0,2.8003893260052615
shenzhen/CHNCXR_0651_1,shenzhen,unet_resnet34_scratch,unet_resnet34,shenzhen,ood_test,False,512,42,False,0.957752605559703,0.9189301989802825,82.16430492550555,7.152303755115158
shenzhen/CHNCXR_0651_1,shenzhen,unet_resnet34_scratch,unet_resnet34,shenzhen,ood_test,True,512,42,False,0.9673052832809893,0.9366807708227936,8.0,2.7412782237329467
shenzhen/CHNCXR_0652_1,shenzhen,unet_resnet34_scratch,unet_resnet34,shenzhen,ood_test,False,512,42,False,0.9642152204108487,0.9309030596040513,6.082762530298219,2.429784039988836
shenzhen/CHNCXR_0652_1,shenzhen,unet_resnet34_scratch,unet_resnet34,shenzhen,ood_test,True,512,42,False,0.9642152204108487,0.9309030596040513,6.082762530298219,2.429784039988836
shenzhen/CHNCXR_0653_1,shenzhen,unet_resnet34_scratch,unet_resnet34,shenzhen,ood_test,False,512,42,False,0.9488749984278905,0.902723269838231,16.0,4.208625448656484
shenzhen/CHNCXR_0653_1,shenzhen,unet_resnet34_scratch,unet_resnet34,shenzhen,ood_test,True,512,42,False,0.949179410081084,0.9032744687219395,15.028301921616968,4.096468146247689
shenzhen/CHNCXR_0654_1,shenzhen,unet_resnet34_scratch,unet_resnet34,shenzhen,ood_test,False,512,42,False,0.9683082273805537,0.9385634867689571,7.0710678118654755,3.0510176822619632
shenzhen/CHNCXR_0654_1,shenzhen,unet_resnet34_scratch,unet_resnet34,shenzhen,ood_test,True,512,42,False,0.9683082273805537,0.9385634867689571,7.0710678118654755,3.0510176822619632
shenzhen/CHNCXR_0655_1,shenzhen,unet_resnet34_scratch,unet_resnet34,shenzhen,ood_test,False,512,42,False,0.9571259010508641,0.9177770375305352,10.0,3.742211130699709
shenzhen/CHNCXR_0655_1,shenzhen,unet_resnet34_scratch,unet_resnet34,shenzhen,ood_test,True,512,42,False,0.9571259010508641,0.9177770375305352,10.0,3.742211130699709
shenzhen/CHNCXR_0656_1,shenzhen,unet_resnet34_scratch,unet_resnet34,shenzhen,ood_test,False,512,42,False,0.9441696714423987,0.89424374911853,43.03253300352685,5.129064279709952
shenzhen/CHNCXR_0656_1,shenzhen,unet_resnet34_scratch,unet_resnet34,shenzhen,ood_test,True,512,42,False,0.9502949331449186,0.9052970812001551,7.0710678118654755,3.073436182171715
shenzhen/CHNCXR_0657_1,shenzhen,unet_resnet34_scratch,unet_resnet34,shenzhen,ood_test,False,512,42,False,0.9550361694598656,0.9139418432944364,8.94427190999916,3.810627804335612
shenzhen/CHNCXR_0657_1,shenzhen,unet_resnet34_scratch,unet_resnet34,shenzhen,ood_test,True,512,42,False,0.9548239608234502,0.9135532436963594,9.0,3.8650202224527126
shenzhen/CHNCXR_0658_1,shenzhen,unet_resnet34_scratch,unet_resnet34,shenzhen,ood_test,False,512,42,False,0.9024054885395552,0.8221665461307986,40.80441152620633,6.653912303209887
shenzhen/CHNCXR_0658_1,shenzhen,unet_resnet34_scratch,unet_resnet34,shenzhen,ood_test,True,512,42,False,0.8968218169841986,0.8129437572201814,48.0,8.660534551760021
shenzhen/CHNCXR_0659_1,shenzhen,unet_resnet34_scratch,unet_resnet34,shenzhen,ood_test,False,512,42,False,0.9694673815207607,0.9407440037671077,6.344197549610781,2.803301299003627
shenzhen/CHNCXR_0659_1,shenzhen,unet_resnet34_scratch,unet_resnet34,shenzhen,ood_test,True,512,42,False,0.969877301093876,0.9415162893932714,5.830951894845301,2.315797432481273
shenzhen/CHNCXR_0660_1,shenzhen,unet_resnet34_scratch,unet_resnet34,shenzhen,ood_test,False,512,42,False,0.8685077072363712,0.7675772188558816,67.370769669495,9.539151171257744
shenzhen/CHNCXR_0660_1,shenzhen,unet_resnet34_scratch,unet_resnet34,shenzhen,ood_test,True,512,42,False,0.8685077072363712,0.7675772188558816,67.370769669495,9.539151171257744
shenzhen/CHNCXR_0661_1,shenzhen,unet_resnet34_scratch,unet_resnet34,shenzhen,ood_test,False,512,42,False,0.9692827249664712,0.9403963127861039,8.0,2.796984816378946
shenzhen/CHNCXR_0661_1,shenzhen,unet_resnet34_scratch,unet_resnet34,shenzhen,ood_test,True,512,42,False,0.9698364366360378,0.9414392734577718,7.211102550927978,2.67098127256118
shenzhen/CHNCXR_0662_1,shenzhen,unet_resnet34_scratch,unet_resnet34,shenzhen,ood_test,False,512,42,False,0.9653845770499646,0.9330854302339023,8.48528137423857,3.205158687584183
shenzhen/CHNCXR_0662_1,shenzhen,unet_resnet34_scratch,unet_resnet34,shenzhen,ood_test,True,512,42,False,0.9653845770499646,0.9330854302339023,8.48528137423857,3.205158687584183
